y	offset	x1	x2	x3	x4	x5	x6	x7	x8	x9	x10	x11	x12	x13	x14	x15	x16	x17	x18	x19	x20	x21	x22	x23	x24	x25	x26	x27	x28	x29	x30	x31	x32	x33	x34	x35	x36	x37	x38	x39	x40	x41	x42	x43	x44	x45	x46	x47	x48	x49	x50
244	5.4806389233419912	0.027777777777777776	0.1111111111111111	0.027777777777777776	0	0	0.1111111111111111	0.44444444444444442	0.1111111111111111	0	0	0.027777777777777776	0.1111111111111111	0.027777777777777776	0	0	0	0	0	0	0	0	0	0	0	0	0	0	0	0	0	0	0	0	0	0	0	0	0	0	0	0	0	0	0	0	0	0	0	0	0
237	5.4806389233419912	0.010123096857790732	0.099449303530936173	0.056446388079041135	0.00064787819889860696	0	0.040492387431162929	0.39779721412374469	0.22578555231616454	0.0025915127955944278	0	0.010123096857790732	0.099449303530936173	0.056446388079041135	0.00064787819889860696	0	0	0	0	0	0	0	0	0	0	0	0	0	0	0	0	0	0	0	0	0	0	0	0	0	0	0	0	0	0	0	0	0	0	0	0
268	5.4806389233419912	0.0021865889212827985	0.072238419177194674	0.087058632977000311	0.0051830255911888556	0	0.0087463556851311939	0.2889536767087787	0.34823453190800124	0.020732102364755423	0	0.0021865889212827985	0.072238419177194674	0.087058632977000311	0.0051830255911888556	0	0	0	0	0	0	0	0	0	0	0	0	0	0	0	0	0	0	0	0	0	0	0	0	0	0	0	0	0	0	0	0	0	0	0	0
232	5.4806389233419912	8.0984774862325869e-05	0.04114026563006154	0.10795270489148037	0.017492711370262388	0	0.00032393909944930348	0.16456106252024616	0.43181081956592149	0.069970845481049551	0	8.0984774862325869e-05	0.04114026563006154	0.10795270489148037	0.017492711370262388	0	0	0	0	0	0	0	0	0	0	0	0	0	0	0	0	0	0	0	0	0	0	0	0	0	0	0	0	0	0	0	0	0	0	0	0
222	5.4806389233419912	0	0.017492711370262388	0.10795270489148037	0.04114026563006154	8.0984774862325869e-05	0	0.069970845481049551	0.43181081956592149	0.16456106252024616	0.00032393909944930348	0	0.017492711370262388	0.10795270489148037	0.04114026563006154	8.0984774862325869e-05	0	0	0	0	0	0	0	0	0	0	0	0	0	0	0	0	0	0	0	0	0	0	0	0	0	0	0	0	0	0	0	0	0	0	0
238	5.4806389233419912	0	0.0051830255911888556	0.087058632977000311	0.072238419177194674	0.0021865889212827985	0	0.020732102364755423	0.34823453190800124	0.2889536767087787	0.0087463556851311939	0	0.0051830255911888556	0.087058632977000311	0.072238419177194674	0.0021865889212827985	0	0	0	0	0	0	0	0	0	0	0	0	0	0	0	0	0	0	0	0	0	0	0	0	0	0	0	0	0	0	0	0	0	0	0
210	5.4806389233419912	0	0.00064787819889860696	0.056446388079041135	0.099449303530936173	0.010123096857790732	0	0.0025915127955944278	0.22578555231616454	0.39779721412374469	0.040492387431162929	0	0.00064787819889860696	0.056446388079041135	0.099449303530936173	0.010123096857790732	0	0	0	0	0	0	0	0	0	0	0	0	0	0	0	0	0	0	0	0	0	0	0	0	0	0	0	0	0	0	0	0	0	0	0
225	5.4806389233419912	0	0	0.027777777777777776	0.1111111111111111	0.027777777777777776	0	0	0.1111111111111111	0.44444444444444442	0.1111111111111111	0	0	0.027777777777777776	0.1111111111111111	0.027777777777777776	0	0	0	0	0	0	0	0	0	0	0	0	0	0	0	0	0	0	0	0	0	0	0	0	0	0	0	0	0	0	0	0	0	0	0
266	5.5606389233419913	0.015597656250000001	0.062390625000000005	0.015597656250000001	0	0	0.10645355902777777	0.42581423611111108	0.10645355902777777	0	0	0.044466579861111105	0.17786631944444442	0.044466579861111105	0	0	0.00014887152777777774	0.00059548611111111098	0.00014887152777777774	0	0	0	0	0	0	0	0	0	0	0	0	0	0	0	0	0	0	0	0	0	0	0	0	0	0	0	0	0	0	0	0
243	5.5606389233419913	0.0056842770590378993	0.055842337827988336	0.03169552888119534	0.00036379373177842568	0	0.038795028800210546	0.38112236293326851	0.21632108058997407	0.0024828818432134758	0	0.01620502181527372	0.15919813431324906	0.0903592016419663	0.0010371213961775185	0	5.4253472222222199e-05	0.00053298611111111092	0.00030251736111111104	3.4722222222222215e-06	0	0	0	0	0	0	0	0	0	0	0	0	0	0	0	0	0	0	0	0	0	0	0	0	0	0	0	0	0	0	0
282	5.5606389233419913	0.0012278038447521866	0.040563001093294464	0.048884782707725949	0.0029103498542274054	0	0.0083797262208454796	0.27684132551830254	0.3336372476818108	0.019863054745707806	0	0.0035002847120991247	0.1156390356737933	0.13936318761135405	0.0082969711694201483	0	1.1718749999999997e-05	0.00038715277777777771	0.00046657986111111103	2.7777777777777772e-05	0	0	0	0	0	0	0	0	0	0	0	0	0	0	0	0	0	0	0	0	0	0	0	0	0	0	0	0	0	0	0
221	5.5606389233419913	4.5474216472303209e-05	0.023100901967930028	0.060617130557580168	0.0098224307580174926	0	0.00031036023040168447	0.15766299704405567	0.41371018712544533	0.067037809766763837	0	0.00012964017452218982	0.065857208657272404	0.17281035263807898	0.028002277696792997	0	4.3402777777777769e-07	0.00022048611111111102	0.00057855902777777756	9.3749999999999975e-05	0	0	0	0	0	0	0	0	0	0	0	0	0	0	0	0	0	0	0	0	0	0	0	0	0	0	0	0	0	0	0
235	5.5606389233419913	0	0.0098224307580174926	0.060617130557580168	0.023100901967930028	4.5474216472303209e-05	0	0.067037809766763837	0.41371018712544533	0.15766299704405567	0.00031036023040168447	0	0.028002277696792997	0.17281035263807898	0.065857208657272404	0.00012964017452218982	0	9.3749999999999975e-05	0.00057855902777777756	0.00022048611111111102	4.3402777777777769e-07	0	0	0	0	0	0	0	0	0	0	0	0	0	0	0	0	0	0	0	0	0	0	0	0	0	0	0	0	0	0
241	5.5606389233419913	0	0.0029103498542274054	0.048884782707725949	0.040563001093294464	0.0012278038447521866	0	0.019863054745707806	0.3336372476818108	0.27684132551830254	0.0083797262208454796	0	0.0082969711694201483	0.13936318761135405	0.1156390356737933	0.0035002847120991247	0	2.7777777777777772e-05	0.00046657986111111103	0.00038715277777777771	1.1718749999999997e-05	0	0	0	0	0	0	0	0	0	0	0	0	0	0	0	0	0	0	0	0	0	0	0	0	0	0	0	0	0	0
247	5.5606389233419913	0	0.00036379373177842568	0.03169552888119534	0.055842337827988336	0.0056842770590378993	0	0.0024828818432134758	0.21632108058997407	0.38112236293326851	0.038795028800210546	0	0.0010371213961775185	0.0903592016419663	0.15919813431324906	0.01620502181527372	0	3.4722222222222215e-06	0.00030251736111111104	0.00053298611111111092	5.4253472222222199e-05	0	0	0	0	0	0	0	0	0	0	0	0	0	0	0	0	0	0	0	0	0	0	0	0	0	0	0	0	0	0
244	5.5606389233419913	0	0	0.015597656250000001	0.062390625000000005	0.015597656250000001	0	0	0.10645355902777777	0.42581423611111108	0.10645355902777777	0	0	0.044466579861111105	0.17786631944444442	0.044466579861111105	0	0	0.00014887152777777774	0.00059548611111111098	0.00014887152777777774	0	0	0	0	0	0	0	0	0	0	0	0	0	0	0	0	0	0	0	0	0	0	0	0	0	0	0	0	0	0
278	5.6406389233419914	0.0076284722222222249	0.030513888888888899	0.0076284722222222249	0	0	0.094267361111111128	0.37706944444444451	0.094267361111111128	0	0	0.063579861111111108	0.25431944444444443	0.063579861111111108	0	0	0.001190972222222222	0.0047638888888888878	0.001190972222222222	0	0	0	0	0	0	0	0	0	0	0	0	0	0	0	0	0	0	0	0	0	0	0	0	0	0	0	0	0	0	0	0
302	5.6406389233419914	0.0027800554745707811	0.027311264982183357	0.015501589326206679	0.00017792355037253002	0	0.03435399457402008	0.33749364269517335	0.19155787374473604	0.002198655652737286	0	0.023170503320375763	0.22762702461937151	0.12919872651441527	0.0014829122125040492	0	0.00043402777777777759	0.0042638888888888874	0.0024201388888888883	2.7777777777777772e-05	0	0	0	0	0	0	0	0	0	0	0	0	0	0	0	0	0	0	0	0	0	0	0	0	0	0	0	0	0	0	0
276	5.6406389233419914	0.00060049198250728883	0.019838475866537097	0.023908477081308721	0.0014233884029802401	0	0.0074204628279883394	0.24515010528020736	0.29544435333657276	0.017589245221898288	0	0.005004828717201165	0.16534471169420148	0.1992663285552316	0.011863297700032393	0	9.3749999999999975e-05	0.0030972222222222217	0.0037326388888888882	0.00022222222222222218	0	0	0	0	0	0	0	0	0	0	0	0	0	0	0	0	0	0	0	0	0	0	0	0	0	0	0	0	0	0	0
283	5.6406389233419914	2.2240443796566252e-05	0.011298145448655655	0.02964651158082281	0.0048039358600583107	0	0.00027483195659216075	0.13961463394881762	0.36635099813735017	0.059363702623906715	0	0.00018536402656300614	0.094164925494007096	0.24709024740848715	0.04003862973760932	0	3.4722222222222215e-06	0.0017638888888888882	0.0046284722222222205	0.0007499999999999998	0	0	0	0	0	0	0	0	0	0	0	0	0	0	0	0	0	0	0	0	0	0	0	0	0	0	0	0	0	0	0
270	5.6406389233419914	0	0.0048039358600583107	0.02964651158082281	0.011298145448655655	2.2240443796566252e-05	0	0.059363702623906715	0.36635099813735017	0.13961463394881762	0.00027483195659216075	0	0.04003862973760932	0.24709024740848715	0.094164925494007096	0.00018536402656300614	0	0.0007499999999999998	0.0046284722222222205	0.0017638888888888882	3.4722222222222215e-06	0	0	0	0	0	0	0	0	0	0	0	0	0	0	0	0	0	0	0	0	0	0	0	0	0	0	0	0	0	0
254	5.6406389233419914	0	0.0014233884029802401	0.023908477081308721	0.019838475866537097	0.00060049198250728883	0	0.017589245221898288	0.29544435333657276	0.24515010528020736	0.0074204628279883394	0	0.011863297700032393	0.1992663285552316	0.16534471169420148	0.005004828717201165	0	0.00022222222222222218	0.0037326388888888882	0.0030972222222222217	9.3749999999999975e-05	0	0	0	0	0	0	0	0	0	0	0	0	0	0	0	0	0	0	0	0	0	0	0	0	0	0	0	0	0	0
261	5.6406389233419914	0	0.00017792355037253002	0.015501589326206679	0.027311264982183357	0.0027800554745707811	0	0.002198655652737286	0.19155787374473604	0.33749364269517335	0.03435399457402008	0	0.0014829122125040492	0.12919872651441527	0.22762702461937151	0.023170503320375763	0	2.7777777777777772e-05	0.0024201388888888883	0.0042638888888888874	0.00043402777777777759	0	0	0	0	0	0	0	0	0	0	0	0	0	0	0	0	0	0	0	0	0	0	0	0	0	0	0	0	0	0
291	5.6406389233419914	0	0	0.0076284722222222249	0.030513888888888899	0.0076284722222222249	0	0	0.094267361111111128	0.37706944444444451	0.094267361111111128	0	0	0.063579861111111108	0.25431944444444443	0.063579861111111108	0	0	0.001190972222222222	0.0047638888888888878	0.001190972222222222	0	0	0	0	0	0	0	0	0	0	0	0	0	0	0	0	0	0	0	0	0	0	0	0	0	0	0	0	0	0
299	5.7206389233419914	0.0029769965277777798	0.011907986111111119	0.0029769965277777798	0	0	0.077232204861111126	0.3089288194444445	0.077232204861111126	0	0	0.082437934027777771	0.32975173611111108	0.082437934027777771	0	0	0.0040195312499999997	0.016078124999999999	0.0040195312499999997	0	0	0	0	0	0	0	0	0	0	0	0	0	0	0	0	0	0	0	0	0	0	0	0	0	0	0	0	0	0	0	0
286	5.7206389233419914	0.001084911271056042	0.010658168326854558	0.0060494652474084917	6.943432134758671e-05	0	0.028145847252591508	0.27650480340945904	0.15694124428045031	0.001801334224165857	0	0.030042978873096846	0.29514222444930349	0.16751965019638806	0.0019227506478781986	0	0.0014648437499999993	0.014390624999999997	0.008167968749999999	9.3749999999999988e-05	0	0	0	0	0	0	0	0	0	0	0	0	0	0	0	0	0	0	0	0	0	0	0	0	0	0	0	0	0	0	0
318	5.7206389233419914	0.00023434083454810511	0.0077419268302559175	0.0093302369310819637	0.00055547457078069368	0	0.0060795030065597675	0.20084876599449306	0.24205428637228704	0.014410673793326856	0	0.0064892834365889197	0.21438669723841913	0.25836961830863292	0.015382005183025588	0	0.00031640624999999996	0.010453124999999999	0.012597656249999999	0.00074999999999999991	0	0	0	0	0	0	0	0	0	0	0	0	0	0	0	0	0	0	0	0	0	0	0	0	0	0	0	0	0	0	0
285	5.7206389233419914	8.6792901684483387e-06	0.0044090794055717548	0.011569493794541632	0.0018747266763848409	0	0.00022516677802073213	0.1143847232345319	0.30014731510163589	0.04863602405247814	0	0.00024034383098477482	0.1220946661402656	0.32037832670270483	0.051914267492711358	0	1.1718749999999999e-05	0.0059531249999999983	0.015621093749999995	0.0025312499999999996	0	0	0	0	0	0	0	0	0	0	0	0	0	0	0	0	0	0	0	0	0	0	0	0	0	0	0	0	0	0	0
296	5.7206389233419914	0	0.0018747266763848409	0.011569493794541632	0.0044090794055717548	8.6792901684483387e-06	0	0.04863602405247814	0.30014731510163589	0.1143847232345319	0.00022516677802073213	0	0.051914267492711358	0.32037832670270483	0.1220946661402656	0.00024034383098477482	0	0.0025312499999999996	0.015621093749999995	0.0059531249999999983	1.1718749999999999e-05	0	0	0	0	0	0	0	0	0	0	0	0	0	0	0	0	0	0	0	0	0	0	0	0	0	0	0	0	0	0
272	5.7206389233419914	0	0.00055547457078069368	0.0093302369310819637	0.0077419268302559175	0.00023434083454810511	0	0.014410673793326856	0.24205428637228704	0.20084876599449306	0.0060795030065597675	0	0.015382005183025588	0.25836961830863292	0.21438669723841913	0.0064892834365889197	0	0.00074999999999999991	0.012597656249999999	0.010453124999999999	0.00031640624999999996	0	0	0	0	0	0	0	0	0	0	0	0	0	0	0	0	0	0	0	0	0	0	0	0	0	0	0	0	0	0
293	5.7206389233419914	0	6.943432134758671e-05	0.0060494652474084917	0.010658168326854558	0.001084911271056042	0	0.001801334224165857	0.15694124428045031	0.27650480340945904	0.028145847252591508	0	0.0019227506478781986	0.16751965019638806	0.29514222444930349	0.030042978873096846	0	9.3749999999999988e-05	0.008167968749999999	0.014390624999999997	0.0014648437499999993	0	0	0	0	0	0	0	0	0	0	0	0	0	0	0	0	0	0	0	0	0	0	0	0	0	0	0	0	0	0
273	5.7206389233419914	0	0	0.0029769965277777798	0.011907986111111119	0.0029769965277777798	0	0	0.077232204861111126	0.3089288194444445	0.077232204861111126	0	0	0.082437934027777771	0.32975173611111108	0.082437934027777771	0	0	0.0040195312499999997	0.016078124999999999	0.0040195312499999997	0	0	0	0	0	0	0	0	0	0	0	0	0	0	0	0	0	0	0	0	0	0	0	0	0	0	0	0	0	0
363	5.8006389233419915	0.00075000000000000077	0.0030000000000000031	0.00075000000000000077	0	0	0.058027777777777789	0.23211111111111116	0.058027777777777789	0	0	0.09836111111111108	0.39344444444444432	0.09836111111111108	0	0	0.0095277777777777756	0.038111111111111103	0.0095277777777777756	0	0	0	0	0	0	0	0	0	0	0	0	0	0	0	0	0	0	0	0	0	0	0	0	0	0	0	0	0	0	0	0
327	5.8006389233419915	0.00027332361516035008	0.0026851311953352795	0.0015240524781341125	1.7492711370262407e-05	0	0.021147149335924844	0.2077495950761257	0.11791650469711697	0.0013534175574991902	0	0.035845885973436971	0.35214998380304491	0.19987666018788461	0.0022941367022999669	0	0.0034722222222222207	0.034111111111111099	0.019361111111111107	0.00022222222222222218	0	0	0	0	0	0	0	0	0	0	0	0	0	0	0	0	0	0	0	0	0	0	0	0	0	0	0	0	0	0	0
317	5.8006389233419915	5.9037900874635629e-05	0.0019504373177842585	0.002350583090379011	0.00013994169096209926	0	0.0045677842565597674	0.15090605766115972	0.18186548428895372	0.010827340459993522	0	0.0077427113702623878	0.25579624230644632	0.30827461937155803	0.018353093618399735	0	0.0007499999999999998	0.024777777777777774	0.029861111111111106	0.0017777777777777774	0	0	0	0	0	0	0	0	0	0	0	0	0	0	0	0	0	0	0	0	0	0	0	0	0	0	0	0	0	0	0
343	5.8006389233419915	2.1865889212828009e-06	0.0011107871720116627	0.0029147230320699736	0.00047230320699708503	0	0.00016917719468739878	0.085942014901198571	0.22551320051830256	0.036542274052478139	0	0.00028676708778749586	0.14567768059604788	0.3822605280207319	0.061941690962099102	0	2.7777777777777772e-05	0.014111111111111106	0.037027777777777764	0.0059999999999999984	0	0	0	0	0	0	0	0	0	0	0	0	0	0	0	0	0	0	0	0	0	0	0	0	0	0	0	0	0	0	0
312	5.8006389233419915	0	0.00047230320699708503	0.0029147230320699736	0.0011107871720116627	2.1865889212828009e-06	0	0.036542274052478139	0.22551320051830256	0.085942014901198571	0.00016917719468739878	0	0.061941690962099102	0.3822605280207319	0.14567768059604788	0.00028676708778749586	0	0.0059999999999999984	0.037027777777777764	0.014111111111111106	2.7777777777777772e-05	0	0	0	0	0	0	0	0	0	0	0	0	0	0	0	0	0	0	0	0	0	0	0	0	0	0	0	0	0	0
320	5.8006389233419915	0	0.00013994169096209926	0.002350583090379011	0.0019504373177842585	5.9037900874635629e-05	0	0.010827340459993522	0.18186548428895372	0.15090605766115972	0.0045677842565597674	0	0.018353093618399735	0.30827461937155803	0.25579624230644632	0.0077427113702623878	0	0.0017777777777777774	0.029861111111111106	0.024777777777777774	0.0007499999999999998	0	0	0	0	0	0	0	0	0	0	0	0	0	0	0	0	0	0	0	0	0	0	0	0	0	0	0	0	0	0
332	5.8006389233419915	0	1.7492711370262407e-05	0.0015240524781341125	0.0026851311953352795	0.00027332361516035008	0	0.0013534175574991902	0.11791650469711697	0.2077495950761257	0.021147149335924844	0	0.0022941367022999669	0.19987666018788461	0.35214998380304491	0.035845885973436971	0	0.00022222222222222218	0.019361111111111107	0.034111111111111099	0.0034722222222222207	0	0	0	0	0	0	0	0	0	0	0	0	0	0	0	0	0	0	0	0	0	0	0	0	0	0	0	0	0	0
312	5.8006389233419915	0	0	0.00075000000000000077	0.0030000000000000031	0.00075000000000000077	0	0	0.058027777777777789	0.23211111111111116	0.058027777777777789	0	0	0.09836111111111108	0.39344444444444432	0.09836111111111108	0	0	0.0095277777777777756	0.038111111111111103	0.0095277777777777756	0	0	0	0	0	0	0	0	0	0	0	0	0	0	0	0	0	0	0	0	0	0	0	0	0	0	0	0	0	0
374	5.8806389233419916	5.4253472222222409e-05	0.00021701388888888964	5.4253472222222409e-05	0	0	0.039333767361111119	0.15733506944444448	0.039333767361111119	0	0	0.10866970486111108	0.43467881944444431	0.10866970486111108	0	0	0.018608940972222217	0.074435763888888867	0.018608940972222217	0	0	0	0	0	0	0	0	0	0	0	0	0	0	0	0	0	0	0	0	0	0	0	0	0	0	0	0	0	0	0	0
347	5.8806389233419916	1.9771673550372592e-05	0.00019423692095886039	0.00011024685171687761	1.2653871072238462e-06	0	0.014334463324020082	0.14082176769517332	0.079928967494736006	0.00091740565273728549	0	0.039602662121396154	0.38905655268059591	0.22082444398890502	0.0025345703757693547	0	0.0067816840277777745	0.066623263888888867	0.037814670138888881	0.0004340277777777777	0	0	0	0	0	0	0	0	0	0	0	0	0	0	0	0	0	0	0	0	0	0	0	0	0	0	0	0	0	0	0
342	5.8806389233419916	4.270681486880481e-06	0.00014109066245545886	0.00017003639253320433	1.0123096857790769e-05	0	0.0030962440779883386	0.10229073028020734	0.12327638458657274	0.0073392452218982839	0	0.0085541750182215708	0.28260459689828304	0.34058289424400706	0.020276563006154838	0	0.0014648437499999996	0.04839409722222221	0.058322482638888874	0.0034722222222222216	0	0	0	0	0	0	0	0	0	0	0	0	0	0	0	0	0	0	0	0	0	0	0	0	0	0	0	0	0	0	0
344	5.8806389233419916	1.5817338840298077e-07	8.0352081308714216e-05	0.00021084512674117333	3.4165451895043848e-05	0	0.00011467570659216069	0.058255258948817619	0.15286271688735018	0.024769952623906709	0	0.00031682129697116934	0.16094521886135399	0.42232278886256869	0.068433400145772566	0	5.4253472222222212e-05	0.027560763888888878	0.072319878472222196	0.011718749999999997	0	0	0	0	0	0	0	0	0	0	0	0	0	0	0	0	0	0	0	0	0	0	0	0	0	0	0	0	0	0	0
317	5.8806389233419916	0	3.4165451895043848e-05	0.00021084512674117333	8.0352081308714216e-05	1.5817338840298077e-07	0	0.024769952623906709	0.15286271688735018	0.058255258948817619	0.00011467570659216069	0	0.068433400145772566	0.42232278886256869	0.16094521886135399	0.00031682129697116934	0	0.011718749999999997	0.072319878472222196	0.027560763888888878	5.4253472222222212e-05	0	0	0	0	0	0	0	0	0	0	0	0	0	0	0	0	0	0	0	0	0	0	0	0	0	0	0	0	0	0
310	5.8806389233419916	0	1.0123096857790769e-05	0.00017003639253320433	0.00014109066245545886	4.270681486880481e-06	0	0.0073392452218982839	0.12327638458657274	0.10229073028020734	0.0030962440779883386	0	0.020276563006154838	0.34058289424400706	0.28260459689828304	0.0085541750182215708	0	0.0034722222222222216	0.058322482638888874	0.04839409722222221	0.0014648437499999996	0	0	0	0	0	0	0	0	0	0	0	0	0	0	0	0	0	0	0	0	0	0	0	0	0	0	0	0	0	0
345	5.8806389233419916	0	1.2653871072238462e-06	0.00011024685171687761	0.00019423692095886039	1.9771673550372592e-05	0	0.00091740565273728549	0.079928967494736006	0.14082176769517332	0.014334463324020082	0	0.0025345703757693547	0.22082444398890502	0.38905655268059591	0.039602662121396154	0	0.0004340277777777777	0.037814670138888881	0.066623263888888867	0.0067816840277777745	0	0	0	0	0	0	0	0	0	0	0	0	0	0	0	0	0	0	0	0	0	0	0	0	0	0	0	0	0	0
301	5.8806389233419916	0	0	5.4253472222222409e-05	0.00021701388888888964	5.4253472222222409e-05	0	0	0.039333767361111119	0.15733506944444448	0.039333767361111119	0	0	0.10866970486111108	0.43467881944444431	0.10866970486111108	0	0	0.018608940972222217	0.074435763888888867	0.018608940972222217	0	0	0	0	0	0	0	0	0	0	0	0	0	0	0	0	0	0	0	0	0	0	0	0	0	0	0	0	0	0
396	5.9606389233419916	0	0	0	0	0	0.023815972222222238	0.095263888888888953	0.023815972222222238	0	0	0.11070486111111111	0.44281944444444443	0.11070486111111111	0	0	0.032142361111111108	0.12856944444444443	0.032142361111111108	0	0	3.4722222222221843e-06	1.3888888888888737e-05	3.4722222222221843e-06	0	0	0	0	0	0	0	0	0	0	0	0	0	0	0	0	0	0	0	0	0	0	0	0	0	0	0
401	5.9606389233419916	0	0	0	0	0	0.0086792901684483361	0.085265346614836465	0.048395721979267933	0.00055547457078069368	0	0.040344337139617742	0.39634276805960472	0.22496002389050856	0.0025820375769355359	0	0.011713688451571102	0.11507527534823452	0.065315526805960478	0.00074967606090055067	0	1.2653871072238277e-06	1.2431162941366886e-05	7.0557985098800654e-06	8.0984774862324997e-08	0	0	0	0	0	0	0	0	0	0	0	0	0	0	0	0	0	0	0	0	0	0	0	0	0	0
392	5.9606389233419916	0	0	0	0	0	0.0018747266763848409	0.06193541464204734	0.07464189544865571	0.0044437965662455494	0	0.0087143768221574335	0.28789718982831225	0.34696129940071263	0.020656300615484288	0	0.0025301567055393583	0.083588880790411393	0.10073772068351149	0.0059974084872044054	0	2.7332361516034683e-07	9.0298023971492375e-06	1.0882329122124921e-05	6.4787819889859997e-07	0	0	0	0	0	0	0	0	0	0	0	0	0	0	0	0	0	0	0	0	0	0	0	0	0	0
358	5.9606389233419916	0	0	0	0	0	6.943432134758671e-05	0.035272635244574038	0.092555950356333058	0.014997813411078727	0	0.00032275469711694199	0.1639593861354065	0.4302320112568836	0.069715014577259468	0	9.3709507612568834e-05	0.047604429867184959	0.12491477364755423	0.020241253644314866	0	1.0123096857790625e-08	5.142533203757636e-06	1.34940881114349e-05	2.1865889212827746e-06	0	0	0	0	0	0	0	0	0	0	0	0	0	0	0	0	0	0	0	0	0	0	0	0	0	0
384	5.9606389233419916	0	0	0	0	0	0	0.014997813411078727	0.092555950356333058	0.035272635244574038	6.943432134758671e-05	0	0.069715014577259468	0.4302320112568836	0.1639593861354065	0.00032275469711694199	0	0.020241253644314866	0.12491477364755423	0.047604429867184959	9.3709507612568834e-05	0	2.1865889212827746e-06	1.34940881114349e-05	5.142533203757636e-06	1.0123096857790625e-08	0	0	0	0	0	0	0	0	0	0	0	0	0	0	0	0	0	0	0	0	0	0	0	0	0
361	5.9606389233419916	0	0	0	0	0	0	0.0044437965662455494	0.07464189544865571	0.06193541464204734	0.0018747266763848409	0	0.020656300615484288	0.34696129940071263	0.28789718982831225	0.0087143768221574335	0	0.0059974084872044054	0.10073772068351149	0.083588880790411393	0.0025301567055393583	0	6.4787819889859997e-07	1.0882329122124921e-05	9.0298023971492375e-06	2.7332361516034683e-07	0	0	0	0	0	0	0	0	0	0	0	0	0	0	0	0	0	0	0	0	0	0	0	0	0
328	5.9606389233419916	0	0	0	0	0	0	0.00055547457078069368	0.048395721979267933	0.085265346614836465	0.0086792901684483361	0	0.0025820375769355359	0.22496002389050856	0.39634276805960472	0.040344337139617742	0	0.00074967606090055067	0.065315526805960478	0.11507527534823452	0.011713688451571102	0	8.0984774862324997e-08	7.0557985098800654e-06	1.2431162941366886e-05	1.2653871072238277e-06	0	0	0	0	0	0	0	0	0	0	0	0	0	0	0	0	0	0	0	0	0	0	0	0	0
368	5.9606389233419916	0	0	0	0	0	0	0	0.023815972222222238	0.095263888888888953	0.023815972222222238	0	0	0.11070486111111111	0.44281944444444443	0.11070486111111111	0	0	0.032142361111111108	0.12856944444444443	0.032142361111111108	0	0	3.4722222222221843e-06	1.3888888888888737e-05	3.4722222222221843e-06	0	0	0	0	0	0	0	0	0	0	0	0	0	0	0	0	0	0	0	0	0	0	0	0	0
455	6.0406389233419917	0	0	0	0	0	0.01293012152777779	0.051720486111111158	0.01293012152777779	0	0	0.1036228298611111	0.41449131944444439	0.1036228298611111	0	0	0.049797309027777771	0.19918923611111108	0.049797309027777771	0	0	0.00031640624999999931	0.0012656249999999972	0.00031640624999999931	0	0	0	0	0	0	0	0	0	0	0	0	0	0	0	0	0	0	0	0	0	0	0	0	0	0	0
419	6.0406389233419917	0	0	0	0	0	0.0047121434139131869	0.046292096898283161	0.02627491167597994	0.00030157717849044408	0	0.03776342196104631	0.37098785734531897	0.21056884085479427	0.0024168590055069642	0	0.018147707371639125	0.17828307721898279	0.10119161630425978	0.0011614532717849043	0	0.00011530840014577231	0.0011327897230320673	0.00064295963921282657	7.3797376093294291e-06	0	0	0	0	0	0	0	0	0	0	0	0	0	0	0	0	0	0	0	0	0	0	0	0	0	0
397	6.0406389233419917	0	0	0	0	0	0.0010178229774052486	0.033625855401684515	0.040524433359653417	0.0024126174279235526	0	0.0081568991435860046	0.26947977911402654	0.32476542886499832	0.019334872044055713	0	0.003919904792274052	0.12950203980401684	0.15607028339609652	0.0092916261742792342	0	2.4906614431486825e-05	0.00082284074344023139	0.00099165224125364205	5.9037900874635433e-05	0	0	0	0	0	0	0	0	0	0	0	0	0	0	0	0	0	0	0	0	0	0	0	0	0	0
391	6.0406389233419917	0	0	0	0	0	3.769714731130551e-05	0.019150150834143193	0.050250297365970233	0.0081425838192419886	0	0.00030210737568837052	0.15347054684969222	0.40270913179259787	0.065255193148688037	0	0.00014518165897311303	0.073752282758341406	0.19352715141115964	0.031359238338192416	0	9.2246720116617864e-07	0.00046861333819241872	0.0012296487791545159	0.0001992529154518946	0	0	0	0	0	0	0	0	0	0	0	0	0	0	0	0	0	0	0	0	0	0	0	0	0	0
404	6.0406389233419917	0	0	0	0	0	0	0.0081425838192419886	0.050250297365970233	0.019150150834143193	3.769714731130551e-05	0	0.065255193148688037	0.40270913179259787	0.15347054684969222	0.00030210737568837052	0	0.031359238338192416	0.19352715141115964	0.073752282758341406	0.00014518165897311303	0	0.0001992529154518946	0.0012296487791545159	0.00046861333819241872	9.2246720116617864e-07	0	0	0	0	0	0	0	0	0	0	0	0	0	0	0	0	0	0	0	0	0	0	0	0	0
400	6.0406389233419917	0	0	0	0	0	0	0.0024126174279235526	0.040524433359653417	0.033625855401684515	0.0010178229774052486	0	0.019334872044055713	0.32476542886499832	0.26947977911402654	0.0081568991435860046	0	0.0092916261742792342	0.15607028339609652	0.12950203980401684	0.003919904792274052	0	5.9037900874635433e-05	0.00099165224125364205	0.00082284074344023139	2.4906614431486825e-05	0	0	0	0	0	0	0	0	0	0	0	0	0	0	0	0	0	0	0	0	0	0	0	0	0
402	6.0406389233419917	0	0	0	0	0	0	0.00030157717849044408	0.02627491167597994	0.046292096898283161	0.0047121434139131869	0	0.0024168590055069642	0.21056884085479427	0.37098785734531897	0.03776342196104631	0	0.0011614532717849043	0.10119161630425978	0.17828307721898279	0.018147707371639125	0	7.3797376093294291e-06	0.00064295963921282657	0.0011327897230320673	0.00011530840014577231	0	0	0	0	0	0	0	0	0	0	0	0	0	0	0	0	0	0	0	0	0	0	0	0	0
375	6.0406389233419917	0	0	0	0	0	0	0	0.01293012152777779	0.051720486111111158	0.01293012152777779	0	0	0.1036228298611111	0.41449131944444439	0.1036228298611111	0	0	0.049797309027777771	0.19918923611111108	0.049797309027777771	0	0	0.00031640624999999931	0.0012656249999999972	0.00031640624999999931	0	0	0	0	0	0	0	0	0	0	0	0	0	0	0	0	0	0	0	0	0	0	0	0	0
449	6.1206389233419909	0	0	0	0	0	0.0060000000000000062	0.024000000000000025	0.0060000000000000062	0	0	0.089777777777777762	0.35911111111111105	0.089777777777777762	0	0	0.069111111111111109	0.27644444444444444	0.069111111111111109	0	0	0.0017777777777777757	0.0071111111111111028	0.0017777777777777757	0	0	0	0	0	0	0	0	0	0	0	0	0	0	0	0	0	0	0	0	0	0	0	0	0	0	0
410	6.1206389233419909	0	0	0	0	0	0.0021865889212828006	0.021481049562682236	0.0121924198250729	0.00013994169096209926	0	0.032717849044379646	0.32142014901198568	0.18243472627146096	0.0020939423388402979	0	0.025186264982183341	0.2474298671849692	0.14043861354065437	0.0016119209588597344	0	0.00064787819889860609	0.0063647554259799073	0.0036125688370586286	4.1464204729510798e-05	0	0	0	0	0	0	0	0	0	0	0	0	0	0	0	0	0	0	0	0	0	0	0	0	0	0
450	6.1206389233419909	0	0	0	0	0	0.00047230320699708503	0.015603498542274068	0.018804664723032088	0.0011195335276967941	0	0.007067055393586005	0.2334745707806932	0.28137350178166504	0.016751538710722384	0	0.0054402332361516035	0.17972918691286038	0.21660187884677681	0.012895367670877875	0	0.00013994169096209896	0.0046232588273404547	0.0055717525105280141	0.00033171363783608638	0	0	0	0	0	0	0	0	0	0	0	0	0	0	0	0	0	0	0	0	0	0	0	0	0	0
439	6.1206389233419909	0	0	0	0	0	1.7492711370262407e-05	0.0088862973760933019	0.023317784256559788	0.0037784256559766803	0	0.00026174279235503724	0.13296533851635889	0.34890314220926455	0.05653644314868804	0	0.0002014901198574668	0.10235698088759311	0.26858632977000318	0.043521865889212828	0	5.1830255911888498e-06	0.0026329770003239356	0.0069089731130547363	0.0011195335276967917	0	0	0	0	0	0	0	0	0	0	0	0	0	0	0	0	0	0	0	0	0	0	0	0	0	0
454	6.1206389233419909	0	0	0	0	0	0	0.0037784256559766803	0.023317784256559788	0.0088862973760933019	1.7492711370262407e-05	0	0.05653644314868804	0.34890314220926455	0.13296533851635889	0.00026174279235503724	0	0.043521865889212828	0.26858632977000318	0.10235698088759311	0.0002014901198574668	0	0.0011195335276967917	0.0069089731130547363	0.0026329770003239356	5.1830255911888498e-06	0	0	0	0	0	0	0	0	0	0	0	0	0	0	0	0	0	0	0	0	0	0	0	0	0
436	6.1206389233419909	0	0	0	0	0	0	0.0011195335276967941	0.018804664723032088	0.015603498542274068	0.00047230320699708503	0	0.016751538710722384	0.28137350178166504	0.2334745707806932	0.007067055393586005	0	0.012895367670877875	0.21660187884677681	0.17972918691286038	0.0054402332361516035	0	0.00033171363783608638	0.0055717525105280141	0.0046232588273404547	0.00013994169096209896	0	0	0	0	0	0	0	0	0	0	0	0	0	0	0	0	0	0	0	0	0	0	0	0	0
449	6.1206389233419909	0	0	0	0	0	0	0.00013994169096209926	0.0121924198250729	0.021481049562682236	0.0021865889212828006	0	0.0020939423388402979	0.18243472627146096	0.32142014901198568	0.032717849044379646	0	0.0016119209588597344	0.14043861354065437	0.2474298671849692	0.025186264982183341	0	4.1464204729510798e-05	0.0036125688370586286	0.0063647554259799073	0.00064787819889860609	0	0	0	0	0	0	0	0	0	0	0	0	0	0	0	0	0	0	0	0	0	0	0	0	0
407	6.1206389233419909	0	0	0	0	0	0	0	0.0060000000000000062	0.024000000000000025	0.0060000000000000062	0	0	0.089777777777777762	0.35911111111111105	0.089777777777777762	0	0	0.069111111111111109	0.27644444444444444	0.069111111111111109	0	0	0.0017777777777777757	0.0071111111111111028	0.0017777777777777757	0	0	0	0	0	0	0	0	0	0	0	0	0	0	0	0	0	0	0	0	0	0	0	0	0
485	6.200638923341991	0	0	0	0	0	0.0021323784722222265	0.0085295138888889059	0.0021323784722222265	0	0	0.071849392361111111	0.28739756944444445	0.071849392361111111	0	0	0.087404079861111122	0.34961631944444449	0.087404079861111122	0	0	0.0052808159722222171	0.021123263888888869	0.0052808159722222171	0	0	0	0	0	0	0	0	0	0	0	0	0	0	0	0	0	0	0	0	0	0	0	0	0	0	0
517	6.200638923341991	0	0	0	0	0	0.00077710585722384339	0.0076342879413670382	0.004333142259880152	4.9734774862325984e-05	0	0.026184180889617745	0.2572333930596048	0.14600299264050859	0.0016757875769355362	0	0.031852798783203753	0.31292189524619374	0.17761120601514419	0.002038579122125041	0	0.0019244956166990582	0.018906244938451552	0.010730987558713951	0.00012316771946873975	0	0	0	0	0	0	0	0	0	0	0	0	0	0	0	0	0	0	0	0	0	0	0	0	0	0
505	6.200638923341991	0	0	0	0	0	0.0001678548651603502	0.0055454273971493476	0.0066831103721250546	0.00039787819889860787	0	0.0056557830721574338	0.18685031482831227	0.22518395565071267	0.01340630061548429	0	0.0068802045371720126	0.22730157211694205	0.27393406953555238	0.016308632977000328	0	0.00041569105320699663	0.013733200720764482	0.016550662303611904	0.00098534175574991798	0	0	0	0	0	0	0	0	0	0	0	0	0	0	0	0	0	0	0	0	0	0	0	0	0	0
474	6.200638923341991	0	0	0	0	0	6.216846857790748e-06	0.0031581582037576998	0.0082870568614350666	0.0013428389212828016	0	0.00020947344711694203	0.10641251113540653	0.27922810500688366	0.045246264577259471	0	0.00025482239026563012	0.12944977425494009	0.33967824622408488	0.055041636297376101	0	1.5395964933592468e-05	0.0078211501862649729	0.020522821256478758	0.003325528425655973	0	0	0	0	0	0	0	0	0	0	0	0	0	0	0	0	0	0	0	0	0	0	0	0	0	0
452	6.200638923341991	0	0	0	0	0	0	0.0013428389212828016	0.0082870568614350666	0.0031581582037576998	6.216846857790748e-06	0	0.045246264577259471	0.27922810500688366	0.10641251113540653	0.00020947344711694203	0	0.055041636297376101	0.33967824622408488	0.12944977425494009	0.00025482239026563012	0	0.003325528425655973	0.020522821256478758	0.0078211501862649729	1.5395964933592468e-05	0	0	0	0	0	0	0	0	0	0	0	0	0	0	0	0	0	0	0	0	0	0	0	0	0
462	6.200638923341991	0	0	0	0	0	0	0.00039787819889860787	0.0066831103721250546	0.0055454273971493476	0.0001678548651603502	0	0.01340630061548429	0.22518395565071267	0.18685031482831227	0.0056557830721574338	0	0.016308632977000328	0.27393406953555238	0.22730157211694205	0.0068802045371720126	0	0.00098534175574991798	0.016550662303611904	0.013733200720764482	0.00041569105320699663	0	0	0	0	0	0	0	0	0	0	0	0	0	0	0	0	0	0	0	0	0	0	0	0	0
468	6.200638923341991	0	0	0	0	0	0	4.9734774862325984e-05	0.004333142259880152	0.0076342879413670382	0.00077710585722384339	0	0.0016757875769355362	0.14600299264050859	0.2572333930596048	0.026184180889617745	0	0.002038579122125041	0.17761120601514419	0.31292189524619374	0.031852798783203753	0	0.00012316771946873975	0.010730987558713951	0.018906244938451552	0.0019244956166990582	0	0	0	0	0	0	0	0	0	0	0	0	0	0	0	0	0	0	0	0	0	0	0	0	0
472	6.200638923341991	0	0	0	0	0	0	0	0.0021323784722222265	0.0085295138888889059	0.0021323784722222265	0	0	0.071849392361111111	0.28739756944444445	0.071849392361111111	0	0	0.087404079861111122	0.34961631944444449	0.087404079861111122	0	0	0.0052808159722222171	0.021123263888888869	0.0052808159722222171	0	0	0	0	0	0	0	0	0	0	0	0	0	0	0	0	0	0	0	0	0	0	0	0	0
559	6.2806389233419919	0	0	0	0	0	0.00043402777777777927	0.0017361111111111171	0.00043402777777777927	0	0	0.052517361111111105	0.21006944444444442	0.052517361111111105	0	0	0.10199652777777779	0.40798611111111116	0.10199652777777779	0	0	0.011718749999999993	0.046874999999999972	0.011718749999999993	0	0	0	0	0	0	0	0	0	0	0	0	0	0	0	0	0	0	0	0	0	0	0	0	0	0	0
515	6.2806389233419919	0	0	0	0	0	0.00015817338840298074	0.0015538953676708831	0.00088197481373502088	1.0123096857790769e-05	0	0.019138979996760602	0.18802133948817618	0.10671895246193715	0.0012248947197926788	0	0.03717074627470035	0.36516541140265629	0.20726408122772921	0.002378927761580823	0	0.0042706814868804623	0.041955174927113675	0.023813319970845466	0.0002733236151603497	0	0	0	0	0	0	0	0	0	0	0	0	0	0	0	0	0	0	0	0	0	0	0	0	0	0
524	6.2806389233419919	0	0	0	0	0	3.4165451895043848e-05	0.0011287252996436709	0.0013602911402656346	8.0984774862326154e-05	0	0.0041340196793002906	0.13657576125688367	0.16459522797214121	0.0097991577583414306	0	0.0080288811953352773	0.26525044541626175	0.31966841796242307	0.019031422092646584	0	0.00092246720116618012	0.03047558309037899	0.036727860787171988	0.0021865889212827976	0	0	0	0	0	0	0	0	0	0	0	0	0	0	0	0	0	0	0	0	0	0	0	0	0	0
517	6.2806389233419919	0	0	0	0	0	1.2653871072238462e-06	0.00064281665046971373	0.0016867610139293867	0.00027332361516035078	0	0.00015311183997408485	0.077780814706835094	0.20409808268545507	0.033072157434402324	0	0.00029736597019760288	0.15106191286038223	0.3963888382734046	0.064231049562682219	0	3.4165451895043713e-05	0.017356049562682201	0.045542547376093256	0.007379737609329441	0	0	0	0	0	0	0	0	0	0	0	0	0	0	0	0	0	0	0	0	0	0	0	0	0	0
502	6.2806389233419919	0	0	0	0	0	0	0.00027332361516035078	0.0016867610139293867	0.00064281665046971373	1.2653871072238462e-06	0	0.033072157434402324	0.20409808268545507	0.077780814706835094	0.00015311183997408485	0	0.064231049562682219	0.3963888382734046	0.15106191286038223	0.00029736597019760288	0	0.007379737609329441	0.045542547376093256	0.017356049562682201	3.4165451895043713e-05	0	0	0	0	0	0	0	0	0	0	0	0	0	0	0	0	0	0	0	0	0	0	0	0	0
505	6.2806389233419919	0	0	0	0	0	0	8.0984774862326154e-05	0.0013602911402656346	0.0011287252996436709	3.4165451895043848e-05	0	0.0097991577583414306	0.16459522797214121	0.13657576125688367	0.0041340196793002906	0	0.019031422092646584	0.31966841796242307	0.26525044541626175	0.0080288811953352773	0	0.0021865889212827976	0.036727860787171988	0.03047558309037899	0.00092246720116618012	0	0	0	0	0	0	0	0	0	0	0	0	0	0	0	0	0	0	0	0	0	0	0	0	0
529	6.2806389233419919	0	0	0	0	0	0	1.0123096857790769e-05	0.00088197481373502088	0.0015538953676708831	0.00015817338840298074	0	0.0012248947197926788	0.10671895246193715	0.18802133948817618	0.019138979996760602	0	0.002378927761580823	0.20726408122772921	0.36516541140265629	0.03717074627470035	0	0.0002733236151603497	0.023813319970845466	0.041955174927113675	0.0042706814868804623	0	0	0	0	0	0	0	0	0	0	0	0	0	0	0	0	0	0	0	0	0	0	0	0	0
465	6.2806389233419919	0	0	0	0	0	0	0	0.00043402777777777927	0.0017361111111111171	0.00043402777777777927	0	0	0.052517361111111105	0.21006944444444442	0.052517361111111105	0	0	0.10199652777777779	0.40798611111111116	0.10199652777777779	0	0	0.011718749999999993	0.046874999999999972	0.011718749999999993	0	0	0	0	0	0	0	0	0	0	0	0	0	0	0	0	0	0	0	0	0	0	0	0	0
551	6.3606389233419911	0	0	0	0	0	1.1718750000000161e-05	4.6875000000000645e-05	1.1718750000000161e-05	0	0	0.034461371527777764	0.13784548611111105	0.034461371527777764	0	0	0.1102087673611111	0.44083506944444439	0.1102087673611111	0	0	0.021984809027777764	0.087939236111111055	0.021984809027777764	0	0	0	0	0	0	0	0	0	0	0	0	0	0	0	0	0	0	0	0	0	0	0	0	0	0	0
519	6.3606389233419911	0	0	0	0	0	4.2706814868805242e-06	4.1955174927114278e-05	2.381331997084581e-05	2.7332361516035361e-07	0	0.01255880886580822	0.12337773829769998	0.070027918235746653	0.00080376376741172627	0	0.040163544956673132	0.39456666565435694	0.22395192667840944	0.0025704668772270809	0	0.0080119566427761506	0.078709462058632926	0.044674670240119833	0.00051276522513767379	0	0	0	0	0	0	0	0	0	0	0	0	0	0	0	0	0	0	0	0	0	0	0	0	0	0
568	6.3606389233419911	0	0	0	0	0	9.2246720116619336e-07	3.0475583090379429e-05	3.6727860787172514e-05	2.1865889212828289e-06	0	0.0027127027150145762	0.089619660066407481	0.10800575624595071	0.0064301101392938102	0	0.0086753257106413975	0.28660705681081955	0.34540648662738904	0.020563735017816647	0	0.001730582634839649	0.057173322602850629	0.068902827127874919	0.0041021218011013903	0	0	0	0	0	0	0	0	0	0	0	0	0	0	0	0	0	0	0	0	0	0	0	0	0	0
566	6.3606389233419911	0	0	0	0	0	3.4165451895044201e-08	1.7356049562682451e-05	4.5542547376093913e-05	7.3797376093295468e-06	0	0.00010047047092646578	0.051038999230644609	0.13392713774497889	0.02170162172011661	0	0.00032130835965338511	0.16322464670391962	0.42830404341796235	0.06940260568513118	0	6.4095653142209224e-05	0.03256059179624228	0.08543950563856488	0.013844661078717192	0	0	0	0	0	0	0	0	0	0	0	0	0	0	0	0	0	0	0	0	0	0	0	0	0	0
570	6.3606389233419911	0	0	0	0	0	0	7.3797376093295468e-06	4.5542547376093913e-05	1.7356049562682451e-05	3.4165451895044201e-08	0	0.02170162172011661	0.13392713774497889	0.051038999230644609	0.00010047047092646578	0	0.06940260568513118	0.42830404341796235	0.16322464670391962	0.00032130835965338511	0	0.013844661078717192	0.08543950563856488	0.03256059179624228	6.4095653142209224e-05	0	0	0	0	0	0	0	0	0	0	0	0	0	0	0	0	0	0	0	0	0	0	0	0	0
520	6.3606389233419911	0	0	0	0	0	0	2.1865889212828289e-06	3.6727860787172514e-05	3.0475583090379429e-05	9.2246720116619336e-07	0	0.0064301101392938102	0.10800575624595071	0.089619660066407481	0.0027127027150145762	0	0.020563735017816647	0.34540648662738904	0.28660705681081955	0.0086753257106413975	0	0.0041021218011013903	0.068902827127874919	0.057173322602850629	0.001730582634839649	0	0	0	0	0	0	0	0	0	0	0	0	0	0	0	0	0	0	0	0	0	0	0	0	0
561	6.3606389233419911	0	0	0	0	0	0	2.7332361516035361e-07	2.381331997084581e-05	4.1955174927114278e-05	4.2706814868805242e-06	0	0.00080376376741172627	0.070027918235746653	0.12337773829769998	0.01255880886580822	0	0.0025704668772270809	0.22395192667840944	0.39456666565435694	0.040163544956673132	0	0.00051276522513767379	0.044674670240119833	0.078709462058632926	0.0080119566427761506	0	0	0	0	0	0	0	0	0	0	0	0	0	0	0	0	0	0	0	0	0	0	0	0	0
511	6.3606389233419911	0	0	0	0	0	0	0	1.1718750000000161e-05	4.6875000000000645e-05	1.1718750000000161e-05	0	0	0.034461371527777764	0.13784548611111105	0.034461371527777764	0	0	0.1102087673611111	0.44083506944444439	0.1102087673611111	0	0	0.021984809027777764	0.087939236111111055	0.021984809027777764	0	0	0	0	0	0	0	0	0	0	0	0	0	0	0	0	0	0	0	0	0	0	0	0	0
651	6.4406389233419912	0	0	0	0	0	0	0	0	0	0	0.020249999999999987	0.080999999999999947	0.020249999999999987	0	0	0.10952777777777781	0.43811111111111123	0.10952777777777781	0	0	0.036861111111111095	0.14744444444444438	0.036861111111111095	0	0	2.7777777777777508e-05	0.00011111111111111003	2.7777777777777508e-05	0	0	0	0	0	0	0	0	0	0	0	0	0	0	0	0	0	0	0	0	0	0
648	6.4406389233419912	0	0	0	0	0	0	0	0	0	0	0.0073797376093294393	0.072498542274052433	0.041149416909620963	0.00047230320699708422	0	0.039915370910268873	0.39212860382248149	0.22256810819565928	0.0025545837382572084	0	0.013433349530288298	0.13196922578555226	0.074904356980887571	0.0008597343699384512	0	1.0123096857790635e-05	9.9449303530935212e-05	5.6446388079040598e-05	6.4787819889860082e-07	0	0	0	0	0	0	0	0	0	0	0	0	0	0	0	0	0	0	0	0	0
655	6.4406389233419912	0	0	0	0	0	0	0	0	0	0	0.0015940233236151592	0.052661807580174892	0.063465743440233202	0.0037784256559766738	0	0.0086217201166180774	0.28483608681567874	0.34327218982831237	0.020436669906057667	0	0.002901603498542273	0.09586038224813731	0.11552680596047939	0.0068778749595076096	0	2.1865889212827776e-06	7.2238419177193981e-05	8.7058632976999488e-05	5.1830255911888066e-06	0	0	0	0	0	0	0	0	0	0	0	0	0	0	0	0	0	0	0	0	0
564	6.4406389233419912	0	0	0	0	0	0	0	0	0	0	5.9037900874635528e-05	0.029991253644314844	0.078697521865889145	0.012752186588921273	0	0.00031932296728215105	0.1622160673793327	0.42565751538710728	0.068973760932944619	0	0.0001074667962423064	0.054593132491091649	0.14325323939099441	0.023212827988338184	0	8.0984774862325102e-08	4.1140265630061142e-05	0.00010795270489147935	1.7492711370262221e-05	0	0	0	0	0	0	0	0	0	0	0	0	0	0	0	0	0	0	0	0	0
588	6.4406389233419912	0	0	0	0	0	0	0	0	0	0	0	0.012752186588921273	0.078697521865889145	0.029991253644314844	5.9037900874635528e-05	0	0.068973760932944619	0.42565751538710728	0.1622160673793327	0.00031932296728215105	0	0.023212827988338184	0.14325323939099441	0.054593132491091649	0.0001074667962423064	0	1.7492711370262221e-05	0.00010795270489147935	4.1140265630061142e-05	8.0984774862325102e-08	0	0	0	0	0	0	0	0	0	0	0	0	0	0	0	0	0	0	0	0
579	6.4406389233419912	0	0	0	0	0	0	0	0	0	0	0	0.0037784256559766738	0.063465743440233202	0.052661807580174892	0.0015940233236151592	0	0.020436669906057667	0.34327218982831237	0.28483608681567874	0.0086217201166180774	0	0.0068778749595076096	0.11552680596047939	0.09586038224813731	0.002901603498542273	0	5.1830255911888066e-06	8.7058632976999488e-05	7.2238419177193981e-05	2.1865889212827776e-06	0	0	0	0	0	0	0	0	0	0	0	0	0	0	0	0	0	0	0	0
580	6.4406389233419912	0	0	0	0	0	0	0	0	0	0	0	0.00047230320699708422	0.041149416909620963	0.072498542274052433	0.0073797376093294393	0	0.0025545837382572084	0.22256810819565928	0.39212860382248149	0.039915370910268873	0	0.0008597343699384512	0.074904356980887571	0.13196922578555226	0.013433349530288298	0	6.4787819889860082e-07	5.6446388079040598e-05	9.9449303530935212e-05	1.0123096857790635e-05	0	0	0	0	0	0	0	0	0	0	0	0	0	0	0	0	0	0	0	0
552	6.4406389233419912	0	0	0	0	0	0	0	0	0	0	0	0	0.020249999999999987	0.080999999999999947	0.020249999999999987	0	0	0.10952777777777781	0.43811111111111123	0.10952777777777781	0	0	0.036861111111111095	0.14744444444444438	0.036861111111111095	0	0	2.7777777777777508e-05	0.00011111111111111003	2.7777777777777508e-05	0	0	0	0	0	0	0	0	0	0	0	0	0	0	0	0	0	0	0	0
660	6.5206389233419912	0	0	0	0	0	0	0	0	0	0	0.010585503472222211	0.042342013888888842	0.010585503472222211	0	0	0.10024001736111113	0.40096006944444451	0.10024001736111113	0	0	0.055263454861111096	0.22105381944444438	0.055263454861111096	0	0	0.00057769097222222054	0.0023107638888888822	0.00057769097222222054	0	0	0	0	0	0	0	0	0	0	0	0	0	0	0	0	0	0	0	0	0	0
638	6.5206389233419912	0	0	0	0	0	0	0	0	0	0	0.0038576907697602798	0.037897954122124995	0.021510483732183328	0.00024689220926465798	0	0.036530618571833491	0.35887679684969231	0.20369472915654363	0.0023379595885973442	0	0.020139743025186254	0.19785283547942981	0.11229920710843859	0.0012889435536119205	0	0.00021052877996436602	0.002068234734369932	0.0011739084770813052	1.3473841917719429e-05	0	0	0	0	0	0	0	0	0	0	0	0	0	0	0	0	0	0	0	0	0
676	6.5206389233419912	0	0	0	0	0	0	0	0	0	0	0.00083326120626822067	0.027528481333009364	0.033176140619938413	0.0019751376741172638	0	0.0078906136115160369	0.26068249412860389	0.31416331971776812	0.018703676708778753	0	0.0043501844934402314	0.14371720622772916	0.17320179001660183	0.010311548428895364	0	4.5474216472303067e-05	0.0015023333738257163	0.0018105475076935483	0.00010779073534175543	0	0	0	0	0	0	0	0	0	0	0	0	0	0	0	0	0	0	0	0	0
640	6.5206389233419912	0	0	0	0	0	0	0	0	0	0	3.0861526158082247e-05	0.015677655288305777	0.041138414368723626	0.0066660896501457654	0	0.00029224494857466802	0.14846043387593133	0.38956251645003243	0.063124908892128295	0	0.00016111794420149006	0.081847915654356951	0.21477021962058623	0.034801475947521851	0	1.6842302397149286e-06	0.00085558896177518359	0.0022450789095399995	0.00036379373177842454	0	0	0	0	0	0	0	0	0	0	0	0	0	0	0	0	0	0	0	0	0
620	6.5206389233419912	0	0	0	0	0	0	0	0	0	0	0	0.0066660896501457654	0.041138414368723626	0.015677655288305777	3.0861526158082247e-05	0	0.063124908892128295	0.38956251645003243	0.14846043387593133	0.00029224494857466802	0	0.034801475947521851	0.21477021962058623	0.081847915654356951	0.00016111794420149006	0	0.00036379373177842454	0.0022450789095399995	0.00085558896177518359	1.6842302397149286e-06	0	0	0	0	0	0	0	0	0	0	0	0	0	0	0	0	0	0	0	0
601	6.5206389233419912	0	0	0	0	0	0	0	0	0	0	0	0.0019751376741172638	0.033176140619938413	0.027528481333009364	0.00083326120626822067	0	0.018703676708778753	0.31416331971776812	0.26068249412860389	0.0078906136115160369	0	0.010311548428895364	0.17320179001660183	0.14371720622772916	0.0043501844934402314	0	0.00010779073534175543	0.0018105475076935483	0.0015023333738257163	4.5474216472303067e-05	0	0	0	0	0	0	0	0	0	0	0	0	0	0	0	0	0	0	0	0
597	6.5206389233419912	0	0	0	0	0	0	0	0	0	0	0	0.00024689220926465798	0.021510483732183328	0.037897954122124995	0.0038576907697602798	0	0.0023379595885973442	0.20369472915654363	0.35887679684969231	0.036530618571833491	0	0.0012889435536119205	0.11229920710843859	0.19785283547942981	0.020139743025186254	0	1.3473841917719429e-05	0.0011739084770813052	0.002068234734369932	0.00021052877996436602	0	0	0	0	0	0	0	0	0	0	0	0	0	0	0	0	0	0	0	0
633	6.5206389233419912	0	0	0	0	0	0	0	0	0	0	0	0	0.010585503472222211	0.042342013888888842	0.010585503472222211	0	0	0.10024001736111113	0.40096006944444451	0.10024001736111113	0	0	0.055263454861111096	0.22105381944444438	0.055263454861111096	0	0	0.00057769097222222054	0.0023107638888888822	0.00057769097222222054	0	0	0	0	0	0	0	0	0	0	0	0	0	0	0	0	0	0	0	0
740	6.6006389233419913	0	0	0	0	0	0	0	0	0	0	0.0046215277777777678	0.018486111111111071	0.0046215277777777678	0	0	0.084954861111111113	0.33981944444444445	0.084954861111111113	0	0	0.074559027777777759	0.29823611111111104	0.074559027777777759	0	0	0.0025312499999999962	0.010124999999999985	0.0025312499999999962	0	0	0	0	0	0	0	0	0	0	0	0	0	0	0	0	0	0	0	0	0	0
704	6.6006389233419913	0	0	0	0	0	0	0	0	0	0	0.0016842302397149294	0.01654587787495947	0.0093912678166504487	0.00010779073534175551	0	0.030960226352445733	0.30415326368642692	0.17263422214123744	0.0019814544865565274	0	0.027171657353417544	0.26693436183997399	0.15150916140265627	0.0017389860706187232	0	0.00092246720116617915	0.0090623177842565454	0.0051436771137026169	5.903790087463548e-05	0	0	0	0	0	0	0	0	0	0	0	0	0	0	0	0	0	0	0	0	0
698	6.6006389233419913	0	0	0	0	0	0	0	0	0	0	0.00036379373177842486	0.012018666990605739	0.014484380061548396	0.00086232588273404411	0	0.006687408892128279	0.2209321752510528	0.26625794663103336	0.015851635892452219	0	0.0058690779883381903	0.19389694687398762	0.23367625323939092	0.013911888564949786	0	0.00019925291545189473	0.0065827259475218563	0.0079332179300291433	0.00047230320699708384	0	0	0	0	0	0	0	0	0	0	0	0	0	0	0	0	0	0	0	0	0
682	6.6006389233419913	0	0	0	0	0	0	0	0	0	0	1.3473841917719439e-05	0.0068447116942014739	0.01796063127632001	0.0029103498542273989	0	0.00024768181081956592	0.12582235989633947	0.33015985382248131	0.053499271137026232	0	0.0002173732588273404	0.11042561548428891	0.28975855401684469	0.046952623906705522	0	7.379737609329435e-06	0.0037489067055393524	0.0098371902332361361	0.0015940233236151579	0	0	0	0	0	0	0	0	0	0	0	0	0	0	0	0	0	0	0	0	0
661	6.6006389233419913	0	0	0	0	0	0	0	0	0	0	0	0.0029103498542273989	0.01796063127632001	0.0068447116942014739	1.3473841917719439e-05	0	0.053499271137026232	0.33015985382248131	0.12582235989633947	0.00024768181081956592	0	0.046952623906705522	0.28975855401684469	0.11042561548428891	0.0002173732588273404	0	0.0015940233236151579	0.0098371902332361361	0.0037489067055393524	7.379737609329435e-06	0	0	0	0	0	0	0	0	0	0	0	0	0	0	0	0	0	0	0	0
695	6.6006389233419913	0	0	0	0	0	0	0	0	0	0	0	0.00086232588273404411	0.014484380061548396	0.012018666990605739	0.00036379373177842486	0	0.015851635892452219	0.26625794663103336	0.2209321752510528	0.006687408892128279	0	0.013911888564949786	0.23367625323939092	0.19389694687398762	0.0058690779883381903	0	0.00047230320699708384	0.0079332179300291433	0.0065827259475218563	0.00019925291545189473	0	0	0	0	0	0	0	0	0	0	0	0	0	0	0	0	0	0	0	0
687	6.6006389233419913	0	0	0	0	0	0	0	0	0	0	0	0.00010779073534175551	0.0093912678166504487	0.01654587787495947	0.0016842302397149294	0	0.0019814544865565274	0.17263422214123744	0.30415326368642692	0.030960226352445733	0	0.0017389860706187232	0.15150916140265627	0.26693436183997399	0.027171657353417544	0	5.903790087463548e-05	0.0051436771137026169	0.0090623177842565454	0.00092246720116617915	0	0	0	0	0	0	0	0	0	0	0	0	0	0	0	0	0	0	0	0
670	6.6006389233419913	0	0	0	0	0	0	0	0	0	0	0	0	0.0046215277777777678	0.018486111111111071	0.0046215277777777678	0	0	0.084954861111111113	0.33981944444444445	0.084954861111111113	0	0	0.074559027777777759	0.29823611111111104	0.074559027777777759	0	0	0.0025312499999999962	0.010124999999999985	0.0025312499999999962	0	0	0	0	0	0	0	0	0	0	0	0	0	0	0	0	0	0	0	0
815	6.6806389233419914	0	0	0	0	0	0	0	0	0	0	0.0014648437499999941	0.0058593749999999766	0.0014648437499999941	0	0	0.06635199652777779	0.26540798611111116	0.06635199652777779	0	0	0.092068142361111119	0.36827256944444448	0.092068142361111119	0	0	0.0067816840277777745	0.027126736111111098	0.0067816840277777745	0	0	0	0	0	0	0	0	0	0	0	0	0	0	0	0	0	0	0	0	0	0
744	6.6806389233419914	0	0	0	0	0	0	0	0	0	0	0.00053383518586005605	0.0052443968658891912	0.0029766649963556733	3.4165451895043597e-05	0	0.024180756752105605	0.23755175433268549	0.13483189964974088	0.001547568432134759	0	0.033552530014982179	0.32962005486718499	0.18708890736354067	0.0021473619209588599	0	0.0024714591937965644	0.024279615119857455	0.013780856464609647	0.00015817338840298017	0	0	0	0	0	0	0	0	0	0	0	0	0	0	0	0	0	0	0	0	0
836	6.6806389233419914	0	0	0	0	0	0	0	0	0	0	0.00011530840014577212	0.0038094478862973607	0.0045909825983964829	0.00027332361516034878	0	0.0052230434584548116	0.17255388018302564	0.20795450806810825	0.012380547457078072	0	0.0072473464832361516	0.23943085418691287	0.28855175812884681	0.017178895367670879	0	0.000533835185860058	0.017636332806932289	0.021254549066650461	0.0012653871072238413	0	0	0	0	0	0	0	0	0	0	0	0	0	0	0	0	0	0	0	0	0
766	6.6806389233419914	0	0	0	0	0	0	0	0	0	0	4.2706814868804497e-06	0.0021695061953352678	0.005692818422011638	0.00092246720116617698	0	0.00019344605401684487	0.09827059544055719	0.25786359000445419	0.041784347667638493	0	0.00026842024011985749	0.1363574819808876	0.35780418007977	0.057978771865889213	0	1.9771673550372521e-05	0.010044010163589238	0.026355640842646567	0.004270681486880464	0	0	0	0	0	0	0	0	0	0	0	0	0	0	0	0	0	0	0	0	0
755	6.6806389233419914	0	0	0	0	0	0	0	0	0	0	0	0.00092246720116617698	0.005692818422011638	0.0021695061953352678	4.2706814868804497e-06	0	0.041784347667638493	0.25786359000445419	0.09827059544055719	0.00019344605401684487	0	0.057978771865889213	0.35780418007977	0.1363574819808876	0.00026842024011985749	0	0.004270681486880464	0.026355640842646567	0.010044010163589238	1.9771673550372521e-05	0	0	0	0	0	0	0	0	0	0	0	0	0	0	0	0	0	0	0	0
740	6.6806389233419914	0	0	0	0	0	0	0	0	0	0	0	0.00027332361516034878	0.0045909825983964829	0.0038094478862973607	0.00011530840014577212	0	0.012380547457078072	0.20795450806810825	0.17255388018302564	0.0052230434584548116	0	0.017178895367670879	0.28855175812884681	0.23943085418691287	0.0072473464832361516	0	0.0012653871072238413	0.021254549066650461	0.017636332806932289	0.000533835185860058	0	0	0	0	0	0	0	0	0	0	0	0	0	0	0	0	0	0	0	0
753	6.6806389233419914	0	0	0	0	0	0	0	0	0	0	0	3.4165451895043597e-05	0.0029766649963556733	0.0052443968658891912	0.00053383518586005605	0	0.001547568432134759	0.13483189964974088	0.23755175433268549	0.024180756752105605	0	0.0021473619209588599	0.18708890736354067	0.32962005486718499	0.033552530014982179	0	0.00015817338840298017	0.013780856464609647	0.024279615119857455	0.0024714591937965644	0	0	0	0	0	0	0	0	0	0	0	0	0	0	0	0	0	0	0	0
706	6.6806389233419914	0	0	0	0	0	0	0	0	0	0	0	0	0.0014648437499999941	0.0058593749999999766	0.0014648437499999941	0	0	0.06635199652777779	0.26540798611111116	0.06635199652777779	0	0	0.092068142361111119	0.36827256944444448	0.092068142361111119	0	0	0.0067816840277777745	0.027126736111111098	0.0067816840277777745	0	0	0	0	0	0	0	0	0	0	0	0	0	0	0	0	0	0	0	0
888	6.7606389233419915	0	0	0	0	0	0	0	0	0	0	0.00022222222222222023	0.00088888888888888091	0.00022222222222222023	0	0	0.047111111111111117	0.18844444444444447	0.047111111111111117	0	0	0.10511111111111111	0.42044444444444445	0.10511111111111111	0	0	0.014222222222222219	0.056888888888888878	0.014222222222222219	0	0	0	0	0	0	0	0	0	0	0	0	0	0	0	0	0	0	0	0	0	0
834	6.7606389233419915	0	0	0	0	0	0	0	0	0	0	8.0984774862325138e-05	0.00079559442824748223	0.00045157110463232505	5.1830255911888099e-06	0	0.017168772270813086	0.16866601878846779	0.09573307418205379	0.0010988014253320378	0	0.038305798509880133	0.37631616456106248	0.21359313249109169	0.0024515711046323293	0	0.0051830255911888539	0.050918043407839307	0.028900550696469057	0.00033171363783608671	0	0	0	0	0	0	0	0	0	0	0	0	0	0	0	0	0	0	0	0	0
828	6.7606389233419915	0	0	0	0	0	0	0	0	0	0	1.7492711370262231e-05	0.00057790735341755228	0.00069646906381599634	4.146420472951048e-05	0	0.0037084548104956271	0.12251635892452221	0.14765144152899257	0.0087904114026563021	0	0.0082740524781341109	0.2733501781665047	0.32942986718496925	0.019612568837058635	0	0.0011195335276967928	0.036986070618723672	0.044574020084224154	0.0026537091026886937	0	0	0	0	0	0	0	0	0	0	0	0	0	0	0	0	0	0	0	0	0
821	6.7606389233419915	0	0	0	0	0	0	0	0	0	0	6.4787819889860124e-07	0.00032912212504048935	0.00086362163913183531	0.00013994169096209785	0	0.00013735017816650472	0.069773890508584388	0.18308778749595078	0.029667638483965017	0	0.00030644638807904117	0.15567476514415288	0.40849303530936182	0.066192419825072887	0	4.1464204729510839e-05	0.021063816002591506	0.055271784904437946	0.0089562682215743421	0	0	0	0	0	0	0	0	0	0	0	0	0	0	0	0	0	0	0	0	0
800	6.7606389233419915	0	0	0	0	0	0	0	0	0	0	0	0.00013994169096209785	0.00086362163913183531	0.00032912212504048935	6.4787819889860124e-07	0	0.029667638483965017	0.18308778749595078	0.069773890508584388	0.00013735017816650472	0	0.066192419825072887	0.40849303530936182	0.15567476514415288	0.00030644638807904117	0	0.0089562682215743421	0.055271784904437946	0.021063816002591506	4.1464204729510839e-05	0	0	0	0	0	0	0	0	0	0	0	0	0	0	0	0	0	0	0	0
836	6.7606389233419915	0	0	0	0	0	0	0	0	0	0	0	4.146420472951048e-05	0.00069646906381599634	0.00057790735341755228	1.7492711370262231e-05	0	0.0087904114026563021	0.14765144152899257	0.12251635892452221	0.0037084548104956271	0	0.019612568837058635	0.32942986718496925	0.2733501781665047	0.0082740524781341109	0	0.0026537091026886937	0.044574020084224154	0.036986070618723672	0.0011195335276967928	0	0	0	0	0	0	0	0	0	0	0	0	0	0	0	0	0	0	0	0
832	6.7606389233419915	0	0	0	0	0	0	0	0	0	0	0	5.1830255911888099e-06	0.00045157110463232505	0.00079559442824748223	8.0984774862325138e-05	0	0.0010988014253320378	0.09573307418205379	0.16866601878846779	0.017168772270813086	0	0.0024515711046323293	0.21359313249109169	0.37631616456106248	0.038305798509880133	0	0.00033171363783608671	0.028900550696469057	0.050918043407839307	0.0051830255911888539	0	0	0	0	0	0	0	0	0	0	0	0	0	0	0	0	0	0	0	0
778	6.7606389233419915	0	0	0	0	0	0	0	0	0	0	0	0	0.00022222222222222023	0.00088888888888888091	0.00022222222222222023	0	0	0.047111111111111117	0.18844444444444447	0.047111111111111117	0	0	0.10511111111111111	0.42044444444444445	0.10511111111111111	0	0	0.014222222222222219	0.056888888888888878	0.014222222222222219	0	0	0	0	0	0	0	0	0	0	0	0	0	0	0	0	0	0	0	0
877	6.8406389233419915	0	0	0	0	0	0	0	0	0	0	4.3402777777774138e-07	1.7361111111109655e-06	4.3402777777774138e-07	0	0	0.029911892361111116	0.11964756944444446	0.029911892361111116	0	0	0.11100824652777776	0.44403298611111103	0.11100824652777776	0	0	0.025746093749999997	0.10298437499999999	0.025746093749999997	0	0	0	0	0	0	0	0	0	0	0	0	0	0	0	0	0	0	0	0	0	0
962	6.8406389233419915	0	0	0	0	0	0	0	0	0	0	1.5817338840296695e-07	1.5538953676707475e-06	8.819748137349439e-07	1.0123096857789887e-08	0	0.010900835408568189	0.1070898070537739	0.060783058238176237	0.00069765346614836428	0	0.040454900338111416	0.39742894092160663	0.22557652428530933	0.0025891136216391313	0	0.0093826872266763815	0.092175519314868795	0.052317863975947523	0.00060049198250728862	0	0	0	0	0	0	0	0	0	0	0	0	0	0	0	0	0	0	0	0	0
939	6.8406389233419915	0	0	0	0	0	0	0	0	0	0	3.4165451895040866e-08	1.1287252996435723e-06	1.360291140265516e-06	8.0984774862319094e-08	0	0.0023545804482507293	0.077788361475542606	0.093747184513686438	0.0055812277291869142	0	0.0087382584730320671	0.28868616881276316	0.34791214290775829	0.020712908973113051	0	0.0020266604409620989	0.06695485604956268	0.080691110149416906	0.0048039358600583089	0	0	0	0	0	0	0	0	0	0	0	0	0	0	0	0	0	0	0	0	0
881	6.8406389233419915	0	0	0	0	0	0	0	0	0	0	1.2653871072237358e-09	6.428166504696577e-07	1.6867610139292396e-06	2.7332361516032692e-07	0	8.7206683268545535e-05	0.044300995100421119	0.11624650879697117	0.018836643586005834	0	0.00032363920270489142	0.16440871497408482	0.43141105720562017	0.069906067784256537	0	7.5061497813411077e-05	0.038131240889212818	0.10005697658527694	0.016213283527696791	0	0	0	0	0	0	0	0	0	0	0	0	0	0	0	0	0	0	0	0	0
933	6.8406389233419915	0	0	0	0	0	0	0	0	0	0	0	2.7332361516032692e-07	1.6867610139292396e-06	6.428166504696577e-07	1.2653871072237358e-09	0	0.018836643586005834	0.11624650879697117	0.044300995100421119	8.7206683268545535e-05	0	0.069906067784256537	0.43141105720562017	0.16440871497408482	0.00032363920270489142	0	0.016213283527696791	0.10005697658527694	0.038131240889212818	7.5061497813411077e-05	0	0	0	0	0	0	0	0	0	0	0	0	0	0	0	0	0	0	0	0
893	6.8406389233419915	0	0	0	0	0	0	0	0	0	0	0	8.0984774862319094e-08	1.360291140265516e-06	1.1287252996435723e-06	3.4165451895040866e-08	0	0.0055812277291869142	0.093747184513686438	0.077788361475542606	0.0023545804482507293	0	0.020712908973113051	0.34791214290775829	0.28868616881276316	0.0087382584730320671	0	0.0048039358600583089	0.080691110149416906	0.06695485604956268	0.0020266604409620989	0	0	0	0	0	0	0	0	0	0	0	0	0	0	0	0	0	0	0	0
875	6.8406389233419915	0	0	0	0	0	0	0	0	0	0	0	1.0123096857789887e-08	8.819748137349439e-07	1.5538953676707475e-06	1.5817338840296695e-07	0	0.00069765346614836428	0.060783058238176237	0.1070898070537739	0.010900835408568189	0	0.0025891136216391313	0.22557652428530933	0.39742894092160663	0.040454900338111416	0	0.00060049198250728862	0.052317863975947523	0.092175519314868795	0.0093826872266763815	0	0	0	0	0	0	0	0	0	0	0	0	0	0	0	0	0	0	0	0
837	6.8406389233419915	0	0	0	0	0	0	0	0	0	0	0	0	4.3402777777774138e-07	1.7361111111109655e-06	4.3402777777774138e-07	0	0	0.029911892361111116	0.11964756944444446	0.029911892361111116	0	0	0.11100824652777776	0.44403298611111103	0.11100824652777776	0	0	0.025746093749999997	0.10298437499999999	0.025746093749999997	0	0	0	0	0	0	0	0	0	0	0	0	0	0	0	0	0	0	0	0
975	6.9206389233419916	0	0	0	0	0	0	0	0	0	0	0	0	0	0	0	0.017059027777777788	0.06823611111111115	0.017059027777777788	0	0	0.10764236111111108	0.43056944444444434	0.10764236111111108	0	0	0.041871527777777778	0.16748611111111111	0.041871527777777778	0	0	9.3750000000001181e-05	0.00037500000000000472	9.3750000000001181e-05	0	0	0	0	0	0	0	0	0	0	0	0	0	0	0	0	0
951	6.9206389233419916	0	0	0	0	0	0	0	0	0	0	0	0	0	0	0	0.0062168468577907376	0.061074303530936215	0.034665138079041161	0.00039787819889860728	0	0.039228265711046303	0.38537848234531896	0.21873680960479425	0.0025106090055069638	0	0.015259303126012305	0.14990739390994492	0.085085874230644634	0.00097659540006478775	0	3.4165451895044153e-05	0.00033564139941691384	0.00019050655976676626	2.1865889212828263e-06	0	0	0	0	0	0	0	0	0	0	0	0	0	0	0	0
998	6.9206389233419916	0	0	0	0	0	0	0	0	0	0	0	0	0	0	0	0.0013428389212827995	0.044363419177194711	0.053464882977000354	0.0031830255911888582	0	0.0084733053935860028	0.27993290411402649	0.3373630851149983	0.020084872044055711	0	0.0032960094752186586	0.10889038710722383	0.13123000688370587	0.007812763200518302	0	7.3797376093295384e-06	0.00024380466472303513	0.00029382288629737979	1.749271137026261e-05	0	0	0	0	0	0	0	0	0	0	0	0	0	0	0	0
999	6.9206389233419916	0	0	0	0	0	0	0	0	0	0	0	0	0	0	0	4.9734774862325909e-05	0.025265265630061561	0.066296454891480436	0.010742711370262396	0	0.00031382612568837048	0.15942367184969219	0.4183302255425978	0.067786443148688022	0	0.00012207442500809847	0.062013807904114017	0.16272520853579525	0.026368075801749269	0	2.7332361516035329e-07	0.00013884839650145944	0.00036434037900875087	5.9037900874636307e-05	0	0	0	0	0	0	0	0	0	0	0	0	0	0	0	0
967	6.9206389233419916	0	0	0	0	0	0	0	0	0	0	0	0	0	0	0	0	0.010742711370262396	0.066296454891480436	0.025265265630061561	4.9734774862325909e-05	0	0.067786443148688022	0.4183302255425978	0.15942367184969219	0.00031382612568837048	0	0.026368075801749269	0.16272520853579525	0.062013807904114017	0.00012207442500809847	0	5.9037900874636307e-05	0.00036434037900875087	0.00013884839650145944	2.7332361516035329e-07	0	0	0	0	0	0	0	0	0	0	0	0	0	0	0
950	6.9206389233419916	0	0	0	0	0	0	0	0	0	0	0	0	0	0	0	0	0.0031830255911888582	0.053464882977000354	0.044363419177194711	0.0013428389212827995	0	0.020084872044055711	0.3373630851149983	0.27993290411402649	0.0084733053935860028	0	0.007812763200518302	0.13123000688370587	0.10889038710722383	0.0032960094752186586	0	1.749271137026261e-05	0.00029382288629737979	0.00024380466472303513	7.3797376093295384e-06	0	0	0	0	0	0	0	0	0	0	0	0	0	0	0
935	6.9206389233419916	0	0	0	0	0	0	0	0	0	0	0	0	0	0	0	0	0.00039787819889860728	0.034665138079041161	0.061074303530936215	0.0062168468577907376	0	0.0025106090055069638	0.21873680960479425	0.38537848234531896	0.039228265711046303	0	0.00097659540006478775	0.085085874230644634	0.14990739390994492	0.015259303126012305	0	2.1865889212828263e-06	0.00019050655976676626	0.00033564139941691384	3.4165451895044153e-05	0	0	0	0	0	0	0	0	0	0	0	0	0	0	0
943	6.9206389233419916	0	0	0	0	0	0	0	0	0	0	0	0	0	0	0	0	0	0.017059027777777788	0.06823611111111115	0.017059027777777788	0	0	0.10764236111111108	0.43056944444444434	0.10764236111111108	0	0	0.041871527777777778	0.16748611111111111	0.041871527777777778	0	0	9.3750000000001181e-05	0.00037500000000000472	9.3750000000001181e-05	0	0	0	0	0	0	0	0	0	0	0	0	0	0	0
1041	7.0006389233419908	0	0	0	0	0	0	0	0	0	0	0	0	0	0	0	0.0085429687500000098	0.034171875000000039	0.0085429687500000098	0	0	0.096367621527777739	0.38547048611111095	0.096367621527777739	0	0	0.0608025173611111	0.2432100694444444	0.0608025173611111	0	0	0.00095355902777778255	0.0038142361111111302	0.00095355902777778255	0	0	0	0	0	0	0	0	0	0	0	0	0	0	0	0	0
1078	7.0006389233419908	0	0	0	0	0	0	0	0	0	0	0	0	0	0	0	0.0031133268039358628	0.030585322521865924	0.017359910258746378	0.00019925291545189527	0	0.035119395600502083	0.3450129423793325	0.19582574986839968	0.0022476413184321338	0	0.022158351807985088	0.21768364816164557	0.1235549696813249	0.0014181345157110461	0	0.00034750693432134927	0.0034139081227729357	0.001937698665775844	2.2240443796566357e-05	0	0	0	0	0	0	0	0	0	0	0	0	0	0	0	0
1086	7.0006389233419908	0	0	0	0	0	0	0	0	0	0	0	0	0	0	0	0.00067247858965014653	0.022216700072886324	0.026774610513848426	0.0015940233236151622	0	0.0075857894497084509	0.25061200700518294	0.30202680216431799	0.017981130547457071	0	0.0047862039905247804	0.15812199850178163	0.19056182554867182	0.011345076125688369	0	7.5061497813411456e-05	0.0024798094833171488	0.0029885596351636044	0.00017792355037253086	0	0	0	0	0	0	0	0	0	0	0	0	0	0	0	0
1024	7.0006389233419908	0	0	0	0	0	0	0	0	0	0	0	0	0	0	0	2.4906614431486909e-05	0.012652560131195348	0.033200517037172049	0.0053798287172011723	0	0.00028095516480401673	0.14272522372044047	0.37451323468375425	0.060686315597667607	0	0.00017726681446388076	0.090051541747651412	0.23629666368035301	0.038289631924198243	0	2.7800554745707947e-06	0.0014122681810819634	0.0037058139476028686	0.00060049198250729165	0	0	0	0	0	0	0	0	0	0	0	0	0	0	0	0
1050	7.0006389233419908	0	0	0	0	0	0	0	0	0	0	0	0	0	0	0	0	0.0053798287172011723	0.033200517037172049	0.012652560131195348	2.4906614431486909e-05	0	0.060686315597667607	0.37451323468375425	0.14272522372044047	0.00028095516480401673	0	0.038289631924198243	0.23629666368035301	0.090051541747651412	0.00017726681446388076	0	0.00060049198250729165	0.0037058139476028686	0.0014122681810819634	2.7800554745707947e-06	0	0	0	0	0	0	0	0	0	0	0	0	0	0	0
953	7.0006389233419908	0	0	0	0	0	0	0	0	0	0	0	0	0	0	0	0	0.0015940233236151622	0.026774610513848426	0.022216700072886324	0.00067247858965014653	0	0.017981130547457071	0.30202680216431799	0.25061200700518294	0.0075857894497084509	0	0.011345076125688369	0.19056182554867182	0.15812199850178163	0.0047862039905247804	0	0.00017792355037253086	0.0029885596351636044	0.0024798094833171488	7.5061497813411456e-05	0	0	0	0	0	0	0	0	0	0	0	0	0	0	0
1034	7.0006389233419908	0	0	0	0	0	0	0	0	0	0	0	0	0	0	0	0	0.00019925291545189527	0.017359910258746378	0.030585322521865924	0.0031133268039358628	0	0.0022476413184321338	0.19582574986839968	0.3450129423793325	0.035119395600502083	0	0.0014181345157110461	0.1235549696813249	0.21768364816164557	0.022158351807985088	0	2.2240443796566357e-05	0.001937698665775844	0.0034139081227729357	0.00034750693432134927	0	0	0	0	0	0	0	0	0	0	0	0	0	0	0
973	7.0006389233419908	0	0	0	0	0	0	0	0	0	0	0	0	0	0	0	0	0	0.0085429687500000098	0.034171875000000039	0.0085429687500000098	0	0	0.096367621527777739	0.38547048611111095	0.096367621527777739	0	0	0.0608025173611111	0.2432100694444444	0.0608025173611111	0	0	0.00095355902777778255	0.0038142361111111302	0.00095355902777778255	0	0	0	0	0	0	0	0	0	0	0	0	0	0	0
1159	7.0806389233419909	0	0	0	0	0	0	0	0	0	0	0	0	0	0	0	0.0034722222222222307	0.013888888888888923	0.0034722222222222307	0	0	0.079861111111111091	0.31944444444444436	0.079861111111111091	0	0	0.079861111111111091	0.31944444444444436	0.079861111111111091	0	0	0.0034722222222222316	0.013888888888888926	0.0034722222222222316	0	0	0	0	0	0	0	0	0	0	0	0	0	0	0	0	0
1191	7.0806389233419909	0	0	0	0	0	0	0	0	0	0	0	0	0	0	0	0.0012653871072238446	0.012431162941367053	0.0070557985098801601	8.0984774862326073e-05	0	0.029103903466148349	0.28591674765144143	0.16228336572724325	0.0018626498218334948	0	0.029103903466148349	0.28591674765144143	0.16228336572724325	0.0018626498218334948	0	0.001265387107223845	0.012431162941367056	0.0070557985098801618	8.09847748623261e-05	0	0	0	0	0	0	0	0	0	0	0	0	0	0	0	0
1158	7.0806389233419909	0	0	0	0	0	0	0	0	0	0	0	0	0	0	0	0.00027332361516035051	0.0090298023971493568	0.010882329122125067	0.00064787819889860858	0	0.0062864431486880446	0.20768545513443468	0.25029356980887585	0.014901198574667958	0	0.0062864431486880446	0.20768545513443468	0.25029356980887585	0.014901198574667958	0	0.00027332361516035057	0.0090298023971493602	0.01088232912212507	0.0006478781988986088	0	0	0	0	0	0	0	0	0	0	0	0	0	0	0	0
1115	7.0806389233419909	0	0	0	0	0	0	0	0	0	0	0	0	0	0	0	1.0123096857790759e-05	0.0051425332037577046	0.013494088111435081	0.0021865889212828041	0	0.00023283122772918685	0.11827826368642691	0.31036402656300605	0.050291545189504357	0	0.00023283122772918685	0.11827826368642691	0.31036402656300605	0.050291545189504357	0	1.0123096857790762e-05	0.0051425332037577064	0.013494088111435085	0.0021865889212828045	0	0	0	0	0	0	0	0	0	0	0	0	0	0	0	0
1112	7.0806389233419909	0	0	0	0	0	0	0	0	0	0	0	0	0	0	0	0	0.0021865889212828041	0.013494088111435081	0.0051425332037577046	1.0123096857790759e-05	0	0.050291545189504357	0.31036402656300605	0.11827826368642691	0.00023283122772918685	0	0.050291545189504357	0.31036402656300605	0.11827826368642691	0.00023283122772918685	0	0.0021865889212828045	0.013494088111435085	0.0051425332037577064	1.0123096857790762e-05	0	0	0	0	0	0	0	0	0	0	0	0	0	0	0
1090	7.0806389233419909	0	0	0	0	0	0	0	0	0	0	0	0	0	0	0	0	0.00064787819889860858	0.010882329122125067	0.0090298023971493568	0.00027332361516035051	0	0.014901198574667958	0.25029356980887585	0.20768545513443468	0.0062864431486880446	0	0.014901198574667958	0.25029356980887585	0.20768545513443468	0.0062864431486880446	0	0.0006478781988986088	0.01088232912212507	0.0090298023971493602	0.00027332361516035057	0	0	0	0	0	0	0	0	0	0	0	0	0	0	0
1058	7.0806389233419909	0	0	0	0	0	0	0	0	0	0	0	0	0	0	0	0	8.0984774862326073e-05	0.0070557985098801601	0.012431162941367053	0.0012653871072238446	0	0.0018626498218334948	0.16228336572724325	0.28591674765144143	0.029103903466148349	0	0.0018626498218334948	0.16228336572724325	0.28591674765144143	0.029103903466148349	0	8.09847748623261e-05	0.0070557985098801618	0.012431162941367056	0.001265387107223845	0	0	0	0	0	0	0	0	0	0	0	0	0	0	0
1051	7.0806389233419909	0	0	0	0	0	0	0	0	0	0	0	0	0	0	0	0	0	0.0034722222222222307	0.013888888888888923	0.0034722222222222307	0	0	0.079861111111111091	0.31944444444444436	0.079861111111111091	0	0	0.079861111111111091	0.31944444444444436	0.079861111111111091	0	0	0.0034722222222222316	0.013888888888888926	0.0034722222222222316	0	0	0	0	0	0	0	0	0	0	0	0	0	0	0
1373	7.1606389233419909	0	0	0	0	0	0	0	0	0	0	0	0	0	0	0	0.00095355902777778212	0.0038142361111111285	0.00095355902777778212	0	0	0.0608025173611111	0.2432100694444444	0.0608025173611111	0	0	0.096367621527777739	0.38547048611111095	0.096367621527777739	0	0	0.0085429687500000132	0.034171875000000053	0.0085429687500000132	0	0	0	0	0	0	0	0	0	0	0	0	0	0	0	0	0
1310	7.1606389233419909	0	0	0	0	0	0	0	0	0	0	0	0	0	0	0	0.00034750693432134911	0.003413908122772934	0.0019376986657758432	2.2240443796566347e-05	0	0.022158351807985088	0.21768364816164557	0.1235549696813249	0.0014181345157110461	0	0.035119395600502083	0.3450129423793325	0.19582574986839968	0.0022476413184321338	0	0.0031133268039358641	0.030585322521865934	0.017359910258746385	0.00019925291545189536	0	0	0	0	0	0	0	0	0	0	0	0	0	0	0	0
1257	7.1606389233419909	0	0	0	0	0	0	0	0	0	0	0	0	0	0	0	7.5061497813411416e-05	0.0024798094833171475	0.0029885596351636031	0.00017792355037253078	0	0.0047862039905247804	0.15812199850178163	0.19056182554867182	0.011345076125688369	0	0.0075857894497084509	0.25061200700518294	0.30202680216431799	0.017981130547457071	0	0.00067247858965014675	0.022216700072886331	0.02677461051384844	0.0015940233236151628	0	0	0	0	0	0	0	0	0	0	0	0	0	0	0	0
1179	7.1606389233419909	0	0	0	0	0	0	0	0	0	0	0	0	0	0	0	2.7800554745707934e-06	0.0014122681810819627	0.0037058139476028669	0.00060049198250729133	0	0.00017726681446388076	0.090051541747651412	0.23629666368035301	0.038289631924198243	0	0.00028095516480401673	0.14272522372044047	0.37451323468375425	0.060686315597667607	0	2.4906614431486919e-05	0.012652560131195353	0.033200517037172056	0.005379828717201174	0	0	0	0	0	0	0	0	0	0	0	0	0	0	0	0
1212	7.1606389233419909	0	0	0	0	0	0	0	0	0	0	0	0	0	0	0	0	0.00060049198250729133	0.0037058139476028669	0.0014122681810819627	2.7800554745707934e-06	0	0.038289631924198243	0.23629666368035301	0.090051541747651412	0.00017726681446388076	0	0.060686315597667607	0.37451323468375425	0.14272522372044047	0.00028095516480401673	0	0.005379828717201174	0.033200517037172056	0.012652560131195353	2.4906614431486919e-05	0	0	0	0	0	0	0	0	0	0	0	0	0	0	0
1251	7.1606389233419909	0	0	0	0	0	0	0	0	0	0	0	0	0	0	0	0	0.00017792355037253078	0.0029885596351636031	0.0024798094833171475	7.5061497813411416e-05	0	0.011345076125688369	0.19056182554867182	0.15812199850178163	0.0047862039905247804	0	0.017981130547457071	0.30202680216431799	0.25061200700518294	0.0075857894497084509	0	0.0015940233236151628	0.02677461051384844	0.022216700072886331	0.00067247858965014675	0	0	0	0	0	0	0	0	0	0	0	0	0	0	0
1183	7.1606389233419909	0	0	0	0	0	0	0	0	0	0	0	0	0	0	0	0	2.2240443796566347e-05	0.0019376986657758432	0.003413908122772934	0.00034750693432134911	0	0.0014181345157110461	0.1235549696813249	0.21768364816164557	0.022158351807985088	0	0.0022476413184321338	0.19582574986839968	0.3450129423793325	0.035119395600502083	0	0.00019925291545189536	0.017359910258746385	0.030585322521865934	0.0031133268039358641	0	0	0	0	0	0	0	0	0	0	0	0	0	0	0
1171	7.1606389233419909	0	0	0	0	0	0	0	0	0	0	0	0	0	0	0	0	0	0.00095355902777778212	0.0038142361111111285	0.00095355902777778212	0	0	0.0608025173611111	0.2432100694444444	0.0608025173611111	0	0	0.096367621527777739	0.38547048611111095	0.096367621527777739	0	0	0.0085429687500000132	0.034171875000000053	0.0085429687500000132	0	0	0	0	0	0	0	0	0	0	0	0	0	0	0
1288	7.240638923341991	0	0	0	0	0	0	0	0	0	0	0	0	0	0	0	9.3750000000001167e-05	0.00037500000000000467	9.3750000000001167e-05	0	0	0.041871527777777778	0.16748611111111111	0.041871527777777778	0	0	0.10764236111111108	0.43056944444444434	0.10764236111111108	0	0	0.017059027777777798	0.068236111111111192	0.017059027777777798	0	0	0	0	0	0	0	0	0	0	0	0	0	0	0	0	0
1403	7.240638923341991	0	0	0	0	0	0	0	0	0	0	0	0	0	0	0	3.4165451895044146e-05	0.00033564139941691379	0.00019050655976676621	2.1865889212828259e-06	0	0.015259303126012305	0.14990739390994492	0.085085874230644634	0.00097659540006478775	0	0.039228265711046303	0.38537848234531896	0.21873680960479425	0.0025106090055069638	0	0.006216846857790741	0.06107430353093625	0.034665138079041181	0.00039787819889860749	0	0	0	0	0	0	0	0	0	0	0	0	0	0	0	0
1325	7.240638923341991	0	0	0	0	0	0	0	0	0	0	0	0	0	0	0	7.3797376093295375e-06	0.0002438046647230351	0.00029382288629737973	1.7492711370262607e-05	0	0.0032960094752186586	0.10889038710722383	0.13123000688370587	0.007812763200518302	0	0.0084733053935860028	0.27993290411402649	0.3373630851149983	0.020084872044055711	0	0.0013428389212828003	0.044363419177194739	0.053464882977000382	0.0031830255911888599	0	0	0	0	0	0	0	0	0	0	0	0	0	0	0	0
1349	7.240638923341991	0	0	0	0	0	0	0	0	0	0	0	0	0	0	0	2.7332361516035324e-07	0.00013884839650145941	0.00036434037900875081	5.90379008746363e-05	0	0.00012207442500809847	0.062013807904114017	0.16272520853579525	0.026368075801749269	0	0.00031382612568837048	0.15942367184969219	0.4183302255425978	0.067786443148688022	0	4.9734774862325936e-05	0.025265265630061574	0.066296454891480464	0.010742711370262403	0	0	0	0	0	0	0	0	0	0	0	0	0	0	0	0
1357	7.240638923341991	0	0	0	0	0	0	0	0	0	0	0	0	0	0	0	0	5.90379008746363e-05	0.00036434037900875081	0.00013884839650145941	2.7332361516035324e-07	0	0.026368075801749269	0.16272520853579525	0.062013807904114017	0.00012207442500809847	0	0.067786443148688022	0.4183302255425978	0.15942367184969219	0.00031382612568837048	0	0.010742711370262403	0.066296454891480464	0.025265265630061574	4.9734774862325936e-05	0	0	0	0	0	0	0	0	0	0	0	0	0	0	0
1311	7.240638923341991	0	0	0	0	0	0	0	0	0	0	0	0	0	0	0	0	1.7492711370262607e-05	0.00029382288629737973	0.0002438046647230351	7.3797376093295375e-06	0	0.007812763200518302	0.13123000688370587	0.10889038710722383	0.0032960094752186586	0	0.020084872044055711	0.3373630851149983	0.27993290411402649	0.0084733053935860028	0	0.0031830255911888599	0.053464882977000382	0.044363419177194739	0.0013428389212828003	0	0	0	0	0	0	0	0	0	0	0	0	0	0	0
1317	7.240638923341991	0	0	0	0	0	0	0	0	0	0	0	0	0	0	0	0	2.1865889212828259e-06	0.00019050655976676621	0.00033564139941691379	3.4165451895044146e-05	0	0.00097659540006478775	0.085085874230644634	0.14990739390994492	0.015259303126012305	0	0.0025106090055069638	0.21873680960479425	0.38537848234531896	0.039228265711046303	0	0.00039787819889860749	0.034665138079041181	0.06107430353093625	0.006216846857790741	0	0	0	0	0	0	0	0	0	0	0	0	0	0	0
1307	7.240638923341991	0	0	0	0	0	0	0	0	0	0	0	0	0	0	0	0	0	9.3750000000001167e-05	0.00037500000000000467	9.3750000000001167e-05	0	0	0.041871527777777778	0.16748611111111111	0.041871527777777778	0	0	0.10764236111111108	0.43056944444444434	0.10764236111111108	0	0	0.017059027777777798	0.068236111111111192	0.017059027777777798	0	0	0	0	0	0	0	0	0	0	0	0	0	0	0
1551	7.3206389233419911	0	0	0	0	0	0	0	0	0	0	0	0	0	0	0	0	0	0	0	0	0.025746093749999997	0.10298437499999999	0.025746093749999997	0	0	0.11100824652777774	0.44403298611111097	0.11100824652777774	0	0	0.02991189236111113	0.11964756944444452	0.02991189236111113	0	0	4.340277777777418e-07	1.7361111111109672e-06	4.340277777777418e-07	0	0	0	0	0	0	0	0	0	0	0	0
1485	7.3206389233419911	0	0	0	0	0	0	0	0	0	0	0	0	0	0	0	0	0	0	0	0	0.0093826872266763815	0.092175519314868795	0.052317863975947523	0.00060049198250728862	0	0.040454900338111409	0.39742894092160658	0.22557652428530928	0.0025891136216391309	0	0.010900835408568194	0.10708980705377395	0.060783058238176264	0.0006976534661483646	0	1.5817338840296708e-07	1.553895367670749e-06	8.8197481373494475e-07	1.0123096857789897e-08	0	0	0	0	0	0	0	0	0	0	0
1482	7.3206389233419911	0	0	0	0	0	0	0	0	0	0	0	0	0	0	0	0	0	0	0	0	0.0020266604409620989	0.06695485604956268	0.080691110149416906	0.0048039358600583089	0	0.0087382584730320671	0.2886861688127631	0.34791214290775824	0.020712908973113047	0	0.0023545804482507302	0.077788361475542647	0.093747184513686493	0.0055812277291869168	0	3.4165451895040899e-08	1.1287252996435734e-06	1.3602911402655173e-06	8.0984774862319173e-08	0	0	0	0	0	0	0	0	0	0	0
1491	7.3206389233419911	0	0	0	0	0	0	0	0	0	0	0	0	0	0	0	0	0	0	0	0	7.5061497813411077e-05	0.038131240889212818	0.10005697658527694	0.016213283527696791	0	0.00032363920270489136	0.1644087149740848	0.43141105720562012	0.069906067784256537	0	8.7206683268545575e-05	0.044300995100421139	0.11624650879697122	0.018836643586005841	0	1.2653871072237371e-09	6.4281665046965833e-07	1.6867610139292413e-06	2.7332361516032719e-07	0	0	0	0	0	0	0	0	0	0	0
1403	7.3206389233419911	0	0	0	0	0	0	0	0	0	0	0	0	0	0	0	0	0	0	0	0	0	0.016213283527696791	0.10005697658527694	0.038131240889212818	7.5061497813411077e-05	0	0.069906067784256537	0.43141105720562012	0.1644087149740848	0.00032363920270489136	0	0.018836643586005841	0.11624650879697122	0.044300995100421139	8.7206683268545575e-05	0	2.7332361516032719e-07	1.6867610139292413e-06	6.4281665046965833e-07	1.2653871072237371e-09	0	0	0	0	0	0	0	0	0	0
1424	7.3206389233419911	0	0	0	0	0	0	0	0	0	0	0	0	0	0	0	0	0	0	0	0	0	0.0048039358600583089	0.080691110149416906	0.06695485604956268	0.0020266604409620989	0	0.020712908973113047	0.34791214290775824	0.2886861688127631	0.0087382584730320671	0	0.0055812277291869168	0.093747184513686493	0.077788361475542647	0.0023545804482507302	0	8.0984774862319173e-08	1.3602911402655173e-06	1.1287252996435734e-06	3.4165451895040899e-08	0	0	0	0	0	0	0	0	0	0
1492	7.3206389233419911	0	0	0	0	0	0	0	0	0	0	0	0	0	0	0	0	0	0	0	0	0	0.00060049198250728862	0.052317863975947523	0.092175519314868795	0.0093826872266763815	0	0.0025891136216391309	0.22557652428530928	0.39742894092160658	0.040454900338111409	0	0.0006976534661483646	0.060783058238176264	0.10708980705377395	0.010900835408568194	0	1.0123096857789897e-08	8.8197481373494475e-07	1.553895367670749e-06	1.5817338840296708e-07	0	0	0	0	0	0	0	0	0	0
1350	7.3206389233419911	0	0	0	0	0	0	0	0	0	0	0	0	0	0	0	0	0	0	0	0	0	0	0.025746093749999997	0.10298437499999999	0.025746093749999997	0	0	0.11100824652777774	0.44403298611111097	0.11100824652777774	0	0	0.02991189236111113	0.11964756944444452	0.02991189236111113	0	0	4.340277777777418e-07	1.7361111111109672e-06	4.340277777777418e-07	0	0	0	0	0	0	0	0	0	0
1635	7.4006389233419911	0	0	0	0	0	0	0	0	0	0	0	0	0	0	0	0	0	0	0	0	0.014222222222222219	0.056888888888888878	0.014222222222222219	0	0	0.1051111111111111	0.4204444444444444	0.1051111111111111	0	0	0.047111111111111138	0.18844444444444455	0.047111111111111138	0	0	0.00022222222222222039	0.00088888888888888156	0.00022222222222222039	0	0	0	0	0	0	0	0	0	0	0	0
1565	7.4006389233419911	0	0	0	0	0	0	0	0	0	0	0	0	0	0	0	0	0	0	0	0	0.0051830255911888539	0.050918043407839307	0.028900550696469057	0.00033171363783608671	0	0.038305798509880126	0.37631616456106243	0.21359313249109166	0.0024515711046323289	0	0.017168772270813093	0.16866601878846785	0.095733074182053832	0.0010988014253320382	0	8.0984774862325192e-05	0.00079559442824748289	0.00045157110463232543	5.1830255911888142e-06	0	0	0	0	0	0	0	0	0	0	0
1626	7.4006389233419911	0	0	0	0	0	0	0	0	0	0	0	0	0	0	0	0	0	0	0	0	0.0011195335276967928	0.036986070618723672	0.044574020084224154	0.0026537091026886937	0	0.0082740524781341092	0.27335017816650464	0.32942986718496919	0.019612568837058631	0	0.0037084548104956289	0.12251635892452226	0.14765144152899262	0.0087904114026563056	0	1.7492711370262245e-05	0.00057790735341755272	0.00069646906381599688	4.1464204729510513e-05	0	0	0	0	0	0	0	0	0	0	0
1606	7.4006389233419911	0	0	0	0	0	0	0	0	0	0	0	0	0	0	0	0	0	0	0	0	4.1464204729510839e-05	0.021063816002591506	0.055271784904437946	0.0089562682215743421	0	0.00030644638807904111	0.15567476514415285	0.40849303530936171	0.066192419825072873	0	0.00013735017816650477	0.069773890508584416	0.18308778749595084	0.029667638483965031	0	6.4787819889860177e-07	0.00032912212504048962	0.00086362163913183596	0.00013994169096209796	0	0	0	0	0	0	0	0	0	0	0
1475	7.4006389233419911	0	0	0	0	0	0	0	0	0	0	0	0	0	0	0	0	0	0	0	0	0	0.0089562682215743421	0.055271784904437946	0.021063816002591506	4.1464204729510839e-05	0	0.066192419825072873	0.40849303530936171	0.15567476514415285	0.00030644638807904111	0	0.029667638483965031	0.18308778749595084	0.069773890508584416	0.00013735017816650477	0	0.00013994169096209796	0.00086362163913183596	0.00032912212504048962	6.4787819889860177e-07	0	0	0	0	0	0	0	0	0	0
1564	7.4006389233419911	0	0	0	0	0	0	0	0	0	0	0	0	0	0	0	0	0	0	0	0	0	0.0026537091026886937	0.044574020084224154	0.036986070618723672	0.0011195335276967928	0	0.019612568837058631	0.32942986718496919	0.27335017816650464	0.0082740524781341092	0	0.0087904114026563056	0.14765144152899262	0.12251635892452226	0.0037084548104956289	0	4.1464204729510513e-05	0.00069646906381599688	0.00057790735341755272	1.7492711370262245e-05	0	0	0	0	0	0	0	0	0	0
1511	7.4006389233419911	0	0	0	0	0	0	0	0	0	0	0	0	0	0	0	0	0	0	0	0	0	0.00033171363783608671	0.028900550696469057	0.050918043407839307	0.0051830255911888539	0	0.0024515711046323289	0.21359313249109166	0.37631616456106243	0.038305798509880126	0	0.0010988014253320382	0.095733074182053832	0.16866601878846785	0.017168772270813093	0	5.1830255911888142e-06	0.00045157110463232543	0.00079559442824748289	8.0984774862325192e-05	0	0	0	0	0	0	0	0	0	0
1465	7.4006389233419911	0	0	0	0	0	0	0	0	0	0	0	0	0	0	0	0	0	0	0	0	0	0	0.014222222222222219	0.056888888888888878	0.014222222222222219	0	0	0.1051111111111111	0.4204444444444444	0.1051111111111111	0	0	0.047111111111111138	0.18844444444444455	0.047111111111111138	0	0	0.00022222222222222039	0.00088888888888888156	0.00022222222222222039	0	0	0	0	0	0	0	0	0	0
1751	7.4806389233419912	0	0	0	0	0	0	0	0	0	0	0	0	0	0	0	0	0	0	0	0	0.0067816840277777745	0.027126736111111098	0.0067816840277777745	0	0	0.092068142361111077	0.36827256944444431	0.092068142361111077	0	0	0.066351996527777818	0.26540798611111127	0.066351996527777818	0	0	0.001464843749999995	0.0058593749999999801	0.001464843749999995	0	0	0	0	0	0	0	0	0	0	0	0
1800	7.4806389233419912	0	0	0	0	0	0	0	0	0	0	0	0	0	0	0	0	0	0	0	0	0.0024714591937965644	0.024279615119857455	0.013780856464609647	0.00015817338840298017	0	0.033552530014982165	0.32962005486718482	0.18708890736354061	0.0021473619209588591	0	0.024180756752105612	0.23755175433268558	0.13483189964974093	0.0015475684321347594	0	0.00053383518586005638	0.0052443968658891947	0.002976664996355675	3.4165451895043618e-05	0	0	0	0	0	0	0	0	0	0	0
1742	7.4806389233419912	0	0	0	0	0	0	0	0	0	0	0	0	0	0	0	0	0	0	0	0	0.000533835185860058	0.017636332806932289	0.021254549066650461	0.0012653871072238413	0	0.007247346483236149	0.23943085418691279	0.2885517581288467	0.017178895367670872	0	0.0052230434584548133	0.1725538801830257	0.20795450806810831	0.012380547457078075	0	0.00011530840014577219	0.0038094478862973633	0.0045909825983964855	0.00027332361516034894	0	0	0	0	0	0	0	0	0	0	0
1668	7.4806389233419912	0	0	0	0	0	0	0	0	0	0	0	0	0	0	0	0	0	0	0	0	1.9771673550372521e-05	0.010044010163589238	0.026355640842646567	0.004270681486880464	0	0.00026842024011985738	0.13635748198088754	0.35780418007976983	0.057978771865889192	0	0.00019344605401684493	0.098270595440557218	0.25786359000445425	0.041784347667638506	0	4.2706814868804522e-06	0.0021695061953352691	0.0056928184220116414	0.00092246720116617752	0	0	0	0	0	0	0	0	0	0	0
1683	7.4806389233419912	0	0	0	0	0	0	0	0	0	0	0	0	0	0	0	0	0	0	0	0	0	0.004270681486880464	0.026355640842646567	0.010044010163589238	1.9771673550372521e-05	0	0.057978771865889192	0.35780418007976983	0.13635748198088754	0.00026842024011985738	0	0.041784347667638506	0.25786359000445425	0.098270595440557218	0.00019344605401684493	0	0.00092246720116617752	0.0056928184220116414	0.0021695061953352691	4.2706814868804522e-06	0	0	0	0	0	0	0	0	0	0
1658	7.4806389233419912	0	0	0	0	0	0	0	0	0	0	0	0	0	0	0	0	0	0	0	0	0	0.0012653871072238413	0.021254549066650461	0.017636332806932289	0.000533835185860058	0	0.017178895367670872	0.2885517581288467	0.23943085418691279	0.007247346483236149	0	0.012380547457078075	0.20795450806810831	0.1725538801830257	0.0052230434584548133	0	0.00027332361516034894	0.0045909825983964855	0.0038094478862973633	0.00011530840014577219	0	0	0	0	0	0	0	0	0	0
1677	7.4806389233419912	0	0	0	0	0	0	0	0	0	0	0	0	0	0	0	0	0	0	0	0	0	0.00015817338840298017	0.013780856464609647	0.024279615119857455	0.0024714591937965644	0	0.0021473619209588591	0.18708890736354061	0.32962005486718482	0.033552530014982165	0	0.0015475684321347594	0.13483189964974093	0.23755175433268558	0.024180756752105612	0	3.4165451895043618e-05	0.002976664996355675	0.0052443968658891947	0.00053383518586005638	0	0	0	0	0	0	0	0	0	0
1618	7.4806389233419912	0	0	0	0	0	0	0	0	0	0	0	0	0	0	0	0	0	0	0	0	0	0	0.0067816840277777745	0.027126736111111098	0.0067816840277777745	0	0	0.092068142361111077	0.36827256944444431	0.092068142361111077	0	0	0.066351996527777818	0.26540798611111127	0.066351996527777818	0	0	0.001464843749999995	0.0058593749999999801	0.001464843749999995	0	0	0	0	0	0	0	0	0	0
1914	7.5606389233419913	0	0	0	0	0	0	0	0	0	0	0	0	0	0	0	0	0	0	0	0	0.0025312499999999962	0.010124999999999985	0.0025312499999999962	0	0	0.074559027777777717	0.29823611111111087	0.074559027777777717	0	0	0.084954861111111141	0.33981944444444456	0.084954861111111141	0	0	0.0046215277777777695	0.018486111111111078	0.0046215277777777695	0	0	0	0	0	0	0	0	0	0	0	0
1849	7.5606389233419913	0	0	0	0	0	0	0	0	0	0	0	0	0	0	0	0	0	0	0	0	0.00092246720116617915	0.0090623177842565454	0.0051436771137026169	5.903790087463548e-05	0	0.02717165735341753	0.26693436183997388	0.15150916140265619	0.0017389860706187223	0	0.030960226352445747	0.30415326368642703	0.17263422214123753	0.0019814544865565283	0	0.0016842302397149303	0.016545877874959477	0.0093912678166504539	0.00010779073534175557	0	0	0	0	0	0	0	0	0	0	0
1869	7.5606389233419913	0	0	0	0	0	0	0	0	0	0	0	0	0	0	0	0	0	0	0	0	0.00019925291545189473	0.0065827259475218563	0.0079332179300291433	0.00047230320699708384	0	0.0058690779883381877	0.19389694687398754	0.23367625323939081	0.013911888564949779	0	0.0066874088921282824	0.22093217525105288	0.26625794663103347	0.015851635892452226	0	0.00036379373177842502	0.012018666990605746	0.014484380061548405	0.00086232588273404455	0	0	0	0	0	0	0	0	0	0	0
1862	7.5606389233419913	0	0	0	0	0	0	0	0	0	0	0	0	0	0	0	0	0	0	0	0	7.379737609329435e-06	0.0037489067055393524	0.0098371902332361361	0.0015940233236151579	0	0.00021737325882734029	0.11042561548428885	0.28975855401684458	0.046952623906705501	0	0.00024768181081956603	0.12582235989633953	0.33015985382248147	0.053499271137026259	0	1.3473841917719446e-05	0.0068447116942014774	0.01796063127632002	0.0029103498542274002	0	0	0	0	0	0	0	0	0	0	0
1801	7.5606389233419913	0	0	0	0	0	0	0	0	0	0	0	0	0	0	0	0	0	0	0	0	0	0.0015940233236151579	0.0098371902332361361	0.0037489067055393524	7.379737609329435e-06	0	0.046952623906705501	0.28975855401684458	0.11042561548428885	0.00021737325882734029	0	0.053499271137026259	0.33015985382248147	0.12582235989633953	0.00024768181081956603	0	0.0029103498542274002	0.01796063127632002	0.0068447116942014774	1.3473841917719446e-05	0	0	0	0	0	0	0	0	0	0
1796	7.5606389233419913	0	0	0	0	0	0	0	0	0	0	0	0	0	0	0	0	0	0	0	0	0	0.00047230320699708384	0.0079332179300291433	0.0065827259475218563	0.00019925291545189473	0	0.013911888564949779	0.23367625323939081	0.19389694687398754	0.0058690779883381877	0	0.015851635892452226	0.26625794663103347	0.22093217525105288	0.0066874088921282824	0	0.00086232588273404455	0.014484380061548405	0.012018666990605746	0.00036379373177842502	0	0	0	0	0	0	0	0	0	0
1753	7.5606389233419913	0	0	0	0	0	0	0	0	0	0	0	0	0	0	0	0	0	0	0	0	0	5.903790087463548e-05	0.0051436771137026169	0.0090623177842565454	0.00092246720116617915	0	0.0017389860706187223	0.15150916140265619	0.26693436183997388	0.02717165735341753	0	0.0019814544865565283	0.17263422214123753	0.30415326368642703	0.030960226352445747	0	0.00010779073534175557	0.0093912678166504539	0.016545877874959477	0.0016842302397149303	0	0	0	0	0	0	0	0	0	0
1731	7.5606389233419913	0	0	0	0	0	0	0	0	0	0	0	0	0	0	0	0	0	0	0	0	0	0	0.0025312499999999962	0.010124999999999985	0.0025312499999999962	0	0	0.074559027777777717	0.29823611111111087	0.074559027777777717	0	0	0.084954861111111141	0.33981944444444456	0.084954861111111141	0	0	0.0046215277777777695	0.018486111111111078	0.0046215277777777695	0	0	0	0	0	0	0	0	0	0
2126	7.6406389233419914	0	0	0	0	0	0	0	0	0	0	0	0	0	0	0	0	0	0	0	0	0.00057769097222222054	0.0023107638888888822	0.00057769097222222054	0	0	0.055263454861111047	0.22105381944444419	0.055263454861111047	0	0	0.10024001736111117	0.40096006944444468	0.10024001736111117	0	0	0.010585503472222216	0.042342013888888863	0.010585503472222216	0	0	0	0	0	0	0	0	0	0	0	0
2078	7.6406389233419914	0	0	0	0	0	0	0	0	0	0	0	0	0	0	0	0	0	0	0	0	0.00021052877996436602	0.002068234734369932	0.0011739084770813052	1.3473841917719429e-05	0	0.020139743025186237	0.19785283547942964	0.11229920710843849	0.0012889435536119194	0	0.036530618571833505	0.35887679684969243	0.20369472915654369	0.002337959588597345	0	0.0038576907697602815	0.037897954122125016	0.021510483732183335	0.00024689220926465809	0	0	0	0	0	0	0	0	0	0	0
1991	7.6406389233419914	0	0	0	0	0	0	0	0	0	0	0	0	0	0	0	0	0	0	0	0	4.5474216472303067e-05	0.0015023333738257163	0.0018105475076935483	0.00010779073534175543	0	0.0043501844934402279	0.14371720622772902	0.17320179001660169	0.010311548428895355	0	0.0078906136115160386	0.26068249412860395	0.31416331971776823	0.01870367670877876	0	0.000833261206268221	0.027528481333009377	0.033176140619938427	0.0019751376741172647	0	0	0	0	0	0	0	0	0	0	0
1984	7.6406389233419914	0	0	0	0	0	0	0	0	0	0	0	0	0	0	0	0	0	0	0	0	1.6842302397149286e-06	0.00085558896177518359	0.0022450789095399995	0.00036379373177842454	0	0.00016111794420148993	0.081847915654356881	0.21477021962058607	0.034801475947521823	0	0.00029224494857466813	0.14846043387593139	0.38956251645003259	0.063124908892128309	0	3.0861526158082261e-05	0.015677655288305784	0.041138414368723647	0.006666089650145768	0	0	0	0	0	0	0	0	0	0	0
2007	7.6406389233419914	0	0	0	0	0	0	0	0	0	0	0	0	0	0	0	0	0	0	0	0	0	0.00036379373177842454	0.0022450789095399995	0.00085558896177518359	1.6842302397149286e-06	0	0.034801475947521823	0.21477021962058607	0.081847915654356881	0.00016111794420148993	0	0.063124908892128309	0.38956251645003259	0.14846043387593139	0.00029224494857466813	0	0.006666089650145768	0.041138414368723647	0.015677655288305784	3.0861526158082261e-05	0	0	0	0	0	0	0	0	0	0
1974	7.6406389233419914	0	0	0	0	0	0	0	0	0	0	0	0	0	0	0	0	0	0	0	0	0	0.00010779073534175543	0.0018105475076935483	0.0015023333738257163	4.5474216472303067e-05	0	0.010311548428895355	0.17320179001660169	0.14371720622772902	0.0043501844934402279	0	0.01870367670877876	0.31416331971776823	0.26068249412860395	0.0078906136115160386	0	0.0019751376741172647	0.033176140619938427	0.027528481333009377	0.000833261206268221	0	0	0	0	0	0	0	0	0	0
1957	7.6406389233419914	0	0	0	0	0	0	0	0	0	0	0	0	0	0	0	0	0	0	0	0	0	1.3473841917719429e-05	0.0011739084770813052	0.002068234734369932	0.00021052877996436602	0	0.0012889435536119194	0.11229920710843849	0.19785283547942964	0.020139743025186237	0	0.002337959588597345	0.20369472915654369	0.35887679684969243	0.036530618571833505	0	0.00024689220926465809	0.021510483732183335	0.037897954122125016	0.0038576907697602815	0	0	0	0	0	0	0	0	0	0
1888	7.6406389233419914	0	0	0	0	0	0	0	0	0	0	0	0	0	0	0	0	0	0	0	0	0	0	0.00057769097222222054	0.0023107638888888822	0.00057769097222222054	0	0	0.055263454861111047	0.22105381944444419	0.055263454861111047	0	0	0.10024001736111117	0.40096006944444468	0.10024001736111117	0	0	0.010585503472222216	0.042342013888888863	0.010585503472222216	0	0	0	0	0	0	0	0	0	0
2214	7.7206389233419914	0	0	0	0	0	0	0	0	0	0	0	0	0	0	0	0	0	0	0	0	2.7777777777777508e-05	0.00011111111111111003	2.7777777777777508e-05	0	0	0.036861111111111053	0.14744444444444421	0.036861111111111053	0	0	0.10952777777777785	0.4381111111111114	0.10952777777777785	0	0	0.020250000000000001	0.081000000000000003	0.020250000000000001	0	0	0	0	0	0	0	0	0	0	0	0
2281	7.7206389233419914	0	0	0	0	0	0	0	0	0	0	0	0	0	0	0	0	0	0	0	0	1.0123096857790635e-05	9.9449303530935212e-05	5.6446388079040598e-05	6.4787819889860082e-07	0	0.013433349530288283	0.13196922578555212	0.074904356980887488	0.00085973436993845023	0	0.039915370910268887	0.3921286038224816	0.22256810819565936	0.0025545837382572093	0	0.0073797376093294445	0.072498542274052474	0.041149416909620998	0.00047230320699708455	0	0	0	0	0	0	0	0	0	0	0
2200	7.7206389233419914	0	0	0	0	0	0	0	0	0	0	0	0	0	0	0	0	0	0	0	0	2.1865889212827776e-06	7.2238419177193981e-05	8.7058632976999488e-05	5.1830255911888066e-06	0	0.0029016034985422695	0.095860382248137199	0.11552680596047926	0.0068778749595076018	0	0.0086217201166180809	0.28483608681567885	0.34327218982831248	0.020436669906057674	0	0.0015940233236151602	0.052661807580174927	0.063465743440233244	0.0037784256559766764	0	0	0	0	0	0	0	0	0	0	0
2153	7.7206389233419914	0	0	0	0	0	0	0	0	0	0	0	0	0	0	0	0	0	0	0	0	8.0984774862325102e-08	4.1140265630061142e-05	0.00010795270489147935	1.7492711370262221e-05	0	0.00010746679624230628	0.054593132491091587	0.14325323939099427	0.023212827988338156	0	0.00031932296728215116	0.16221606737933275	0.42565751538710744	0.068973760932944647	0	5.9037900874635568e-05	0.029991253644314864	0.0786975218658892	0.012752186588921282	0	0	0	0	0	0	0	0	0	0	0
2078	7.7206389233419914	0	0	0	0	0	0	0	0	0	0	0	0	0	0	0	0	0	0	0	0	0	1.7492711370262221e-05	0.00010795270489147935	4.1140265630061142e-05	8.0984774862325102e-08	0	0.023212827988338156	0.14325323939099427	0.054593132491091587	0.00010746679624230628	0	0.068973760932944647	0.42565751538710744	0.16221606737933275	0.00031932296728215116	0	0.012752186588921282	0.0786975218658892	0.029991253644314864	5.9037900874635568e-05	0	0	0	0	0	0	0	0	0	0
2132	7.7206389233419914	0	0	0	0	0	0	0	0	0	0	0	0	0	0	0	0	0	0	0	0	0	5.1830255911888066e-06	8.7058632976999488e-05	7.2238419177193981e-05	2.1865889212827776e-06	0	0.0068778749595076018	0.11552680596047926	0.095860382248137199	0.0029016034985422695	0	0.020436669906057674	0.34327218982831248	0.28483608681567885	0.0086217201166180809	0	0.0037784256559766764	0.063465743440233244	0.052661807580174927	0.0015940233236151602	0	0	0	0	0	0	0	0	0	0
2178	7.7206389233419914	0	0	0	0	0	0	0	0	0	0	0	0	0	0	0	0	0	0	0	0	0	6.4787819889860082e-07	5.6446388079040598e-05	9.9449303530935212e-05	1.0123096857790635e-05	0	0.00085973436993845023	0.074904356980887488	0.13196922578555212	0.013433349530288283	0	0.0025545837382572093	0.22256810819565936	0.3921286038224816	0.039915370910268887	0	0.00047230320699708455	0.041149416909620998	0.072498542274052474	0.0073797376093294445	0	0	0	0	0	0	0	0	0	0
2033	7.7206389233419914	0	0	0	0	0	0	0	0	0	0	0	0	0	0	0	0	0	0	0	0	0	0	2.7777777777777508e-05	0.00011111111111111003	2.7777777777777508e-05	0	0	0.036861111111111053	0.14744444444444421	0.036861111111111053	0	0	0.10952777777777785	0.4381111111111114	0.10952777777777785	0	0	0.020250000000000001	0.081000000000000003	0.020250000000000001	0	0	0	0	0	0	0	0	0	0
2523	7.8006389233419906	0	0	0	0	0	0	0	0	0	0	0	0	0	0	0	0	0	0	0	0	0	0	0	0	0	0.021984809027777726	0.087939236111110902	0.021984809027777726	0	0	0.11020876736111114	0.44083506944444456	0.11020876736111114	0	0	0.034461371527777791	0.13784548611111117	0.034461371527777791	0	0	1.1718750000000168e-05	4.6875000000000672e-05	1.1718750000000168e-05	0	0	0	0	0	0	0
2426	7.8006389233419906	0	0	0	0	0	0	0	0	0	0	0	0	0	0	0	0	0	0	0	0	0	0	0	0	0	0.0080119566427761368	0.078709462058632787	0.044674670240119757	0.00051276522513767292	0	0.040163544956673146	0.39456666565435705	0.22395192667840952	0.0025704668772270818	0	0.01255880886580823	0.12337773829770007	0.070027918235746708	0.00080376376741172692	0	4.2706814868805268e-06	4.1955174927114298e-05	2.3813319970845823e-05	2.7332361516035377e-07	0	0	0	0	0	0
2345	7.8006389233419906	0	0	0	0	0	0	0	0	0	0	0	0	0	0	0	0	0	0	0	0	0	0	0	0	0	0.001730582634839646	0.057173322602850532	0.068902827127874794	0.0041021218011013834	0	0.008675325710641401	0.28660705681081966	0.34540648662738915	0.020563735017816654	0	0.0027127027150145784	0.08961966006640755	0.10800575624595081	0.0064301101392938154	0	9.2246720116619388e-07	3.0475583090379446e-05	3.6727860787172541e-05	2.1865889212828301e-06	0	0	0	0	0	0
2332	7.8006389233419906	0	0	0	0	0	0	0	0	0	0	0	0	0	0	0	0	0	0	0	0	0	0	0	0	0	6.4095653142209115e-05	0.032560591796242225	0.085439505638564742	0.013844661078717168	0	0.00032130835965338522	0.16322464670391967	0.42830404341796247	0.069402605685131208	0	0.00010047047092646587	0.051038999230644651	0.13392713774497897	0.021701621720116627	0	3.4165451895044221e-08	1.7356049562682461e-05	4.554254737609394e-05	7.3797376093295511e-06	0	0	0	0	0	0
2377	7.8006389233419906	0	0	0	0	0	0	0	0	0	0	0	0	0	0	0	0	0	0	0	0	0	0	0	0	0	0	0.013844661078717168	0.085439505638564742	0.032560591796242225	6.4095653142209115e-05	0	0.069402605685131208	0.42830404341796247	0.16322464670391967	0.00032130835965338522	0	0.021701621720116627	0.13392713774497897	0.051038999230644651	0.00010047047092646587	0	7.3797376093295511e-06	4.554254737609394e-05	1.7356049562682461e-05	3.4165451895044221e-08	0	0	0	0	0
2356	7.8006389233419906	0	0	0	0	0	0	0	0	0	0	0	0	0	0	0	0	0	0	0	0	0	0	0	0	0	0	0.0041021218011013834	0.068902827127874794	0.057173322602850532	0.001730582634839646	0	0.020563735017816654	0.34540648662738915	0.28660705681081966	0.008675325710641401	0	0.0064301101392938154	0.10800575624595081	0.08961966006640755	0.0027127027150145784	0	2.1865889212828301e-06	3.6727860787172541e-05	3.0475583090379446e-05	9.2246720116619388e-07	0	0	0	0	0
2298	7.8006389233419906	0	0	0	0	0	0	0	0	0	0	0	0	0	0	0	0	0	0	0	0	0	0	0	0	0	0	0.00051276522513767292	0.044674670240119757	0.078709462058632787	0.0080119566427761368	0	0.0025704668772270818	0.22395192667840952	0.39456666565435705	0.040163544956673146	0	0.00080376376741172692	0.070027918235746708	0.12337773829770007	0.01255880886580823	0	2.7332361516035377e-07	2.3813319970845823e-05	4.1955174927114298e-05	4.2706814868805268e-06	0	0	0	0	0
2235	7.8006389233419906	0	0	0	0	0	0	0	0	0	0	0	0	0	0	0	0	0	0	0	0	0	0	0	0	0	0	0	0.021984809027777726	0.087939236111110902	0.021984809027777726	0	0	0.11020876736111114	0.44083506944444456	0.11020876736111114	0	0	0.034461371527777791	0.13784548611111117	0.034461371527777791	0	0	1.1718750000000168e-05	4.6875000000000672e-05	1.1718750000000168e-05	0	0	0	0	0
2591	7.8806389233419916	0	0	0	0	0	0	0	0	0	0	0	0	0	0	0	0	0	0	0	0	0	0	0	0	0	0.01171874999999996	0.04687499999999984	0.01171874999999996	0	0	0.10199652777777779	0.40798611111111116	0.10199652777777779	0	0	0.052517361111111133	0.21006944444444453	0.052517361111111133	0	0	0.00043402777777777976	0.001736111111111119	0.00043402777777777976	0	0	0	0	0	0	0
2565	7.8806389233419916	0	0	0	0	0	0	0	0	0	0	0	0	0	0	0	0	0	0	0	0	0	0	0	0	0	0.004270681486880451	0.041955174927113557	0.0238133199708454	0.00027332361516034894	0	0.03717074627470035	0.36516541140265629	0.20726408122772921	0.002378927761580823	0	0.019138979996760612	0.18802133948817629	0.1067189524619372	0.0012248947197926795	0	0.00015817338840298093	0.0015538953676708849	0.00088197481373502185	1.0123096857790781e-05	0	0	0	0	0	0
2551	7.8806389233419916	0	0	0	0	0	0	0	0	0	0	0	0	0	0	0	0	0	0	0	0	0	0	0	0	0	0.00092246720116617752	0.030475583090378906	0.036727860787171884	0.0021865889212827915	0	0.0080288811953352773	0.26525044541626175	0.31966841796242307	0.019031422092646584	0	0.0041340196793002932	0.13657576125688375	0.16459522797214129	0.0097991577583414358	0	3.4165451895043889e-05	0.0011287252996436722	0.0013602911402656364	8.0984774862326249e-05	0	0	0	0	0	0
2558	7.8806389233419916	0	0	0	0	0	0	0	0	0	0	0	0	0	0	0	0	0	0	0	0	0	0	0	0	0	3.4165451895043618e-05	0.017356049562682153	0.045542547376093132	0.0073797376093294202	0	0.00029736597019760288	0.15106191286038223	0.3963888382734046	0.064231049562682219	0	0.00015311183997408493	0.077780814706835136	0.20409808268545518	0.033072157434402345	0	1.2653871072238476e-06	0.00064281665046971449	0.0016867610139293888	0.00027332361516035111	0	0	0	0	0	0
2474	7.8806389233419916	0	0	0	0	0	0	0	0	0	0	0	0	0	0	0	0	0	0	0	0	0	0	0	0	0	0	0.0073797376093294202	0.045542547376093132	0.017356049562682153	3.4165451895043618e-05	0	0.064231049562682219	0.3963888382734046	0.15106191286038223	0.00029736597019760288	0	0.033072157434402345	0.20409808268545518	0.077780814706835136	0.00015311183997408493	0	0.00027332361516035111	0.0016867610139293888	0.00064281665046971449	1.2653871072238476e-06	0	0	0	0	0
2582	7.8806389233419916	0	0	0	0	0	0	0	0	0	0	0	0	0	0	0	0	0	0	0	0	0	0	0	0	0	0	0.0021865889212827915	0.036727860787171884	0.030475583090378906	0.00092246720116617752	0	0.019031422092646584	0.31966841796242307	0.26525044541626175	0.0080288811953352773	0	0.0097991577583414358	0.16459522797214129	0.13657576125688375	0.0041340196793002932	0	8.0984774862326249e-05	0.0013602911402656364	0.0011287252996436722	3.4165451895043889e-05	0	0	0	0	0
2496	7.8806389233419916	0	0	0	0	0	0	0	0	0	0	0	0	0	0	0	0	0	0	0	0	0	0	0	0	0	0	0.00027332361516034894	0.0238133199708454	0.041955174927113557	0.004270681486880451	0	0.002378927761580823	0.20726408122772921	0.36516541140265629	0.03717074627470035	0	0.0012248947197926795	0.1067189524619372	0.18802133948817629	0.019138979996760612	0	1.0123096857790781e-05	0.00088197481373502185	0.0015538953676708849	0.00015817338840298093	0	0	0	0	0
2430	7.8806389233419916	0	0	0	0	0	0	0	0	0	0	0	0	0	0	0	0	0	0	0	0	0	0	0	0	0	0	0	0.01171874999999996	0.04687499999999984	0.01171874999999996	0	0	0.10199652777777779	0.40798611111111116	0.10199652777777779	0	0	0.052517361111111133	0.21006944444444453	0.052517361111111133	0	0	0.00043402777777777976	0.001736111111111119	0.00043402777777777976	0	0	0	0	0
2957	7.9606389233419916	0	0	0	0	0	0	0	0	0	0	0	0	0	0	0	0	0	0	0	0	0	0	0	0	0	0.0052808159722221946	0.021123263888888778	0.0052808159722221946	0	0	0.087404079861111095	0.34961631944444438	0.087404079861111095	0	0	0.071849392361111153	0.28739756944444461	0.071849392361111153	0	0	0.0021323784722222282	0.0085295138888889128	0.0021323784722222282	0	0	0	0	0	0	0
2777	7.9606389233419916	0	0	0	0	0	0	0	0	0	0	0	0	0	0	0	0	0	0	0	0	0	0	0	0	0	0.0019244956166990501	0.018906244938451472	0.010730987558713906	0.00012316771946873923	0	0.03185279878320374	0.31292189524619363	0.17761120601514413	0.0020385791221250401	0	0.026184180889617759	0.25723339305960491	0.14600299264050867	0.0016757875769355371	0	0.00077710585722384382	0.0076342879413670434	0.0043331422598801546	4.9734774862326018e-05	0	0	0	0	0	0
2924	7.9606389233419916	0	0	0	0	0	0	0	0	0	0	0	0	0	0	0	0	0	0	0	0	0	0	0	0	0	0.0004156910532069949	0.013733200720764425	0.016550662303611834	0.00098534175574991386	0	0.00688020453717201	0.22730157211694196	0.27393406953555227	0.016308632977000321	0	0.0056557830721574373	0.18685031482831238	0.22518395565071278	0.013406300615484297	0	0.00016785486516035031	0.0055454273971493511	0.006683110372125059	0.00039787819889860814	0	0	0	0	0	0
2786	7.9606389233419916	0	0	0	0	0	0	0	0	0	0	0	0	0	0	0	0	0	0	0	0	0	0	0	0	0	1.5395964933592404e-05	0.0078211501862649399	0.020522821256478672	0.0033255284256559592	0	0.00025482239026563001	0.12944977425494003	0.33967824622408477	0.05504163629737608	0	0.00020947344711694214	0.10641251113540659	0.27922810500688383	0.045246264577259498	0	6.2168468577907522e-06	0.0031581582037577016	0.0082870568614350718	0.0013428389212828025	0	0	0	0	0	0
2720	7.9606389233419916	0	0	0	0	0	0	0	0	0	0	0	0	0	0	0	0	0	0	0	0	0	0	0	0	0	0	0.0033255284256559592	0.020522821256478672	0.0078211501862649399	1.5395964933592404e-05	0	0.05504163629737608	0.33967824622408477	0.12944977425494003	0.00025482239026563001	0	0.045246264577259498	0.27922810500688383	0.10641251113540659	0.00020947344711694214	0	0.0013428389212828025	0.0082870568614350718	0.0031581582037577016	6.2168468577907522e-06	0	0	0	0	0
2738	7.9606389233419916	0	0	0	0	0	0	0	0	0	0	0	0	0	0	0	0	0	0	0	0	0	0	0	0	0	0	0.00098534175574991386	0.016550662303611834	0.013733200720764425	0.0004156910532069949	0	0.016308632977000321	0.27393406953555227	0.22730157211694196	0.00688020453717201	0	0.013406300615484297	0.22518395565071278	0.18685031482831238	0.0056557830721574373	0	0.00039787819889860814	0.006683110372125059	0.0055454273971493511	0.00016785486516035031	0	0	0	0	0
2668	7.9606389233419916	0	0	0	0	0	0	0	0	0	0	0	0	0	0	0	0	0	0	0	0	0	0	0	0	0	0	0.00012316771946873923	0.010730987558713906	0.018906244938451472	0.0019244956166990501	0	0.0020385791221250401	0.17761120601514413	0.31292189524619363	0.03185279878320374	0	0.0016757875769355371	0.14600299264050867	0.25723339305960491	0.026184180889617759	0	4.9734774862326018e-05	0.0043331422598801546	0.0076342879413670434	0.00077710585722384382	0	0	0	0	0
2601	7.9606389233419916	0	0	0	0	0	0	0	0	0	0	0	0	0	0	0	0	0	0	0	0	0	0	0	0	0	0	0	0.0052808159722221946	0.021123263888888778	0.0052808159722221946	0	0	0.087404079861111095	0.34961631944444438	0.087404079861111095	0	0	0.071849392361111153	0.28739756944444461	0.071849392361111153	0	0	0.0021323784722222282	0.0085295138888889128	0.0021323784722222282	0	0	0	0	0
3109	8.0406389233419908	0	0	0	0	0	0	0	0	0	0	0	0	0	0	0	0	0	0	0	0	0	0	0	0	0	0.0017777777777777631	0.0071111111111110525	0.0017777777777777631	0	0	0.069111111111111068	0.27644444444444427	0.069111111111111068	0	0	0.089777777777777804	0.35911111111111121	0.089777777777777804	0	0	0.0060000000000000123	0.024000000000000049	0.0060000000000000123	0	0	0	0	0	0	0
3092	8.0406389233419908	0	0	0	0	0	0	0	0	0	0	0	0	0	0	0	0	0	0	0	0	0	0	0	0	0	0.00064787819889860153	0.0063647554259798631	0.0036125688370586034	4.1464204729510513e-05	0	0.025186264982183331	0.24742986718496907	0.14043861354065429	0.0016119209588597336	0	0.03271784904437966	0.32142014901198585	0.18243472627146101	0.0020939423388402988	0	0.0021865889212828028	0.021481049562682257	0.012192419825072911	0.00013994169096209939	0	0	0	0	0	0
2879	8.0406389233419908	0	0	0	0	0	0	0	0	0	0	0	0	0	0	0	0	0	0	0	0	0	0	0	0	0	0.00013994169096209796	0.0046232588273404217	0.0055717525105279751	0.00033171363783608411	0	0.0054402332361516001	0.17972918691286027	0.2166018788467767	0.012895367670877868	0	0.0070670553935860076	0.23347457078069331	0.28137350178166515	0.016751538710722391	0	0.00047230320699708547	0.015603498542274084	0.018804664723032109	0.0011195335276967951	0	0	0	0	0	0
2989	8.0406389233419908	0	0	0	0	0	0	0	0	0	0	0	0	0	0	0	0	0	0	0	0	0	0	0	0	0	5.1830255911888142e-06	0.002632977000323917	0.0069089731130546877	0.0011195335276967837	0	0.00020149011985746669	0.10235698088759305	0.26858632977000307	0.0435218658892128	0	0.00026174279235503735	0.13296533851635894	0.34890314220926472	0.056536443148688061	0	1.7492711370262424e-05	0.0088862973760933106	0.023317784256559809	0.0037784256559766837	0	0	0	0	0	0
2861	8.0406389233419908	0	0	0	0	0	0	0	0	0	0	0	0	0	0	0	0	0	0	0	0	0	0	0	0	0	0	0.0011195335276967837	0.0069089731130546877	0.002632977000323917	5.1830255911888142e-06	0	0.0435218658892128	0.26858632977000307	0.10235698088759305	0.00020149011985746669	0	0.056536443148688061	0.34890314220926472	0.13296533851635894	0.00026174279235503735	0	0.0037784256559766837	0.023317784256559809	0.0088862973760933106	1.7492711370262424e-05	0	0	0	0	0
2905	8.0406389233419908	0	0	0	0	0	0	0	0	0	0	0	0	0	0	0	0	0	0	0	0	0	0	0	0	0	0	0.00033171363783608411	0.0055717525105279751	0.0046232588273404217	0.00013994169096209796	0	0.012895367670877868	0.2166018788467767	0.17972918691286027	0.0054402332361516001	0	0.016751538710722391	0.28137350178166515	0.23347457078069331	0.0070670553935860076	0	0.0011195335276967951	0.018804664723032109	0.015603498542274084	0.00047230320699708547	0	0	0	0	0
2818	8.0406389233419908	0	0	0	0	0	0	0	0	0	0	0	0	0	0	0	0	0	0	0	0	0	0	0	0	0	0	4.1464204729510513e-05	0.0036125688370586034	0.0063647554259798631	0.00064787819889860153	0	0.0016119209588597336	0.14043861354065429	0.24742986718496907	0.025186264982183331	0	0.0020939423388402988	0.18243472627146101	0.32142014901198585	0.03271784904437966	0	0.00013994169096209939	0.012192419825072911	0.021481049562682257	0.0021865889212828028	0	0	0	0	0
2798	8.0406389233419908	0	0	0	0	0	0	0	0	0	0	0	0	0	0	0	0	0	0	0	0	0	0	0	0	0	0	0	0.0017777777777777631	0.0071111111111110525	0.0017777777777777631	0	0	0.069111111111111068	0.27644444444444427	0.069111111111111068	0	0	0.089777777777777804	0.35911111111111121	0.089777777777777804	0	0	0.0060000000000000123	0.024000000000000049	0.0060000000000000123	0	0	0	0	0
3345	8.1206389233419909	0	0	0	0	0	0	0	0	0	0	0	0	0	0	0	0	0	0	0	0	0	0	0	0	0	0.00031640624999999475	0.001265624999999979	0.00031640624999999475	0	0	0.049797309027777723	0.19918923611111089	0.049797309027777723	0	0	0.10362282986111113	0.41449131944444451	0.10362282986111113	0	0	0.012930121527777796	0.051720486111111186	0.012930121527777796	0	0	0	0	0	0	0
3314	8.1206389233419909	0	0	0	0	0	0	0	0	0	0	0	0	0	0	0	0	0	0	0	0	0	0	0	0	0	0.00011530840014577065	0.001132789723032051	0.00064295963921281736	7.3797376093293232e-06	0	0.018147707371639107	0.17828307721898262	0.1011916163042597	0.0011614532717849032	0	0.037763421961046324	0.37098785734531914	0.21056884085479435	0.002416859005506965	0	0.0047121434139131895	0.046292096898283182	0.026274911675979954	0.00030157717849044419	0	0	0	0	0	0
3212	8.1206389233419909	0	0	0	0	0	0	0	0	0	0	0	0	0	0	0	0	0	0	0	0	0	0	0	0	0	2.4906614431486465e-05	0.00082284074344021957	0.00099165224125362774	5.9037900874634586e-05	0	0.0039199047922740477	0.1295020398040167	0.15607028339609638	0.0092916261742792255	0	0.0081568991435860064	0.2694797791140266	0.32476542886499843	0.01933487204405572	0	0.0010178229774052492	0.033625855401684529	0.040524433359653445	0.0024126174279235535	0	0	0	0	0	0
3258	8.1206389233419909	0	0	0	0	0	0	0	0	0	0	0	0	0	0	0	0	0	0	0	0	0	0	0	0	0	9.224672011661654e-07	0.00046861333819241195	0.0012296487791544984	0.00019925291545189172	0	0.0001451816589731129	0.073752282758341337	0.19352715141115948	0.031359238338192381	0	0.00030210737568837063	0.15347054684969227	0.40270913179259799	0.065255193148688051	0	3.7697147311305524e-05	0.019150150834143204	0.05025029736597026	0.0081425838192419938	0	0	0	0	0	0
3173	8.1206389233419909	0	0	0	0	0	0	0	0	0	0	0	0	0	0	0	0	0	0	0	0	0	0	0	0	0	0	0.00019925291545189172	0.0012296487791544984	0.00046861333819241195	9.224672011661654e-07	0	0.031359238338192381	0.19352715141115948	0.073752282758341337	0.0001451816589731129	0	0.065255193148688051	0.40270913179259799	0.15347054684969227	0.00030210737568837063	0	0.0081425838192419938	0.05025029736597026	0.019150150834143204	3.7697147311305524e-05	0	0	0	0	0
3232	8.1206389233419909	0	0	0	0	0	0	0	0	0	0	0	0	0	0	0	0	0	0	0	0	0	0	0	0	0	0	5.9037900874634586e-05	0.00099165224125362774	0.00082284074344021957	2.4906614431486465e-05	0	0.0092916261742792255	0.15607028339609638	0.1295020398040167	0.0039199047922740477	0	0.01933487204405572	0.32476542886499843	0.2694797791140266	0.0081568991435860064	0	0.0024126174279235535	0.040524433359653445	0.033625855401684529	0.0010178229774052492	0	0	0	0	0
3048	8.1206389233419909	0	0	0	0	0	0	0	0	0	0	0	0	0	0	0	0	0	0	0	0	0	0	0	0	0	0	7.3797376093293232e-06	0.00064295963921281736	0.001132789723032051	0.00011530840014577065	0	0.0011614532717849032	0.1011916163042597	0.17828307721898262	0.018147707371639107	0	0.002416859005506965	0.21056884085479435	0.37098785734531914	0.037763421961046324	0	0.00030157717849044419	0.026274911675979954	0.046292096898283182	0.0047121434139131895	0	0	0	0	0
3047	8.1206389233419909	0	0	0	0	0	0	0	0	0	0	0	0	0	0	0	0	0	0	0	0	0	0	0	0	0	0	0	0.00031640624999999475	0.001265624999999979	0.00031640624999999475	0	0	0.049797309027777723	0.19918923611111089	0.049797309027777723	0	0	0.10362282986111113	0.41449131944444451	0.10362282986111113	0	0	0.012930121527777796	0.051720486111111186	0.012930121527777796	0	0	0	0	0
3566	8.200638923341991	0	0	0	0	0	0	0	0	0	0	0	0	0	0	0	0	0	0	0	0	0	0	0	0	0	3.4722222222219344e-06	1.3888888888887738e-05	3.4722222222219344e-06	0	0	0.032142361111111059	0.12856944444444424	0.032142361111111059	0	0	0.11070486111111111	0.44281944444444443	0.11070486111111111	0	0	0.023815972222222252	0.095263888888889009	0.023815972222222252	0	0	0	0	0	0	0
3511	8.200638923341991	0	0	0	0	0	0	0	0	0	0	0	0	0	0	0	0	0	0	0	0	0	0	0	0	0	1.2653871072237367e-06	1.2431162941365992e-05	7.055798509879558e-06	8.0984774862319173e-08	0	0.011713688451571084	0.11507527534823435	0.065315526805960381	0.00074967606090054959	0	0.040344337139617742	0.39634276805960472	0.22496002389050856	0.0025820375769355359	0	0.0086792901684483413	0.085265346614836521	0.048395721979267961	0.00055547457078069401	0	0	0	0	0	0
3479	8.200638923341991	0	0	0	0	0	0	0	0	0	0	0	0	0	0	0	0	0	0	0	0	0	0	0	0	0	2.7332361516032719e-07	9.029802397148587e-06	1.0882329122124138e-05	6.4787819889855339e-07	0	0.0025301567055393548	0.083588880790411269	0.10073772068351135	0.0059974084872043967	0	0.0087143768221574335	0.28789718982831225	0.34696129940071263	0.020656300615484288	0	0.001874726676384842	0.061935414642047375	0.074641895448655751	0.004443796566245552	0	0	0	0	0	0
3492	8.200638923341991	0	0	0	0	0	0	0	0	0	0	0	0	0	0	0	0	0	0	0	0	0	0	0	0	0	1.0123096857789897e-08	5.1425332037572667e-06	1.3494088111433931e-05	2.1865889212826175e-06	0	9.3709507612568698e-05	0.04760442986718489	0.12491477364755406	0.020241253644314838	0	0.00032275469711694199	0.1639593861354065	0.4302320112568836	0.069715014577259468	0	6.9434321347586751e-05	0.035272635244574059	0.092555950356333114	0.014997813411078736	0	0	0	0	0	0
3436	8.200638923341991	0	0	0	0	0	0	0	0	0	0	0	0	0	0	0	0	0	0	0	0	0	0	0	0	0	0	2.1865889212826175e-06	1.3494088111433931e-05	5.1425332037572667e-06	1.0123096857789897e-08	0	0.020241253644314838	0.12491477364755406	0.04760442986718489	9.3709507612568698e-05	0	0.069715014577259468	0.4302320112568836	0.1639593861354065	0.00032275469711694199	0	0.014997813411078736	0.092555950356333114	0.035272635244574059	6.9434321347586751e-05	0	0	0	0	0
3345	8.200638923341991	0	0	0	0	0	0	0	0	0	0	0	0	0	0	0	0	0	0	0	0	0	0	0	0	0	0	6.4787819889855339e-07	1.0882329122124138e-05	9.029802397148587e-06	2.7332361516032719e-07	0	0.0059974084872043967	0.10073772068351135	0.083588880790411269	0.0025301567055393548	0	0.020656300615484288	0.34696129940071263	0.28789718982831225	0.0087143768221574335	0	0.004443796566245552	0.074641895448655751	0.061935414642047375	0.001874726676384842	0	0	0	0	0
3344	8.200638923341991	0	0	0	0	0	0	0	0	0	0	0	0	0	0	0	0	0	0	0	0	0	0	0	0	0	0	8.0984774862319173e-08	7.055798509879558e-06	1.2431162941365992e-05	1.2653871072237367e-06	0	0.00074967606090054959	0.065315526805960381	0.11507527534823435	0.011713688451571084	0	0.0025820375769355359	0.22496002389050856	0.39634276805960472	0.040344337139617742	0	0.00055547457078069401	0.048395721979267961	0.085265346614836521	0.0086792901684483413	0	0	0	0	0
3277	8.200638923341991	0	0	0	0	0	0	0	0	0	0	0	0	0	0	0	0	0	0	0	0	0	0	0	0	0	0	0	3.4722222222219344e-06	1.3888888888887738e-05	3.4722222222219344e-06	0	0	0.032142361111111059	0.12856944444444424	0.032142361111111059	0	0	0.11070486111111111	0.44281944444444443	0.11070486111111111	0	0	0.023815972222222252	0.095263888888889009	0.023815972222222252	0	0	0	0	0
3876	8.280638923341991	0	0	0	0	0	0	0	0	0	0	0	0	0	0	0	0	0	0	0	0	0	0	0	0	0	0	0	0	0	0	0.018608940972222193	0.07443576388888877	0.018608940972222193	0	0	0.10866970486111108	0.43467881944444431	0.10866970486111108	0	0	0.039333767361111147	0.15733506944444459	0.039333767361111147	0	0	5.4253472222223879e-05	0.00021701388888889552	5.4253472222223879e-05	0	0
3837	8.280638923341991	0	0	0	0	0	0	0	0	0	0	0	0	0	0	0	0	0	0	0	0	0	0	0	0	0	0	0	0	0	0	0.006781684027777765	0.066623263888888784	0.037814670138888833	0.0004340277777777771	0	0.039602662121396154	0.38905655268059591	0.22082444398890502	0.0025345703757693547	0	0.014334463324020092	0.14082176769517341	0.079928967494736061	0.00091740565273728614	0	1.9771673550373127e-05	0.00019423692095886565	0.00011024685171688059	1.2653871072238805e-06	0
3703	8.280638923341991	0	0	0	0	0	0	0	0	0	0	0	0	0	0	0	0	0	0	0	0	0	0	0	0	0	0	0	0	0	0	0.0014648437499999976	0.048394097222222147	0.058322482638888798	0.0034722222222222168	0	0.0085541750182215708	0.28260459689828304	0.34058289424400706	0.020276563006154838	0	0.0030962440779883408	0.10229073028020741	0.12327638458657283	0.0073392452218982891	0	4.2706814868805971e-06	0.00014109066245546268	0.00017003639253320896	1.0123096857791044e-05	0
3736	8.280638923341991	0	0	0	0	0	0	0	0	0	0	0	0	0	0	0	0	0	0	0	0	0	0	0	0	0	0	0	0	0	0	5.4253472222222138e-05	0.02756076388888884	0.072319878472222099	0.011718749999999981	0	0.00031682129697116934	0.16094521886135399	0.42232278886256869	0.068433400145772566	0	0.00011467570659216077	0.058255258948817661	0.15286271688735029	0.024769952623906726	0	1.5817338840298506e-07	8.0352081308716398e-05	0.00021084512674117908	3.4165451895044776e-05	0
3686	8.280638923341991	0	0	0	0	0	0	0	0	0	0	0	0	0	0	0	0	0	0	0	0	0	0	0	0	0	0	0	0	0	0	0	0.011718749999999981	0.072319878472222099	0.02756076388888884	5.4253472222222138e-05	0	0.068433400145772566	0.42232278886256869	0.16094521886135399	0.00031682129697116934	0	0.024769952623906726	0.15286271688735029	0.058255258948817661	0.00011467570659216077	0	3.4165451895044776e-05	0.00021084512674117908	8.0352081308716398e-05	1.5817338840298506e-07
3759	8.280638923341991	0	0	0	0	0	0	0	0	0	0	0	0	0	0	0	0	0	0	0	0	0	0	0	0	0	0	0	0	0	0	0	0.0034722222222222168	0.058322482638888798	0.048394097222222147	0.0014648437499999976	0	0.020276563006154838	0.34058289424400706	0.28260459689828304	0.0085541750182215708	0	0.0073392452218982891	0.12327638458657283	0.10229073028020741	0.0030962440779883408	0	1.0123096857791044e-05	0.00017003639253320896	0.00014109066245546268	4.2706814868805971e-06
3617	8.280638923341991	0	0	0	0	0	0	0	0	0	0	0	0	0	0	0	0	0	0	0	0	0	0	0	0	0	0	0	0	0	0	0	0.0004340277777777771	0.037814670138888833	0.066623263888888784	0.006781684027777765	0	0.0025345703757693547	0.22082444398890502	0.38905655268059591	0.039602662121396154	0	0.00091740565273728614	0.079928967494736061	0.14082176769517341	0.014334463324020092	0	1.2653871072238805e-06	0.00011024685171688059	0.00019423692095886565	1.9771673550373127e-05
3442	8.280638923341991	0	0	0	0	0	0	0	0	0	0	0	0	0	0	0	0	0	0	0	0	0	0	0	0	0	0	0	0	0	0	0	0	0.018608940972222193	0.07443576388888877	0.018608940972222193	0	0	0.10866970486111108	0.43467881944444431	0.10866970486111108	0	0	0.039333767361111147	0.15733506944444459	0.039333767361111147	0	0	5.4253472222223879e-05	0.00021701388888889552	5.4253472222223879e-05
4235	8.3606389233419911	0	0	0	0	0	0	0	0	0	0	0	0	0	0	0	0	0	0	0	0	0	0	0	0	0	0	0	0	0	0	0.0095277777777777635	0.038111111111111054	0.0095277777777777635	0	0	0.098361111111111066	0.39344444444444426	0.098361111111111066	0	0	0.058027777777777803	0.23211111111111121	0.058027777777777803	0	0	0.00075000000000000804	0.0030000000000000322	0.00075000000000000804	0	0
4190	8.3606389233419911	0	0	0	0	0	0	0	0	0	0	0	0	0	0	0	0	0	0	0	0	0	0	0	0	0	0	0	0	0	0	0.003472222222222216	0.034111111111111057	0.019361111111111082	0.00022222222222222188	0	0.035845885973436964	0.35214998380304485	0.19987666018788458	0.0022941367022999665	0	0.021147149335924851	0.20774959507612578	0.11791650469711699	0.0013534175574991907	0	0.00027332361516035268	0.0026851311953353055	0.001524052478134127	1.7492711370262577e-05	0
4062	8.3606389233419911	0	0	0	0	0	0	0	0	0	0	0	0	0	0	0	0	0	0	0	0	0	0	0	0	0	0	0	0	0	0	0.00074999999999999882	0.024777777777777739	0.029861111111111064	0.001777777777777775	0	0.0077427113702623861	0.25579624230644626	0.30827461937155798	0.018353093618399732	0	0.0045677842565597683	0.15090605766115978	0.18186548428895377	0.010827340459993525	0	5.9037900874636199e-05	0.0019504373177842774	0.002350583090379034	0.00013994169096210061	0
4062	8.3606389233419911	0	0	0	0	0	0	0	0	0	0	0	0	0	0	0	0	0	0	0	0	0	0	0	0	0	0	0	0	0	0	2.7777777777777735e-05	0.014111111111111086	0.037027777777777715	0.0059999999999999906	0	0.00028676708778749581	0.14567768059604785	0.38226052802073185	0.061941690962099089	0	0.00016917719468739884	0.085942014901198599	0.22551320051830262	0.036542274052478146	0	2.1865889212828221e-06	0.0011107871720116736	0.0029147230320700017	0.00047230320699708959	0
4073	8.3606389233419911	0	0	0	0	0	0	0	0	0	0	0	0	0	0	0	0	0	0	0	0	0	0	0	0	0	0	0	0	0	0	0	0.0059999999999999906	0.037027777777777715	0.014111111111111086	2.7777777777777735e-05	0	0.061941690962099089	0.38226052802073185	0.14567768059604785	0.00028676708778749581	0	0.036542274052478146	0.22551320051830262	0.085942014901198599	0.00016917719468739884	0	0.00047230320699708959	0.0029147230320700017	0.0011107871720116736	2.1865889212828221e-06
3990	8.3606389233419911	0	0	0	0	0	0	0	0	0	0	0	0	0	0	0	0	0	0	0	0	0	0	0	0	0	0	0	0	0	0	0	0.001777777777777775	0.029861111111111064	0.024777777777777739	0.00074999999999999882	0	0.018353093618399732	0.30827461937155798	0.25579624230644626	0.0077427113702623861	0	0.010827340459993525	0.18186548428895377	0.15090605766115978	0.0045677842565597683	0	0.00013994169096210061	0.002350583090379034	0.0019504373177842774	5.9037900874636199e-05
3846	8.3606389233419911	0	0	0	0	0	0	0	0	0	0	0	0	0	0	0	0	0	0	0	0	0	0	0	0	0	0	0	0	0	0	0	0.00022222222222222188	0.019361111111111082	0.034111111111111057	0.003472222222222216	0	0.0022941367022999665	0.19987666018788458	0.35214998380304485	0.035845885973436964	0	0.0013534175574991907	0.11791650469711699	0.20774959507612578	0.021147149335924851	0	1.7492711370262577e-05	0.001524052478134127	0.0026851311953353055	0.00027332361516035268
3843	8.3606389233419911	0	0	0	0	0	0	0	0	0	0	0	0	0	0	0	0	0	0	0	0	0	0	0	0	0	0	0	0	0	0	0	0	0.0095277777777777635	0.038111111111111054	0.0095277777777777635	0	0	0.098361111111111066	0.39344444444444426	0.098361111111111066	0	0	0.058027777777777803	0.23211111111111121	0.058027777777777803	0	0	0.00075000000000000804	0.0030000000000000322	0.00075000000000000804
4514	8.4406389233419912	0	0	0	0	0	0	0	0	0	0	0	0	0	0	0	0	0	0	0	0	0	0	0	0	0	0	0	0	0	0	0.0040195312499999945	0.016078124999999978	0.0040195312499999945	0	0	0.082437934027777757	0.32975173611111103	0.082437934027777757	0	0	0.077232204861111112	0.30892881944444445	0.077232204861111112	0	0	0.0029769965277777937	0.011907986111111175	0.0029769965277777937	0	0
4491	8.4406389233419912	0	0	0	0	0	0	0	0	0	0	0	0	0	0	0	0	0	0	0	0	0	0	0	0	0	0	0	0	0	0	0.0014648437499999976	0.014390624999999978	0.0081679687499999886	9.3749999999999866e-05	0	0.030042978873096843	0.29514222444930344	0.16751965019638804	0.0019227506478781983	0	0.028145847252591505	0.27650480340945899	0.15694124428045028	0.0018013342241658568	0	0.001084911271056047	0.010658168326854608	0.0060494652474085203	6.9434321347587022e-05	0
4494	8.4406389233419912	0	0	0	0	0	0	0	0	0	0	0	0	0	0	0	0	0	0	0	0	0	0	0	0	0	0	0	0	0	0	0.00031640624999999952	0.010453124999999985	0.012597656249999981	0.00074999999999999893	0	0.0064892834365889197	0.21438669723841913	0.25836961830863292	0.015382005183025587	0	0.0060795030065597666	0.20084876599449303	0.24205428637228701	0.014410673793326854	0	0.00023434083454810619	0.0077419268302559539	0.0093302369310820071	0.00055547457078069617	0
4499	8.4406389233419912	0	0	0	0	0	0	0	0	0	0	0	0	0	0	0	0	0	0	0	0	0	0	0	0	0	0	0	0	0	0	1.1718749999999983e-05	0.0059531249999999905	0.015621093749999976	0.0025312499999999962	0	0.00024034383098477479	0.12209466614026558	0.32037832670270477	0.051914267492711358	0	0.0002251667780207321	0.11438472323453189	0.30014731510163584	0.048636024052478133	0	8.6792901684483777e-06	0.0044090794055717756	0.011569493794541686	0.0018747266763848496	0
4416	8.4406389233419912	0	0	0	0	0	0	0	0	0	0	0	0	0	0	0	0	0	0	0	0	0	0	0	0	0	0	0	0	0	0	0	0.0025312499999999962	0.015621093749999976	0.0059531249999999905	1.1718749999999983e-05	0	0.051914267492711358	0.32037832670270477	0.12209466614026558	0.00024034383098477479	0	0.048636024052478133	0.30014731510163584	0.11438472323453189	0.0002251667780207321	0	0.0018747266763848496	0.011569493794541686	0.0044090794055717756	8.6792901684483777e-06
4411	8.4406389233419912	0	0	0	0	0	0	0	0	0	0	0	0	0	0	0	0	0	0	0	0	0	0	0	0	0	0	0	0	0	0	0	0.00074999999999999893	0.012597656249999981	0.010453124999999985	0.00031640624999999952	0	0.015382005183025587	0.25836961830863292	0.21438669723841913	0.0064892834365889197	0	0.014410673793326854	0.24205428637228701	0.20084876599449303	0.0060795030065597666	0	0.00055547457078069617	0.0093302369310820071	0.0077419268302559539	0.00023434083454810619
4256	8.4406389233419912	0	0	0	0	0	0	0	0	0	0	0	0	0	0	0	0	0	0	0	0	0	0	0	0	0	0	0	0	0	0	0	9.3749999999999866e-05	0.0081679687499999886	0.014390624999999978	0.0014648437499999976	0	0.0019227506478781983	0.16751965019638804	0.29514222444930344	0.030042978873096843	0	0.0018013342241658568	0.15694124428045028	0.27650480340945899	0.028145847252591505	0	6.9434321347587022e-05	0.0060494652474085203	0.010658168326854608	0.001084911271056047
4051	8.4406389233419912	0	0	0	0	0	0	0	0	0	0	0	0	0	0	0	0	0	0	0	0	0	0	0	0	0	0	0	0	0	0	0	0	0.0040195312499999945	0.016078124999999978	0.0040195312499999945	0	0	0.082437934027777757	0.32975173611111103	0.082437934027777757	0	0	0.077232204861111112	0.30892881944444445	0.077232204861111112	0	0	0.0029769965277777937	0.011907986111111175	0.0029769965277777937
4978	8.5206389233419912	0	0	0	0	0	0	0	0	0	0	0	0	0	0	0	0	0	0	0	0	0	0	0	0	0	0	0	0	0	0	0.0011909722222222204	0.0047638888888888817	0.0011909722222222204	0	0	0.06357986111111108	0.25431944444444432	0.06357986111111108	0	0	0.094267361111111073	0.37706944444444429	0.094267361111111073	0	0	0.0076284722222222457	0.030513888888888983	0.0076284722222222457	0	0
4870	8.5206389233419912	0	0	0	0	0	0	0	0	0	0	0	0	0	0	0	0	0	0	0	0	0	0	0	0	0	0	0	0	0	0	0.00043402777777777699	0.0042638888888888822	0.0024201388888888853	2.7777777777777735e-05	0	0.023170503320375756	0.22762702461937145	0.12919872651441525	0.0014829122125040487	0	0.034353994574020059	0.33749364269517312	0.19155787374473593	0.0021986556527372847	0	0.0027800554745707885	0.02731126498218343	0.015501589326206721	0.00017792355037253051	0
4987	8.5206389233419912	0	0	0	0	0	0	0	0	0	0	0	0	0	0	0	0	0	0	0	0	0	0	0	0	0	0	0	0	0	0	9.3749999999999853e-05	0.0030972222222222174	0.003732638888888883	0.00022222222222222188	0	0.0050048287172011641	0.16534471169420142	0.19926632855523155	0.01186329770003239	0	0.0074204628279883351	0.24515010528020723	0.2954443533365726	0.017589245221898277	0	0.00060049198250729046	0.019838475866537152	0.023908477081308787	0.001423388402980244	0
4713	8.5206389233419912	0	0	0	0	0	0	0	0	0	0	0	0	0	0	0	0	0	0	0	0	0	0	0	0	0	0	0	0	0	0	3.4722222222222169e-06	0.0017638888888888858	0.0046284722222222144	0.00074999999999999882	0	0.00018536402656300609	0.094164925494007082	0.24709024740848706	0.040038629737609313	0	0.00027483195659216058	0.13961463394881754	0.36635099813735	0.059363702623906681	0	2.2240443796566313e-05	0.011298145448655686	0.029646511580822894	0.0048039358600583237	0
4689	8.5206389233419912	0	0	0	0	0	0	0	0	0	0	0	0	0	0	0	0	0	0	0	0	0	0	0	0	0	0	0	0	0	0	0	0.00074999999999999882	0.0046284722222222144	0.0017638888888888858	3.4722222222222169e-06	0	0.040038629737609313	0.24709024740848706	0.094164925494007082	0.00018536402656300609	0	0.059363702623906681	0.36635099813735	0.13961463394881754	0.00027483195659216058	0	0.0048039358600583237	0.029646511580822894	0.011298145448655686	2.2240443796566313e-05
4566	8.5206389233419912	0	0	0	0	0	0	0	0	0	0	0	0	0	0	0	0	0	0	0	0	0	0	0	0	0	0	0	0	0	0	0	0.00022222222222222188	0.003732638888888883	0.0030972222222222174	9.3749999999999853e-05	0	0.01186329770003239	0.19926632855523155	0.16534471169420142	0.0050048287172011641	0	0.017589245221898277	0.2954443533365726	0.24515010528020723	0.0074204628279883351	0	0.001423388402980244	0.023908477081308787	0.019838475866537152	0.00060049198250729046
4559	8.5206389233419912	0	0	0	0	0	0	0	0	0	0	0	0	0	0	0	0	0	0	0	0	0	0	0	0	0	0	0	0	0	0	0	2.7777777777777735e-05	0.0024201388888888853	0.0042638888888888822	0.00043402777777777699	0	0.0014829122125040487	0.12919872651441525	0.22762702461937145	0.023170503320375756	0	0.0021986556527372847	0.19155787374473593	0.33749364269517312	0.034353994574020059	0	0.00017792355037253051	0.015501589326206721	0.02731126498218343	0.0027800554745707885
4456	8.5206389233419912	0	0	0	0	0	0	0	0	0	0	0	0	0	0	0	0	0	0	0	0	0	0	0	0	0	0	0	0	0	0	0	0	0.0011909722222222204	0.0047638888888888817	0.0011909722222222204	0	0	0.06357986111111108	0.25431944444444432	0.06357986111111108	0	0	0.094267361111111073	0.37706944444444429	0.094267361111111073	0	0	0.0076284722222222457	0.030513888888888983	0.0076284722222222457
5375	8.6006389233419913	0	0	0	0	0	0	0	0	0	0	0	0	0	0	0	0	0	0	0	0	0	0	0	0	0	0	0	0	0	0	0.00014887152777777755	0.00059548611111111022	0.00014887152777777755	0	0	0.044466579861111119	0.17786631944444448	0.044466579861111119	0	0	0.10645355902777773	0.42581423611111091	0.10645355902777773	0	0	0.015597656250000026	0.062390625000000102	0.015597656250000026	0	0
5278	8.6006389233419913	0	0	0	0	0	0	0	0	0	0	0	0	0	0	0	0	0	0	0	0	0	0	0	0	0	0	0	0	0	0	5.4253472222222124e-05	0.00053298611111111027	0.00030251736111111066	3.4722222222222169e-06	0	0.016205021815273727	0.15919813431324914	0.090359201641966341	0.001037121396177519	0	0.038795028800210532	0.38112236293326834	0.21632108058997399	0.0024828818432134749	0	0.0056842770590379088	0.055842337827988427	0.031695528881195388	0.00036379373177842627	0
5277	8.6006389233419913	0	0	0	0	0	0	0	0	0	0	0	0	0	0	0	0	0	0	0	0	0	0	0	0	0	0	0	0	0	0	1.1718749999999982e-05	0.00038715277777777717	0.00046657986111111038	2.7777777777777735e-05	0	0.003500284712099126	0.11563903567379336	0.13936318761135411	0.0082969711694201517	0	0.0083797262208454779	0.27684132551830243	0.33363724768181069	0.019863054745707799	0	0.0012278038447521885	0.040563001093294526	0.048884782707726032	0.0029103498542274102	0
5237	8.6006389233419913	0	0	0	0	0	0	0	0	0	0	0	0	0	0	0	0	0	0	0	0	0	0	0	0	0	0	0	0	0	0	4.3402777777777711e-07	0.00022048611111111073	0.0005785590277777768	9.3749999999999853e-05	0	0.00012964017452218987	0.065857208657272431	0.17281035263807906	0.028002277696793008	0	0.00031036023040168436	0.15766299704405562	0.41371018712544516	0.067037809766763823	0	4.5474216472303284e-05	0.023100901967930063	0.060617130557580265	0.0098224307580175082	0
5261	8.6006389233419913	0	0	0	0	0	0	0	0	0	0	0	0	0	0	0	0	0	0	0	0	0	0	0	0	0	0	0	0	0	0	0	9.3749999999999853e-05	0.0005785590277777768	0.00022048611111111073	4.3402777777777711e-07	0	0.028002277696793008	0.17281035263807906	0.065857208657272431	0.00012964017452218987	0	0.067037809766763823	0.41371018712544516	0.15766299704405562	0.00031036023040168436	0	0.0098224307580175082	0.060617130557580265	0.023100901967930063	4.5474216472303284e-05
5045	8.6006389233419913	0	0	0	0	0	0	0	0	0	0	0	0	0	0	0	0	0	0	0	0	0	0	0	0	0	0	0	0	0	0	0	2.7777777777777735e-05	0.00046657986111111038	0.00038715277777777717	1.1718749999999982e-05	0	0.0082969711694201517	0.13936318761135411	0.11563903567379336	0.003500284712099126	0	0.019863054745707799	0.33363724768181069	0.27684132551830243	0.0083797262208454779	0	0.0029103498542274102	0.048884782707726032	0.040563001093294526	0.0012278038447521885
4910	8.6006389233419913	0	0	0	0	0	0	0	0	0	0	0	0	0	0	0	0	0	0	0	0	0	0	0	0	0	0	0	0	0	0	0	3.4722222222222169e-06	0.00030251736111111066	0.00053298611111111027	5.4253472222222124e-05	0	0.001037121396177519	0.090359201641966341	0.15919813431324914	0.016205021815273727	0	0.0024828818432134749	0.21632108058997399	0.38112236293326834	0.038795028800210532	0	0.00036379373177842627	0.031695528881195388	0.055842337827988427	0.0056842770590379088
4929	8.6006389233419913	0	0	0	0	0	0	0	0	0	0	0	0	0	0	0	0	0	0	0	0	0	0	0	0	0	0	0	0	0	0	0	0	0.00014887152777777755	0.00059548611111111022	0.00014887152777777755	0	0	0.044466579861111119	0.17786631944444448	0.044466579861111119	0	0	0.10645355902777773	0.42581423611111091	0.10645355902777773	0	0	0.015597656250000026	0.062390625000000102	0.015597656250000026
5878	8.6806389233419914	0	0	0	0	0	0	0	0	0	0	0	0	0	0	0	0	0	0	0	0	0	0	0	0	0	0	0	0	0	0	0	0	0	0	0	0.027777777777777797	0.11111111111111119	0.027777777777777797	0	0	0.11111111111111105	0.4444444444444442	0.11111111111111105	0	0	0.027777777777777797	0.11111111111111119	0.027777777777777797	0	0
5842	8.6806389233419914	0	0	0	0	0	0	0	0	0	0	0	0	0	0	0	0	0	0	0	0	0	0	0	0	0	0	0	0	0	0	0	0	0	0	0	0.010123096857790741	0.099449303530936256	0.056446388079041183	0.0006478781988986075	0	0.040492387431162909	0.39779721412374447	0.22578555231616443	0.0025915127955944265	0	0.010123096857790741	0.099449303530936256	0.056446388079041183	0.0006478781988986075	0
5762	8.6806389233419914	0	0	0	0	0	0	0	0	0	0	0	0	0	0	0	0	0	0	0	0	0	0	0	0	0	0	0	0	0	0	0	0	0	0	0	0.0021865889212828002	0.072238419177194743	0.087058632977000394	0.00518302559118886	0	0.0087463556851311904	0.28895367670877858	0.34823453190800108	0.020732102364755412	0	0.0021865889212828002	0.072238419177194743	0.087058632977000394	0.00518302559118886	0
5663	8.6806389233419914	0	0	0	0	0	0	0	0	0	0	0	0	0	0	0	0	0	0	0	0	0	0	0	0	0	0	0	0	0	0	0	0	0	0	0	8.0984774862325937e-05	0.041140265630061575	0.10795270489148047	0.017492711370262402	0	0.00032393909944930331	0.16456106252024608	0.43181081956592127	0.069970845481049523	0	8.0984774862325937e-05	0.041140265630061575	0.10795270489148047	0.017492711370262402	0
5538	8.6806389233419914	0	0	0	0	0	0	0	0	0	0	0	0	0	0	0	0	0	0	0	0	0	0	0	0	0	0	0	0	0	0	0	0	0	0	0	0	0.017492711370262402	0.10795270489148047	0.041140265630061575	8.0984774862325937e-05	0	0.069970845481049523	0.43181081956592127	0.16456106252024608	0.00032393909944930331	0	0.017492711370262402	0.10795270489148047	0.041140265630061575	8.0984774862325937e-05
5429	8.6806389233419914	0	0	0	0	0	0	0	0	0	0	0	0	0	0	0	0	0	0	0	0	0	0	0	0	0	0	0	0	0	0	0	0	0	0	0	0	0.00518302559118886	0.087058632977000394	0.072238419177194743	0.0021865889212828002	0	0.020732102364755412	0.34823453190800108	0.28895367670877858	0.0087463556851311904	0	0.00518302559118886	0.087058632977000394	0.072238419177194743	0.0021865889212828002
5314	8.6806389233419914	0	0	0	0	0	0	0	0	0	0	0	0	0	0	0	0	0	0	0	0	0	0	0	0	0	0	0	0	0	0	0	0	0	0	0	0	0.0006478781988986075	0.056446388079041183	0.099449303530936256	0.010123096857790741	0	0.0025915127955944265	0.22578555231616443	0.39779721412374447	0.040492387431162909	0	0.0006478781988986075	0.056446388079041183	0.099449303530936256	0.010123096857790741
5243	8.6806389233419914	0	0	0	0	0	0	0	0	0	0	0	0	0	0	0	0	0	0	0	0	0	0	0	0	0	0	0	0	0	0	0	0	0	0	0	0	0	0.027777777777777797	0.11111111111111119	0.027777777777777797	0	0	0.11111111111111105	0.4444444444444442	0.11111111111111105	0	0	0.027777777777777797	0.11111111111111119	0.027777777777777797
