y	offset	x1	x2	x3	x4	x5	x6	x7	x8	x9	x10	x11	x12	x13	x14	x15	x16	x17	x18	x19	x20	x21	x22	x23	x24	x25	x26	x27	x28	x29	x30	x31	x32	x33	x34	x35	x36	x37	x38	x39	x40	x41	x42	x43
280	5.4806389233419912	0.027777777777776874	0.11111111111111291	0.027777777777776874	0	0	0	0.1111111111111075	0.44444444444445164	0.1111111111111075	0	0	0	0.027777777777776874	0.11111111111111291	0.027777777777776874	0	0	0	0	0	0	0	0	0	0	0	0	0	0	0	0	0	0	0	0	0	0	0	0	0	0	0	1
273	5.4806389233419912	0.0051830255911883092	0.087058632977001449	0.072238419177194063	0.002186588921282834	0	0	0.020732102364753237	0.3482345319080058	0.28895367670877625	0.0087463556851313361	0	0	0.0051830255911883092	0.087058632977001449	0.072238419177194063	0.002186588921282834	0	0	0	0	0	0	0	0	0	0	0	0	0	0	0	0	0	0	0	0	0	0	0	0	0	0	1
305	5.4806389233419912	8.0984774862275901e-05	0.041140265630061928	0.10795270489147979	0.017492711370262672	0	0	0.0003239390994491036	0.16456106252024771	0.43181081956591916	0.069970845481050689	0	0	8.0984774862275901e-05	0.041140265630061928	0.10795270489147979	0.017492711370262672	0	0	0	0	0	0	0	0	0	0	0	0	0	0	0	0	0	0	0	0	0	0	0	0	0	0	1
267	5.4806389233419912	0	0.010123096857791294	0.099449303530935243	0.056446388079041371	0.00064787819889877533	0	0	0.040492387431165178	0.39779721412374097	0.22578555231616548	0.0025915127955951013	0	0	0.010123096857791294	0.099449303530935243	0.056446388079041371	0.00064787819889877533	0	0	0	0	0	0	0	0	0	0	0	0	0	0	0	0	0	0	0	0	0	0	0	0	0	1
256	5.4806389233419912	0	0.00064787819889877533	0.056446388079041371	0.099449303530935243	0.010123096857791294	0	0	0.0025915127955951013	0.22578555231616548	0.39779721412374097	0.040492387431165178	0	0	0.00064787819889877533	0.056446388079041371	0.099449303530935243	0.010123096857791294	0	0	0	0	0	0	0	0	0	0	0	0	0	0	0	0	0	0	0	0	0	0	0	0	0	1
273	5.4806389233419912	0	0	0.017492711370262672	0.10795270489147979	0.041140265630061928	8.0984774862275901e-05	0	0	0.069970845481050689	0.43181081956591916	0.16456106252024771	0.0003239390994491036	0	0	0.017492711370262672	0.10795270489147979	0.041140265630061928	8.0984774862275901e-05	0	0	0	0	0	0	0	0	0	0	0	0	0	0	0	0	0	0	0	0	0	0	0	0	1
243	5.4806389233419912	0	0	0.002186588921282834	0.072238419177194063	0.087058632977001449	0.0051830255911883092	0	0	0.0087463556851313361	0.28895367670877625	0.3482345319080058	0.020732102364753237	0	0	0.002186588921282834	0.072238419177194063	0.087058632977001449	0.0051830255911883092	0	0	0	0	0	0	0	0	0	0	0	0	0	0	0	0	0	0	0	0	0	0	0	0	1
259	5.4806389233419912	0	0	0	0.027777777777776874	0.11111111111111291	0.027777777777776874	0	0	0	0.1111111111111075	0.44444444444445164	0.1111111111111075	0	0	0	0.027777777777776874	0.11111111111111291	0.027777777777776874	0	0	0	0	0	0	0	0	0	0	0	0	0	0	0	0	0	0	0	0	0	0	0	0	1
210	5.4806389233419912	0.027777777777776874	0.11111111111111291	0.027777777777776874	0	0	0	0.1111111111111075	0.44444444444445164	0.1111111111111075	0	0	0	0.027777777777776874	0.11111111111111291	0.027777777777776874	0	0	0	0	0	0	0	0	0	0	0	0	0	0	0	0	0	0	0	0	0	0	0	0	0	0	0	0
189	5.4806389233419912	0.0051830255911883092	0.087058632977001449	0.072238419177194063	0.002186588921282834	0	0	0.020732102364753237	0.3482345319080058	0.28895367670877625	0.0087463556851313361	0	0	0.0051830255911883092	0.087058632977001449	0.072238419177194063	0.002186588921282834	0	0	0	0	0	0	0	0	0	0	0	0	0	0	0	0	0	0	0	0	0	0	0	0	0	0	0
224	5.4806389233419912	8.0984774862275901e-05	0.041140265630061928	0.10795270489147979	0.017492711370262672	0	0	0.0003239390994491036	0.16456106252024771	0.43181081956591916	0.069970845481050689	0	0	8.0984774862275901e-05	0.041140265630061928	0.10795270489147979	0.017492711370262672	0	0	0	0	0	0	0	0	0	0	0	0	0	0	0	0	0	0	0	0	0	0	0	0	0	0	0
170	5.4806389233419912	0	0.010123096857791294	0.099449303530935243	0.056446388079041371	0.00064787819889877533	0	0	0.040492387431165178	0.39779721412374097	0.22578555231616548	0.0025915127955951013	0	0	0.010123096857791294	0.099449303530935243	0.056446388079041371	0.00064787819889877533	0	0	0	0	0	0	0	0	0	0	0	0	0	0	0	0	0	0	0	0	0	0	0	0	0	0
183	5.4806389233419912	0	0.00064787819889877533	0.056446388079041371	0.099449303530935243	0.010123096857791294	0	0	0.0025915127955951013	0.22578555231616548	0.39779721412374097	0.040492387431165178	0	0	0.00064787819889877533	0.056446388079041371	0.099449303530935243	0.010123096857791294	0	0	0	0	0	0	0	0	0	0	0	0	0	0	0	0	0	0	0	0	0	0	0	0	0	0
189	5.4806389233419912	0	0	0.017492711370262672	0.10795270489147979	0.041140265630061928	8.0984774862275901e-05	0	0	0.069970845481050689	0.43181081956591916	0.16456106252024771	0.0003239390994491036	0	0	0.017492711370262672	0.10795270489147979	0.041140265630061928	8.0984774862275901e-05	0	0	0	0	0	0	0	0	0	0	0	0	0	0	0	0	0	0	0	0	0	0	0	0	0
194	5.4806389233419912	0	0	0.002186588921282834	0.072238419177194063	0.087058632977001449	0.0051830255911883092	0	0	0.0087463556851313361	0.28895367670877625	0.3482345319080058	0.020732102364753237	0	0	0.002186588921282834	0.072238419177194063	0.087058632977001449	0.0051830255911883092	0	0	0	0	0	0	0	0	0	0	0	0	0	0	0	0	0	0	0	0	0	0	0	0	0
192	5.4806389233419912	0	0	0	0.027777777777776874	0.11111111111111291	0.027777777777776874	0	0	0	0.1111111111111075	0.44444444444445164	0.1111111111111075	0	0	0	0.027777777777776874	0.11111111111111291	0.027777777777776874	0	0	0	0	0	0	0	0	0	0	0	0	0	0	0	0	0	0	0	0	0	0	0	0	0
295	5.5606389233419913	0.020249999999999341	0.081000000000001321	0.020249999999999341	0	0	0	0.10952777777777421	0.43811111111111822	0.10952777777777421	0	0	0	0.036861111111109908	0.14744444444444682	0.036861111111109908	0	0	0	2.7777777777776874e-05	0.00011111111111111292	2.7777777777776874e-05	0	0	0	0	0	0	0	0	0	0	0	0	0	0	0	0	0	0	0	0	0	1
319	5.5606389233419913	0.0037784256559762778	0.063465743440234049	0.052661807580174476	0.001594023323615186	0	0	0.020436669906055506	0.3432721898283167	0.28483608681567624	0.0086217201166182145	0	0	0.0068778749595068862	0.11552680596048091	0.095860382248136533	0.0029016034985423207	0	0	5.1830255911883093e-06	8.705863297700144e-05	7.2238419177194076e-05	2.1865889212828339e-06	0	0	0	0	0	0	0	0	0	0	0	0	0	0	0	0	0	0	0	0	1
293	5.5606389233419913	5.9037900874599132e-05	0.029991253644315149	0.07869752186588877	0.012752186588921488	0	0	0.00031932296728195389	0.16221606737933419	0.42565751538710483	0.068973760932945716	0	0	0.00010746679624224011	0.054593132491092183	0.14325323939099366	0.023212827988338566	0	0	8.0984774862275908e-08	4.1140265630061935e-05	0.00010795270489147978	1.7492711370262671e-05	0	0	0	0	0	0	0	0	0	0	0	0	0	0	0	0	0	0	0	0	1
300	5.5606389233419913	0	0.0073797376093298539	0.072498542274051794	0.041149416909621157	0.00047230320699720722	0	0	0.039915370910271072	0.39212860382247766	0.22256810819566014	0.0025545837382578715	0	0	0.013433349530289046	0.13196922578555106	0.07490435698088789	0.00085973436993867487	0	0	1.0123096857791294e-05	9.9449303530935239e-05	5.644638807904137e-05	6.4787819889877531e-07	0	0	0	0	0	0	0	0	0	0	0	0	0	0	0	0	0	0	0	1
287	5.5606389233419913	0	0.00047230320699720722	0.041149416909621157	0.072498542274051794	0.0073797376093298539	0	0	0.0025545837382578715	0.22256810819566014	0.39212860382247766	0.039915370910271072	0	0	0.00085973436993867487	0.07490435698088789	0.13196922578555106	0.013433349530289046	0	0	6.4787819889877531e-07	5.644638807904137e-05	9.9449303530935239e-05	1.0123096857791294e-05	0	0	0	0	0	0	0	0	0	0	0	0	0	0	0	0	0	0	0	1
270	5.5606389233419913	0	0	0.012752186588921488	0.07869752186588877	0.029991253644315149	5.9037900874599132e-05	0	0	0.068973760932945716	0.42565751538710483	0.16221606737933419	0.00031932296728195389	0	0	0.023212827988338566	0.14325323939099366	0.054593132491092183	0.00010746679624224011	0	0	1.7492711370262671e-05	0.00010795270489147978	4.1140265630061935e-05	8.0984774862275908e-08	0	0	0	0	0	0	0	0	0	0	0	0	0	0	0	0	0	0	1
277	5.5606389233419913	0	0	0.001594023323615186	0.052661807580174476	0.063465743440234049	0.0037784256559762778	0	0	0.0086217201166182145	0.28483608681567624	0.3432721898283167	0.020436669906055506	0	0	0.0029016034985423207	0.095860382248136533	0.11552680596048091	0.0068778749595068862	0	0	2.1865889212828339e-06	7.2238419177194076e-05	8.705863297700144e-05	5.1830255911883093e-06	0	0	0	0	0	0	0	0	0	0	0	0	0	0	0	0	0	0	1
307	5.5606389233419913	0	0	0	0.020249999999999341	0.081000000000001321	0.020249999999999341	0	0	0	0.10952777777777421	0.43811111111111822	0.10952777777777421	0	0	0	0.036861111111109908	0.14744444444444682	0.036861111111109908	0	0	0	2.7777777777776874e-05	0.00011111111111111292	2.7777777777776874e-05	0	0	0	0	0	0	0	0	0	0	0	0	0	0	0	0	0	0	1
215	5.5606389233419913	0.020249999999999341	0.081000000000001321	0.020249999999999341	0	0	0	0.10952777777777421	0.43811111111111822	0.10952777777777421	0	0	0	0.036861111111109908	0.14744444444444682	0.036861111111109908	0	0	0	2.7777777777776874e-05	0.00011111111111111292	2.7777777777776874e-05	0	0	0	0	0	0	0	0	0	0	0	0	0	0	0	0	0	0	0	0	0	0
205	5.5606389233419913	0.0037784256559762778	0.063465743440234049	0.052661807580174476	0.001594023323615186	0	0	0.020436669906055506	0.3432721898283167	0.28483608681567624	0.0086217201166182145	0	0	0.0068778749595068862	0.11552680596048091	0.095860382248136533	0.0029016034985423207	0	0	5.1830255911883093e-06	8.705863297700144e-05	7.2238419177194076e-05	2.1865889212828339e-06	0	0	0	0	0	0	0	0	0	0	0	0	0	0	0	0	0	0	0	0	0
232	5.5606389233419913	5.9037900874599132e-05	0.029991253644315149	0.07869752186588877	0.012752186588921488	0	0	0.00031932296728195389	0.16221606737933419	0.42565751538710483	0.068973760932945716	0	0	0.00010746679624224011	0.054593132491092183	0.14325323939099366	0.023212827988338566	0	0	8.0984774862275908e-08	4.1140265630061935e-05	0.00010795270489147978	1.7492711370262671e-05	0	0	0	0	0	0	0	0	0	0	0	0	0	0	0	0	0	0	0	0	0
205	5.5606389233419913	0	0.0073797376093298539	0.072498542274051794	0.041149416909621157	0.00047230320699720722	0	0	0.039915370910271072	0.39212860382247766	0.22256810819566014	0.0025545837382578715	0	0	0.013433349530289046	0.13196922578555106	0.07490435698088789	0.00085973436993867487	0	0	1.0123096857791294e-05	9.9449303530935239e-05	5.644638807904137e-05	6.4787819889877531e-07	0	0	0	0	0	0	0	0	0	0	0	0	0	0	0	0	0	0	0	0
215	5.5606389233419913	0	0.00047230320699720722	0.041149416909621157	0.072498542274051794	0.0073797376093298539	0	0	0.0025545837382578715	0.22256810819566014	0.39212860382247766	0.039915370910271072	0	0	0.00085973436993867487	0.07490435698088789	0.13196922578555106	0.013433349530289046	0	0	6.4787819889877531e-07	5.644638807904137e-05	9.9449303530935239e-05	1.0123096857791294e-05	0	0	0	0	0	0	0	0	0	0	0	0	0	0	0	0	0	0	0	0
195	5.5606389233419913	0	0	0.012752186588921488	0.07869752186588877	0.029991253644315149	5.9037900874599132e-05	0	0	0.068973760932945716	0.42565751538710483	0.16221606737933419	0.00031932296728195389	0	0	0.023212827988338566	0.14325323939099366	0.054593132491092183	0.00010746679624224011	0	0	1.7492711370262671e-05	0.00010795270489147978	4.1140265630061935e-05	8.0984774862275908e-08	0	0	0	0	0	0	0	0	0	0	0	0	0	0	0	0	0	0	0
213	5.5606389233419913	0	0	0.001594023323615186	0.052661807580174476	0.063465743440234049	0.0037784256559762778	0	0	0.0086217201166182145	0.28483608681567624	0.3432721898283167	0.020436669906055506	0	0	0.0029016034985423207	0.095860382248136533	0.11552680596048091	0.0068778749595068862	0	0	2.1865889212828339e-06	7.2238419177194076e-05	8.705863297700144e-05	5.1830255911883093e-06	0	0	0	0	0	0	0	0	0	0	0	0	0	0	0	0	0	0	0
196	5.5606389233419913	0	0	0	0.020249999999999341	0.081000000000001321	0.020249999999999341	0	0	0	0.10952777777777421	0.43811111111111822	0.10952777777777421	0	0	0	0.036861111111109908	0.14744444444444682	0.036861111111109908	0	0	0	2.7777777777776874e-05	0.00011111111111111292	2.7777777777776874e-05	0	0	0	0	0	0	0	0	0	0	0	0	0	0	0	0	0	0	0
356	5.6406389233419914	0.01422222222222176	0.056888888888889814	0.01422222222222176	0	0	0	0.10511111111110769	0.42044444444445123	0.10511111111110769	0	0	0	0.047111111111109577	0.18844444444444752	0.047111111111109577	0	0	0	0.000222222222222215	0.00088888888888890335	0.000222222222222215	0	0	0	0	0	0	0	0	0	0	0	0	0	0	0	0	0	0	0	0	0	1
320	5.6406389233419914	0.0026537091026884144	0.044574020084224737	0.036986070618723367	0.001119533527696811	0	0	0.019612568837056563	0.32942986718497347	0.27335017816650237	0.0082740524781342445	0	0	0.008790411402655374	0.14765144152899445	0.12251635892452115	0.003708454810495687	0	0	4.1464204729506475e-05	0.00069646906381601152	0.00057790735341755261	1.7492711370262671e-05	0	0	0	0	0	0	0	0	0	0	0	0	0	0	0	0	0	0	0	0	1
310	5.6406389233419914	4.1464204729485265e-05	0.021063816002591711	0.055271784904437647	0.0089562682215744878	0	0	0.00030644638807885197	0.15567476514415435	0.40849303530935949	0.066192419825073956	0	0	0.00013735017816641994	0.06977389050858504	0.18308778749594973	0.029667638483965496	0	0	6.4787819889820727e-07	0.00032912212504049548	0.00086362163913183824	0.00013994169096210137	0	0	0	0	0	0	0	0	0	0	0	0	0	0	0	0	0	0	0	0	1
336	5.6406389233419914	0	0.0051830255911891427	0.050918043407838842	0.028900550696469181	0.00033171363783617296	0	0	0.038305798509882256	0.37631616456105893	0.21359313249109252	0.0024515711046329655	0	0	0.017168772270814037	0.16866601878846618	0.095733074182054165	0.0010988014253323231	0	0	8.0984774862330355e-05	0.00079559442824748191	0.00045157110463233096	5.1830255911902025e-06	0	0	0	0	0	0	0	0	0	0	0	0	0	0	0	0	0	0	0	1
305	5.6406389233419914	0	0.00033171363783617296	0.028900550696469181	0.050918043407838842	0.0051830255911891427	0	0	0.0024515711046329655	0.21359313249109252	0.37631616456105893	0.038305798509882256	0	0	0.0010988014253323231	0.095733074182054165	0.16866601878846618	0.017168772270814037	0	0	5.1830255911902025e-06	0.00045157110463233096	0.00079559442824748191	8.0984774862330355e-05	0	0	0	0	0	0	0	0	0	0	0	0	0	0	0	0	0	0	0	1
313	5.6406389233419914	0	0	0.0089562682215744878	0.055271784904437647	0.021063816002591711	4.1464204729485265e-05	0	0	0.066192419825073956	0.40849303530935949	0.15567476514415435	0.00030644638807885197	0	0	0.029667638483965496	0.18308778749594973	0.06977389050858504	0.00013735017816641994	0	0	0.00013994169096210137	0.00086362163913183824	0.00032912212504049548	6.4787819889820727e-07	0	0	0	0	0	0	0	0	0	0	0	0	0	0	0	0	0	0	1
325	5.6406389233419914	0	0	0.001119533527696811	0.036986070618723367	0.044574020084224737	0.0026537091026884144	0	0	0.0082740524781342445	0.27335017816650237	0.32942986718497347	0.019612568837056563	0	0	0.003708454810495687	0.12251635892452115	0.14765144152899445	0.008790411402655374	0	0	1.7492711370262671e-05	0.00057790735341755261	0.00069646906381601152	4.1464204729506475e-05	0	0	0	0	0	0	0	0	0	0	0	0	0	0	0	0	0	0	1
305	5.6406389233419914	0	0	0	0.01422222222222176	0.056888888888889814	0.01422222222222176	0	0	0	0.10511111111110769	0.42044444444445123	0.10511111111110769	0	0	0	0.047111111111109577	0.18844444444444752	0.047111111111109577	0	0	0	0.000222222222222215	0.00088888888888890335	0.000222222222222215	0	0	0	0	0	0	0	0	0	0	0	0	0	0	0	0	0	0	1
252	5.6406389233419914	0.01422222222222176	0.056888888888889814	0.01422222222222176	0	0	0	0.10511111111110769	0.42044444444445123	0.10511111111110769	0	0	0	0.047111111111109577	0.18844444444444752	0.047111111111109577	0	0	0	0.000222222222222215	0.00088888888888890335	0.000222222222222215	0	0	0	0	0	0	0	0	0	0	0	0	0	0	0	0	0	0	0	0	0	0
231	5.6406389233419914	0.0026537091026884144	0.044574020084224737	0.036986070618723367	0.001119533527696811	0	0	0.019612568837056563	0.32942986718497347	0.27335017816650237	0.0082740524781342445	0	0	0.008790411402655374	0.14765144152899445	0.12251635892452115	0.003708454810495687	0	0	4.1464204729506475e-05	0.00069646906381601152	0.00057790735341755261	1.7492711370262671e-05	0	0	0	0	0	0	0	0	0	0	0	0	0	0	0	0	0	0	0	0	0
228	5.6406389233419914	4.1464204729485265e-05	0.021063816002591711	0.055271784904437647	0.0089562682215744878	0	0	0.00030644638807885197	0.15567476514415435	0.40849303530935949	0.066192419825073956	0	0	0.00013735017816641994	0.06977389050858504	0.18308778749594973	0.029667638483965496	0	0	6.4787819889820727e-07	0.00032912212504049548	0.00086362163913183824	0.00013994169096210137	0	0	0	0	0	0	0	0	0	0	0	0	0	0	0	0	0	0	0	0	0
230	5.6406389233419914	0	0.0051830255911891427	0.050918043407838842	0.028900550696469181	0.00033171363783617296	0	0	0.038305798509882256	0.37631616456105893	0.21359313249109252	0.0024515711046329655	0	0	0.017168772270814037	0.16866601878846618	0.095733074182054165	0.0010988014253323231	0	0	8.0984774862330355e-05	0.00079559442824748191	0.00045157110463233096	5.1830255911902025e-06	0	0	0	0	0	0	0	0	0	0	0	0	0	0	0	0	0	0	0	0
208	5.6406389233419914	0	0.00033171363783617296	0.028900550696469181	0.050918043407838842	0.0051830255911891427	0	0	0.0024515711046329655	0.21359313249109252	0.37631616456105893	0.038305798509882256	0	0	0.0010988014253323231	0.095733074182054165	0.16866601878846618	0.017168772270814037	0	0	5.1830255911902025e-06	0.00045157110463233096	0.00079559442824748191	8.0984774862330355e-05	0	0	0	0	0	0	0	0	0	0	0	0	0	0	0	0	0	0	0	0
202	5.6406389233419914	0	0	0.0089562682215744878	0.055271784904437647	0.021063816002591711	4.1464204729485265e-05	0	0	0.066192419825073956	0.40849303530935949	0.15567476514415435	0.00030644638807885197	0	0	0.029667638483965496	0.18308778749594973	0.06977389050858504	0.00013735017816641994	0	0	0.00013994169096210137	0.00086362163913183824	0.00032912212504049548	6.4787819889820727e-07	0	0	0	0	0	0	0	0	0	0	0	0	0	0	0	0	0	0	0
232	5.6406389233419914	0	0	0.001119533527696811	0.036986070618723367	0.044574020084224737	0.0026537091026884144	0	0	0.0082740524781342445	0.27335017816650237	0.32942986718497347	0.019612568837056563	0	0	0.003708454810495687	0.12251635892452115	0.14765144152899445	0.008790411402655374	0	0	1.7492711370262671e-05	0.00057790735341755261	0.00069646906381601152	4.1464204729506475e-05	0	0	0	0	0	0	0	0	0	0	0	0	0	0	0	0	0	0	0
197	5.6406389233419914	0	0	0	0.01422222222222176	0.056888888888889814	0.01422222222222176	0	0	0	0.10511111111110769	0.42044444444445123	0.10511111111110769	0	0	0	0.047111111111109577	0.18844444444444752	0.047111111111109577	0	0	0	0.000222222222222215	0.00088888888888890335	0.000222222222222215	0	0	0	0	0	0	0	0	0	0	0	0	0	0	0	0	0	0	0
359	5.7206389233419914	0.0095277777777774686	0.038111111111111734	0.0095277777777774686	0	0	0	0.098361111111107916	0.39344444444445087	0.098361111111107916	0	0	0	0.058027777777775909	0.23211111111111496	0.058027777777775909	0	0	0	0.00074999999999997584	0.0030000000000000499	0.00074999999999997584	0	0	0	0	0	0	0	0	0	0	0	0	0	0	0	0	0	0	0	0	0	1
363	5.7206389233419914	0.0017777777777775903	0.029861111111111498	0.024777777777777569	0.00075000000000001216	0	0	0.018353093618397806	0.30827461937156214	0.25579624230644421	0.007742711370262517	0	0	0.010827340459992382	0.1818654842889561	0.15090605766115847	0.004567784256559842	0	0	0.0001399416909620844	0.00235058309037904	0.0019504373177842405	5.9037900874636544e-05	0	0	0	0	0	0	0	0	0	0	0	0	0	0	0	0	0	0	0	0	1
355	5.7206389233419914	2.7777777777760639e-05	0.014111111111111244	0.037027777777777569	0.0060000000000000973	0	0	0.00028676708778731903	0.14567768059604932	0.38226052802072996	0.061941690962100136	0	0	0.00016917719468729443	0.085942014901199404	0.22551320051830137	0.036542274052478736	0	0	2.1865889212814503e-06	0.0011107871720116725	0.0029147230320699553	0.00047230320699709235	0	0	0	0	0	0	0	0	0	0	0	0	0	0	0	0	0	0	0	0	1
323	5.7206389233419914	0	0.0034722222222224142	0.034111111111110794	0.01936111111111119	0.00022222222222227997	0	0	0.035845885973438976	0.35214998380304174	0.19987666018788552	0.0022941367023005636	0	0	0.02114714933592602	0.20774959507612381	0.11791650469711747	0.0013534175574995422	0	0	0.00027332361516036504	0.0026851311953352526	0.0015240524781341175	1.7492711370266941e-05	0	0	0	0	0	0	0	0	0	0	0	0	0	0	0	0	0	0	0	1
347	5.7206389233419914	0	0.00022222222222227997	0.01936111111111119	0.034111111111110794	0.0034722222222224142	0	0	0.0022941367023005636	0.19987666018788552	0.35214998380304174	0.035845885973438976	0	0	0.0013534175574995422	0.11791650469711747	0.20774959507612381	0.02114714933592602	0	0	1.7492711370266941e-05	0.0015240524781341175	0.0026851311953352526	0.00027332361516036504	0	0	0	0	0	0	0	0	0	0	0	0	0	0	0	0	0	0	0	1
325	5.7206389233419914	0	0	0.0060000000000000973	0.037027777777777569	0.014111111111111244	2.7777777777760639e-05	0	0	0.061941690962100136	0.38226052802072996	0.14567768059604932	0.00028676708778731903	0	0	0.036542274052478736	0.22551320051830137	0.085942014901199404	0.00016917719468729443	0	0	0.00047230320699709235	0.0029147230320699553	0.0011107871720116725	2.1865889212814503e-06	0	0	0	0	0	0	0	0	0	0	0	0	0	0	0	0	0	0	1
295	5.7206389233419914	0	0	0.00075000000000001216	0.024777777777777569	0.029861111111111498	0.0017777777777775903	0	0	0.007742711370262517	0.25579624230644421	0.30827461937156214	0.018353093618397806	0	0	0.004567784256559842	0.15090605766115847	0.1818654842889561	0.010827340459992382	0	0	5.9037900874636544e-05	0.0019504373177842405	0.00235058309037904	0.0001399416909620844	0	0	0	0	0	0	0	0	0	0	0	0	0	0	0	0	0	0	1
333	5.7206389233419914	0	0	0	0.0095277777777774686	0.038111111111111734	0.0095277777777774686	0	0	0	0.098361111111107916	0.39344444444445087	0.098361111111107916	0	0	0	0.058027777777775909	0.23211111111111496	0.058027777777775909	0	0	0	0.00074999999999997584	0.0030000000000000499	0.00074999999999997584	0	0	0	0	0	0	0	0	0	0	0	0	0	0	0	0	0	0	1
286	5.7206389233419914	0.0095277777777774686	0.038111111111111734	0.0095277777777774686	0	0	0	0.098361111111107916	0.39344444444445087	0.098361111111107916	0	0	0	0.058027777777775909	0.23211111111111496	0.058027777777775909	0	0	0	0.00074999999999997584	0.0030000000000000499	0.00074999999999997584	0	0	0	0	0	0	0	0	0	0	0	0	0	0	0	0	0	0	0	0	0	0
259	5.7206389233419914	0.0017777777777775903	0.029861111111111498	0.024777777777777569	0.00075000000000001216	0	0	0.018353093618397806	0.30827461937156214	0.25579624230644421	0.007742711370262517	0	0	0.010827340459992382	0.1818654842889561	0.15090605766115847	0.004567784256559842	0	0	0.0001399416909620844	0.00235058309037904	0.0019504373177842405	5.9037900874636544e-05	0	0	0	0	0	0	0	0	0	0	0	0	0	0	0	0	0	0	0	0	0
242	5.7206389233419914	2.7777777777760639e-05	0.014111111111111244	0.037027777777777569	0.0060000000000000973	0	0	0.00028676708778731903	0.14567768059604932	0.38226052802072996	0.061941690962100136	0	0	0.00016917719468729443	0.085942014901199404	0.22551320051830137	0.036542274052478736	0	0	2.1865889212814503e-06	0.0011107871720116725	0.0029147230320699553	0.00047230320699709235	0	0	0	0	0	0	0	0	0	0	0	0	0	0	0	0	0	0	0	0	0
238	5.7206389233419914	0	0.0034722222222224142	0.034111111111110794	0.01936111111111119	0.00022222222222227997	0	0	0.035845885973438976	0.35214998380304174	0.19987666018788552	0.0022941367023005636	0	0	0.02114714933592602	0.20774959507612381	0.11791650469711747	0.0013534175574995422	0	0	0.00027332361516036504	0.0026851311953352526	0.0015240524781341175	1.7492711370266941e-05	0	0	0	0	0	0	0	0	0	0	0	0	0	0	0	0	0	0	0	0
250	5.7206389233419914	0	0.00022222222222227997	0.01936111111111119	0.034111111111110794	0.0034722222222224142	0	0	0.0022941367023005636	0.19987666018788552	0.35214998380304174	0.035845885973438976	0	0	0.0013534175574995422	0.11791650469711747	0.20774959507612381	0.02114714933592602	0	0	1.7492711370266941e-05	0.0015240524781341175	0.0026851311953352526	0.00027332361516036504	0	0	0	0	0	0	0	0	0	0	0	0	0	0	0	0	0	0	0	0
247	5.7206389233419914	0	0	0.0060000000000000973	0.037027777777777569	0.014111111111111244	2.7777777777760639e-05	0	0	0.061941690962100136	0.38226052802072996	0.14567768059604932	0.00028676708778731903	0	0	0.036542274052478736	0.22551320051830137	0.085942014901199404	0.00016917719468729443	0	0	0.00047230320699709235	0.0029147230320699553	0.0011107871720116725	2.1865889212814503e-06	0	0	0	0	0	0	0	0	0	0	0	0	0	0	0	0	0	0	0
250	5.7206389233419914	0	0	0.00075000000000001216	0.024777777777777569	0.029861111111111498	0.0017777777777775903	0	0	0.007742711370262517	0.25579624230644421	0.30827461937156214	0.018353093618397806	0	0	0.004567784256559842	0.15090605766115847	0.1818654842889561	0.010827340459992382	0	0	5.9037900874636544e-05	0.0019504373177842405	0.00235058309037904	0.0001399416909620844	0	0	0	0	0	0	0	0	0	0	0	0	0	0	0	0	0	0	0
229	5.7206389233419914	0	0	0	0.0095277777777774686	0.038111111111111734	0.0095277777777774686	0	0	0	0.098361111111107916	0.39344444444445087	0.098361111111107916	0	0	0	0.058027777777775909	0.23211111111111496	0.058027777777775909	0	0	0	0.00074999999999997584	0.0030000000000000499	0.00074999999999997584	0	0	0	0	0	0	0	0	0	0	0	0	0	0	0	0	0	0	0
374	5.8006389233419915	0.0059999999999998067	0.024000000000000399	0.0059999999999998067	0	0	0	0.089777777777774875	0.35911111111111699	0.089777777777774875	0	0	0	0.069111111111108875	0.27644444444444899	0.069111111111108875	0	0	0	0.00177777777777772	0.0071111111111112268	0.00177777777777772	0	0	0	0	0	0	0	0	0	0	0	0	0	0	0	0	0	0	0	0	0	1
339	5.8006389233419915	0.0011195335276966752	0.01880466472303232	0.015603498542273924	0.00047230320699709235	0	0	0.016751538710720621	0.2813735017816687	0.23347457078069128	0.0070670553935861212	0	0	0.012895367670876517	0.21660187884677964	0.17972918691285888	0.005440233236151692	0	0	0.0003317136378360518	0.0055717525105280922	0.0046232588273404209	0.00013994169096210137	0	0	0	0	0	0	0	0	0	0	0	0	0	0	0	0	0	0	0	0	1
376	5.8006389233419915	1.7492711370251602e-05	0.00888629737609338	0.023317784256559643	0.0037784256559767388	0	0	0.00026174279235487575	0.13296533851636019	0.34890314220926272	0.05653644314868897	0	0	0.0002014901198573425	0.10235698088759411	0.26858632977000174	0.043521865889213536	0	0	5.1830255911856581e-06	0.0026329770003239638	0.0069089731130547059	0.001119533527696811	0	0	0	0	0	0	0	0	0	0	0	0	0	0	0	0	0	0	0	0	1
366	5.8006389233419915	0	0.0021865889212829203	0.021481049562682021	0.01219241982507294	0.00013994169096213552	0	0	0.032717849044381471	0.32142014901198274	0.18243472627146173	0.0020939423388408422	0	0	0.025186264982184747	0.24742986718496693	0.14043861354065496	0.0016119209588601534	0	0	0.00064787819889864284	0.0063647554259798553	0.0036125688370586477	4.146420472952162e-05	0	0	0	0	0	0	0	0	0	0	0	0	0	0	0	0	0	0	0	1
380	5.8006389233419915	0	0.00013994169096213552	0.01219241982507294	0.021481049562682021	0.0021865889212829203	0	0	0.0020939423388408422	0.18243472627146173	0.32142014901198274	0.032717849044381471	0	0	0.0016119209588601534	0.14043861354065496	0.24742986718496693	0.025186264982184747	0	0	4.146420472952162e-05	0.0036125688370586477	0.0063647554259798553	0.00064787819889864284	0	0	0	0	0	0	0	0	0	0	0	0	0	0	0	0	0	0	0	1
364	5.8006389233419915	0	0	0.0037784256559767388	0.023317784256559643	0.00888629737609338	1.7492711370251602e-05	0	0	0.05653644314868897	0.34890314220926272	0.13296533851636019	0.00026174279235487575	0	0	0.043521865889213536	0.26858632977000174	0.10235698088759411	0.0002014901198573425	0	0	0.001119533527696811	0.0069089731130547059	0.0026329770003239638	5.1830255911856581e-06	0	0	0	0	0	0	0	0	0	0	0	0	0	0	0	0	0	0	1
376	5.8006389233419915	0	0	0.00047230320699709235	0.015603498542273924	0.01880466472303232	0.0011195335276966752	0	0	0.0070670553935861212	0.23347457078069128	0.2813735017816687	0.016751538710720621	0	0	0.005440233236151692	0.17972918691285888	0.21660187884677964	0.012895367670876517	0	0	0.00013994169096210137	0.0046232588273404209	0.0055717525105280922	0.0003317136378360518	0	0	0	0	0	0	0	0	0	0	0	0	0	0	0	0	0	0	1
338	5.8006389233419915	0	0	0	0.0059999999999998067	0.024000000000000399	0.0059999999999998067	0	0	0	0.089777777777774875	0.35911111111111699	0.089777777777774875	0	0	0	0.069111111111108875	0.27644444444444899	0.069111111111108875	0	0	0	0.00177777777777772	0.0071111111111112268	0.00177777777777772	0	0	0	0	0	0	0	0	0	0	0	0	0	0	0	0	0	0	1
275	5.8006389233419915	0.0059999999999998067	0.024000000000000399	0.0059999999999998067	0	0	0	0.089777777777774875	0.35911111111111699	0.089777777777774875	0	0	0	0.069111111111108875	0.27644444444444899	0.069111111111108875	0	0	0	0.00177777777777772	0.0071111111111112268	0.00177777777777772	0	0	0	0	0	0	0	0	0	0	0	0	0	0	0	0	0	0	0	0	0	0
300	5.8006389233419915	0.0011195335276966752	0.01880466472303232	0.015603498542273924	0.00047230320699709235	0	0	0.016751538710720621	0.2813735017816687	0.23347457078069128	0.0070670553935861212	0	0	0.012895367670876517	0.21660187884677964	0.17972918691285888	0.005440233236151692	0	0	0.0003317136378360518	0.0055717525105280922	0.0046232588273404209	0.00013994169096210137	0	0	0	0	0	0	0	0	0	0	0	0	0	0	0	0	0	0	0	0	0
292	5.8006389233419915	1.7492711370251602e-05	0.00888629737609338	0.023317784256559643	0.0037784256559767388	0	0	0.00026174279235487575	0.13296533851636019	0.34890314220926272	0.05653644314868897	0	0	0.0002014901198573425	0.10235698088759411	0.26858632977000174	0.043521865889213536	0	0	5.1830255911856581e-06	0.0026329770003239638	0.0069089731130547059	0.001119533527696811	0	0	0	0	0	0	0	0	0	0	0	0	0	0	0	0	0	0	0	0	0
269	5.8006389233419915	0	0.0021865889212829203	0.021481049562682021	0.01219241982507294	0.00013994169096213552	0	0	0.032717849044381471	0.32142014901198274	0.18243472627146173	0.0020939423388408422	0	0	0.025186264982184747	0.24742986718496693	0.14043861354065496	0.0016119209588601534	0	0	0.00064787819889864284	0.0063647554259798553	0.0036125688370586477	4.146420472952162e-05	0	0	0	0	0	0	0	0	0	0	0	0	0	0	0	0	0	0	0	0
254	5.8006389233419915	0	0.00013994169096213552	0.01219241982507294	0.021481049562682021	0.0021865889212829203	0	0	0.0020939423388408422	0.18243472627146173	0.32142014901198274	0.032717849044381471	0	0	0.0016119209588601534	0.14043861354065496	0.24742986718496693	0.025186264982184747	0	0	4.146420472952162e-05	0.0036125688370586477	0.0063647554259798553	0.00064787819889864284	0	0	0	0	0	0	0	0	0	0	0	0	0	0	0	0	0	0	0	0
262	5.8006389233419915	0	0	0.0037784256559767388	0.023317784256559643	0.00888629737609338	1.7492711370251602e-05	0	0	0.05653644314868897	0.34890314220926272	0.13296533851636019	0.00026174279235487575	0	0	0.043521865889213536	0.26858632977000174	0.10235698088759411	0.0002014901198573425	0	0	0.001119533527696811	0.0069089731130547059	0.0026329770003239638	5.1830255911856581e-06	0	0	0	0	0	0	0	0	0	0	0	0	0	0	0	0	0	0	0
267	5.8006389233419915	0	0	0.00047230320699709235	0.015603498542273924	0.01880466472303232	0.0011195335276966752	0	0	0.0070670553935861212	0.23347457078069128	0.2813735017816687	0.016751538710720621	0	0	0.005440233236151692	0.17972918691285888	0.21660187884677964	0.012895367670876517	0	0	0.00013994169096210137	0.0046232588273404209	0.0055717525105280922	0.0003317136378360518	0	0	0	0	0	0	0	0	0	0	0	0	0	0	0	0	0	0	0
272	5.8006389233419915	0	0	0	0.0059999999999998067	0.024000000000000399	0.0059999999999998067	0	0	0	0.089777777777774875	0.35911111111111699	0.089777777777774875	0	0	0	0.069111111111108875	0.27644444444444899	0.069111111111108875	0	0	0	0.00177777777777772	0.0071111111111112268	0.00177777777777772	0	0	0	0	0	0	0	0	0	0	0	0	0	0	0	0	0	0	0
433	5.8806389233419916	0.0034722222222221093	0.013888888888889114	0.0034722222222221093	0	0	0	0.07986111111110851	0.31944444444444964	0.07986111111110851	0	0	0	0.07986111111110851	0.31944444444444964	0.07986111111110851	0	0	0	0.0034722222222221093	0.013888888888889114	0.0034722222222221093	0	0	0	0	0	0	0	0	0	0	0	0	0	0	0	0	0	0	0	0	0	1
396	5.8806389233419916	0.00064787819889853865	0.010882329122125181	0.0090298023971492579	0.00027332361516035425	0	0	0.014901198574666392	0.25029356980887918	0.20768545513443296	0.0062864431486881487	0	0	0.014901198574666392	0.25029356980887918	0.20768545513443296	0.0062864431486881487	0	0	0.00064787819889853865	0.010882329122125181	0.0090298023971492579	0.00027332361516035425	0	0	0	0	0	0	0	0	0	0	0	0	0	0	0	0	0	0	0	0	1
404	5.8806389233419916	1.0123096857784488e-05	0.0051425332037577411	0.013494088111434974	0.002186588921282834	0	0	0.00023283122772904324	0.11827826368642806	0.31036402656300438	0.050291545189505189	0	0	0.00023283122772904324	0.11827826368642806	0.31036402656300438	0.050291545189505189	0	0	1.0123096857784488e-05	0.0051425332037577411	0.013494088111434974	0.002186588921282834	0	0	0	0	0	0	0	0	0	0	0	0	0	0	0	0	0	0	0	0	1
398	5.8806389233419916	0	0.0012653871072239118	0.012431162941366905	0.0070557985098801713	8.0984774862346916e-05	0	0	0.029103903466149973	0.28591674765143887	0.16228336572724394	0.0018626498218339792	0	0	0.029103903466149973	0.28591674765143887	0.16228336572724394	0.0018626498218339792	0	0	0.0012653871072239118	0.012431162941366905	0.0070557985098801713	8.0984774862346916e-05	0	0	0	0	0	0	0	0	0	0	0	0	0	0	0	0	0	0	0	1
386	5.8806389233419916	0	8.0984774862346916e-05	0.0070557985098801713	0.012431162941366905	0.0012653871072239118	0	0	0.0018626498218339792	0.16228336572724394	0.28591674765143887	0.029103903466149973	0	0	0.0018626498218339792	0.16228336572724394	0.28591674765143887	0.029103903466149973	0	0	8.0984774862346916e-05	0.0070557985098801713	0.012431162941366905	0.0012653871072239118	0	0	0	0	0	0	0	0	0	0	0	0	0	0	0	0	0	0	0	1
389	5.8806389233419916	0	0	0.002186588921282834	0.013494088111434974	0.0051425332037577411	1.0123096857784488e-05	0	0	0.050291545189505189	0.31036402656300438	0.11827826368642806	0.00023283122772904324	0	0	0.050291545189505189	0.31036402656300438	0.11827826368642806	0.00023283122772904324	0	0	0.002186588921282834	0.013494088111434974	0.0051425332037577411	1.0123096857784488e-05	0	0	0	0	0	0	0	0	0	0	0	0	0	0	0	0	0	0	1
410	5.8806389233419916	0	0	0.00027332361516035425	0.0090298023971492579	0.010882329122125181	0.00064787819889853865	0	0	0.0062864431486881487	0.20768545513443296	0.25029356980887918	0.014901198574666392	0	0	0.0062864431486881487	0.20768545513443296	0.25029356980887918	0.014901198574666392	0	0	0.00027332361516035425	0.0090298023971492579	0.010882329122125181	0.00064787819889853865	0	0	0	0	0	0	0	0	0	0	0	0	0	0	0	0	0	0	1
355	5.8806389233419916	0	0	0	0.0034722222222221093	0.013888888888889114	0.0034722222222221093	0	0	0	0.07986111111110851	0.31944444444444964	0.07986111111110851	0	0	0	0.07986111111110851	0.31944444444444964	0.07986111111110851	0	0	0	0.0034722222222221093	0.013888888888889114	0.0034722222222221093	0	0	0	0	0	0	0	0	0	0	0	0	0	0	0	0	0	0	1
284	5.8806389233419916	0.0034722222222221093	0.013888888888889114	0.0034722222222221093	0	0	0	0.07986111111110851	0.31944444444444964	0.07986111111110851	0	0	0	0.07986111111110851	0.31944444444444964	0.07986111111110851	0	0	0	0.0034722222222221093	0.013888888888889114	0.0034722222222221093	0	0	0	0	0	0	0	0	0	0	0	0	0	0	0	0	0	0	0	0	0	0
263	5.8806389233419916	0.00064787819889853865	0.010882329122125181	0.0090298023971492579	0.00027332361516035425	0	0	0.014901198574666392	0.25029356980887918	0.20768545513443296	0.0062864431486881487	0	0	0.014901198574666392	0.25029356980887918	0.20768545513443296	0.0062864431486881487	0	0	0.00064787819889853865	0.010882329122125181	0.0090298023971492579	0.00027332361516035425	0	0	0	0	0	0	0	0	0	0	0	0	0	0	0	0	0	0	0	0	0
299	5.8806389233419916	1.0123096857784488e-05	0.0051425332037577411	0.013494088111434974	0.002186588921282834	0	0	0.00023283122772904324	0.11827826368642806	0.31036402656300438	0.050291545189505189	0	0	0.00023283122772904324	0.11827826368642806	0.31036402656300438	0.050291545189505189	0	0	1.0123096857784488e-05	0.0051425332037577411	0.013494088111434974	0.002186588921282834	0	0	0	0	0	0	0	0	0	0	0	0	0	0	0	0	0	0	0	0	0
299	5.8806389233419916	0	0.0012653871072239118	0.012431162941366905	0.0070557985098801713	8.0984774862346916e-05	0	0	0.029103903466149973	0.28591674765143887	0.16228336572724394	0.0018626498218339792	0	0	0.029103903466149973	0.28591674765143887	0.16228336572724394	0.0018626498218339792	0	0	0.0012653871072239118	0.012431162941366905	0.0070557985098801713	8.0984774862346916e-05	0	0	0	0	0	0	0	0	0	0	0	0	0	0	0	0	0	0	0	0
303	5.8806389233419916	0	8.0984774862346916e-05	0.0070557985098801713	0.012431162941366905	0.0012653871072239118	0	0	0.0018626498218339792	0.16228336572724394	0.28591674765143887	0.029103903466149973	0	0	0.0018626498218339792	0.16228336572724394	0.28591674765143887	0.029103903466149973	0	0	8.0984774862346916e-05	0.0070557985098801713	0.012431162941366905	0.0012653871072239118	0	0	0	0	0	0	0	0	0	0	0	0	0	0	0	0	0	0	0	0
267	5.8806389233419916	0	0	0.002186588921282834	0.013494088111434974	0.0051425332037577411	1.0123096857784488e-05	0	0	0.050291545189505189	0.31036402656300438	0.11827826368642806	0.00023283122772904324	0	0	0.050291545189505189	0.31036402656300438	0.11827826368642806	0.00023283122772904324	0	0	0.002186588921282834	0.013494088111434974	0.0051425332037577411	1.0123096857784488e-05	0	0	0	0	0	0	0	0	0	0	0	0	0	0	0	0	0	0	0
298	5.8806389233419916	0	0	0.00027332361516035425	0.0090298023971492579	0.010882329122125181	0.00064787819889853865	0	0	0.0062864431486881487	0.20768545513443296	0.25029356980887918	0.014901198574666392	0	0	0.0062864431486881487	0.20768545513443296	0.25029356980887918	0.014901198574666392	0	0	0.00027332361516035425	0.0090298023971492579	0.010882329122125181	0.00064787819889853865	0	0	0	0	0	0	0	0	0	0	0	0	0	0	0	0	0	0	0
263	5.8806389233419916	0	0	0	0.0034722222222221093	0.013888888888889114	0.0034722222222221093	0	0	0	0.07986111111110851	0.31944444444444964	0.07986111111110851	0	0	0	0.07986111111110851	0.31944444444444964	0.07986111111110851	0	0	0	0.0034722222222221093	0.013888888888889114	0.0034722222222221093	0	0	0	0	0	0	0	0	0	0	0	0	0	0	0	0	0	0	0
467	5.9606389233419916	0.00177777777777772	0.0071111111111112268	0.00177777777777772	0	0	0	0.069111111111108875	0.27644444444444899	0.069111111111108875	0	0	0	0.089777777777774875	0.35911111111111699	0.089777777777774875	0	0	0	0.0059999999999998067	0.024000000000000399	0.0059999999999998067	0	0	0	0	0	0	0	0	0	0	0	0	0	0	0	0	0	0	0	0	0	1
465	5.9606389233419916	0.0003317136378360518	0.0055717525105280922	0.0046232588273404209	0.00013994169096210137	0	0	0.012895367670876517	0.21660187884677964	0.17972918691285888	0.005440233236151692	0	0	0.016751538710720621	0.2813735017816687	0.23347457078069128	0.0070670553935861212	0	0	0.0011195335276966752	0.01880466472303232	0.015603498542273924	0.00047230320699709235	0	0	0	0	0	0	0	0	0	0	0	0	0	0	0	0	0	0	0	0	1
471	5.9606389233419916	5.1830255911856581e-06	0.0026329770003239638	0.0069089731130547059	0.001119533527696811	0	0	0.0002014901198573425	0.10235698088759411	0.26858632977000174	0.043521865889213536	0	0	0.00026174279235487575	0.13296533851636019	0.34890314220926272	0.05653644314868897	0	0	1.7492711370251602e-05	0.00888629737609338	0.023317784256559643	0.0037784256559767388	0	0	0	0	0	0	0	0	0	0	0	0	0	0	0	0	0	0	0	0	1
396	5.9606389233419916	0	0.00064787819889864284	0.0063647554259798553	0.0036125688370586477	4.146420472952162e-05	0	0	0.025186264982184747	0.24742986718496693	0.14043861354065496	0.0016119209588601534	0	0	0.032717849044381471	0.32142014901198274	0.18243472627146173	0.0020939423388408422	0	0	0.0021865889212829203	0.021481049562682021	0.01219241982507294	0.00013994169096213552	0	0	0	0	0	0	0	0	0	0	0	0	0	0	0	0	0	0	0	1
416	5.9606389233419916	0	4.146420472952162e-05	0.0036125688370586477	0.0063647554259798553	0.00064787819889864284	0	0	0.0016119209588601534	0.14043861354065496	0.24742986718496693	0.025186264982184747	0	0	0.0020939423388408422	0.18243472627146173	0.32142014901198274	0.032717849044381471	0	0	0.00013994169096213552	0.01219241982507294	0.021481049562682021	0.0021865889212829203	0	0	0	0	0	0	0	0	0	0	0	0	0	0	0	0	0	0	0	1
409	5.9606389233419916	0	0	0.001119533527696811	0.0069089731130547059	0.0026329770003239638	5.1830255911856581e-06	0	0	0.043521865889213536	0.26858632977000174	0.10235698088759411	0.0002014901198573425	0	0	0.05653644314868897	0.34890314220926272	0.13296533851636019	0.00026174279235487575	0	0	0.0037784256559767388	0.023317784256559643	0.00888629737609338	1.7492711370251602e-05	0	0	0	0	0	0	0	0	0	0	0	0	0	0	0	0	0	0	1
411	5.9606389233419916	0	0	0.00013994169096210137	0.0046232588273404209	0.0055717525105280922	0.0003317136378360518	0	0	0.005440233236151692	0.17972918691285888	0.21660187884677964	0.012895367670876517	0	0	0.0070670553935861212	0.23347457078069128	0.2813735017816687	0.016751538710720621	0	0	0.00047230320699709235	0.015603498542273924	0.01880466472303232	0.0011195335276966752	0	0	0	0	0	0	0	0	0	0	0	0	0	0	0	0	0	0	1
388	5.9606389233419916	0	0	0	0.00177777777777772	0.0071111111111112268	0.00177777777777772	0	0	0	0.069111111111108875	0.27644444444444899	0.069111111111108875	0	0	0	0.089777777777774875	0.35911111111111699	0.089777777777774875	0	0	0	0.0059999999999998067	0.024000000000000399	0.0059999999999998067	0	0	0	0	0	0	0	0	0	0	0	0	0	0	0	0	0	0	1
316	5.9606389233419916	0.00177777777777772	0.0071111111111112268	0.00177777777777772	0	0	0	0.069111111111108875	0.27644444444444899	0.069111111111108875	0	0	0	0.089777777777774875	0.35911111111111699	0.089777777777774875	0	0	0	0.0059999999999998067	0.024000000000000399	0.0059999999999998067	0	0	0	0	0	0	0	0	0	0	0	0	0	0	0	0	0	0	0	0	0	0
334	5.9606389233419916	0.0003317136378360518	0.0055717525105280922	0.0046232588273404209	0.00013994169096210137	0	0	0.012895367670876517	0.21660187884677964	0.17972918691285888	0.005440233236151692	0	0	0.016751538710720621	0.2813735017816687	0.23347457078069128	0.0070670553935861212	0	0	0.0011195335276966752	0.01880466472303232	0.015603498542273924	0.00047230320699709235	0	0	0	0	0	0	0	0	0	0	0	0	0	0	0	0	0	0	0	0	0
310	5.9606389233419916	5.1830255911856581e-06	0.0026329770003239638	0.0069089731130547059	0.001119533527696811	0	0	0.0002014901198573425	0.10235698088759411	0.26858632977000174	0.043521865889213536	0	0	0.00026174279235487575	0.13296533851636019	0.34890314220926272	0.05653644314868897	0	0	1.7492711370251602e-05	0.00888629737609338	0.023317784256559643	0.0037784256559767388	0	0	0	0	0	0	0	0	0	0	0	0	0	0	0	0	0	0	0	0	0
297	5.9606389233419916	0	0.00064787819889864284	0.0063647554259798553	0.0036125688370586477	4.146420472952162e-05	0	0	0.025186264982184747	0.24742986718496693	0.14043861354065496	0.0016119209588601534	0	0	0.032717849044381471	0.32142014901198274	0.18243472627146173	0.0020939423388408422	0	0	0.0021865889212829203	0.021481049562682021	0.01219241982507294	0.00013994169096213552	0	0	0	0	0	0	0	0	0	0	0	0	0	0	0	0	0	0	0	0
286	5.9606389233419916	0	4.146420472952162e-05	0.0036125688370586477	0.0063647554259798553	0.00064787819889864284	0	0	0.0016119209588601534	0.14043861354065496	0.24742986718496693	0.025186264982184747	0	0	0.0020939423388408422	0.18243472627146173	0.32142014901198274	0.032717849044381471	0	0	0.00013994169096213552	0.01219241982507294	0.021481049562682021	0.0021865889212829203	0	0	0	0	0	0	0	0	0	0	0	0	0	0	0	0	0	0	0	0
285	5.9606389233419916	0	0	0.001119533527696811	0.0069089731130547059	0.0026329770003239638	5.1830255911856581e-06	0	0	0.043521865889213536	0.26858632977000174	0.10235698088759411	0.0002014901198573425	0	0	0.05653644314868897	0.34890314220926272	0.13296533851636019	0.00026174279235487575	0	0	0.0037784256559767388	0.023317784256559643	0.00888629737609338	1.7492711370251602e-05	0	0	0	0	0	0	0	0	0	0	0	0	0	0	0	0	0	0	0
314	5.9606389233419916	0	0	0.00013994169096210137	0.0046232588273404209	0.0055717525105280922	0.0003317136378360518	0	0	0.005440233236151692	0.17972918691285888	0.21660187884677964	0.012895367670876517	0	0	0.0070670553935861212	0.23347457078069128	0.2813735017816687	0.016751538710720621	0	0	0.00047230320699709235	0.015603498542273924	0.01880466472303232	0.0011195335276966752	0	0	0	0	0	0	0	0	0	0	0	0	0	0	0	0	0	0	0
304	5.9606389233419916	0	0	0	0.00177777777777772	0.0071111111111112268	0.00177777777777772	0	0	0	0.069111111111108875	0.27644444444444899	0.069111111111108875	0	0	0	0.089777777777774875	0.35911111111111699	0.089777777777774875	0	0	0	0.0059999999999998067	0.024000000000000399	0.0059999999999998067	0	0	0	0	0	0	0	0	0	0	0	0	0	0	0	0	0	0	0
465	6.0406389233419917	0.00074999999999997584	0.0030000000000000499	0.00074999999999997584	0	0	0	0.058027777777775909	0.23211111111111496	0.058027777777775909	0	0	0	0.098361111111107916	0.39344444444445087	0.098361111111107916	0	0	0	0.0095277777777774686	0.038111111111111734	0.0095277777777774686	0	0	0	0	0	0	0	0	0	0	0	0	0	0	0	0	0	0	0	0	0	1
461	6.0406389233419917	0.0001399416909620844	0.00235058309037904	0.0019504373177842405	5.9037900874636544e-05	0	0	0.010827340459992382	0.1818654842889561	0.15090605766115847	0.004567784256559842	0	0	0.018353093618397806	0.30827461937156214	0.25579624230644421	0.007742711370262517	0	0	0.0017777777777775903	0.029861111111111498	0.024777777777777569	0.00075000000000001216	0	0	0	0	0	0	0	0	0	0	0	0	0	0	0	0	0	0	0	0	1
448	6.0406389233419917	2.1865889212814503e-06	0.0011107871720116725	0.0029147230320699553	0.00047230320699709235	0	0	0.00016917719468729443	0.085942014901199404	0.22551320051830137	0.036542274052478736	0	0	0.00028676708778731903	0.14567768059604932	0.38226052802072996	0.061941690962100136	0	0	2.7777777777760639e-05	0.014111111111111244	0.037027777777777569	0.0060000000000000973	0	0	0	0	0	0	0	0	0	0	0	0	0	0	0	0	0	0	0	0	1
432	6.0406389233419917	0	0.00027332361516036504	0.0026851311953352526	0.0015240524781341175	1.7492711370266941e-05	0	0	0.02114714933592602	0.20774959507612381	0.11791650469711747	0.0013534175574995422	0	0	0.035845885973438976	0.35214998380304174	0.19987666018788552	0.0022941367023005636	0	0	0.0034722222222224142	0.034111111111110794	0.01936111111111119	0.00022222222222227997	0	0	0	0	0	0	0	0	0	0	0	0	0	0	0	0	0	0	0	1
461	6.0406389233419917	0	1.7492711370266941e-05	0.0015240524781341175	0.0026851311953352526	0.00027332361516036504	0	0	0.0013534175574995422	0.11791650469711747	0.20774959507612381	0.02114714933592602	0	0	0.0022941367023005636	0.19987666018788552	0.35214998380304174	0.035845885973438976	0	0	0.00022222222222227997	0.01936111111111119	0.034111111111110794	0.0034722222222224142	0	0	0	0	0	0	0	0	0	0	0	0	0	0	0	0	0	0	0	1
456	6.0406389233419917	0	0	0.00047230320699709235	0.0029147230320699553	0.0011107871720116725	2.1865889212814503e-06	0	0	0.036542274052478736	0.22551320051830137	0.085942014901199404	0.00016917719468729443	0	0	0.061941690962100136	0.38226052802072996	0.14567768059604932	0.00028676708778731903	0	0	0.0060000000000000973	0.037027777777777569	0.014111111111111244	2.7777777777760639e-05	0	0	0	0	0	0	0	0	0	0	0	0	0	0	0	0	0	0	1
445	6.0406389233419917	0	0	5.9037900874636544e-05	0.0019504373177842405	0.00235058309037904	0.0001399416909620844	0	0	0.004567784256559842	0.15090605766115847	0.1818654842889561	0.010827340459992382	0	0	0.007742711370262517	0.25579624230644421	0.30827461937156214	0.018353093618397806	0	0	0.00075000000000001216	0.024777777777777569	0.029861111111111498	0.0017777777777775903	0	0	0	0	0	0	0	0	0	0	0	0	0	0	0	0	0	0	1
456	6.0406389233419917	0	0	0	0.00074999999999997584	0.0030000000000000499	0.00074999999999997584	0	0	0	0.058027777777775909	0.23211111111111496	0.058027777777775909	0	0	0	0.098361111111107916	0.39344444444445087	0.098361111111107916	0	0	0	0.0095277777777774686	0.038111111111111734	0.0095277777777774686	0	0	0	0	0	0	0	0	0	0	0	0	0	0	0	0	0	0	1
329	6.0406389233419917	0.00074999999999997584	0.0030000000000000499	0.00074999999999997584	0	0	0	0.058027777777775909	0.23211111111111496	0.058027777777775909	0	0	0	0.098361111111107916	0.39344444444445087	0.098361111111107916	0	0	0	0.0095277777777774686	0.038111111111111734	0.0095277777777774686	0	0	0	0	0	0	0	0	0	0	0	0	0	0	0	0	0	0	0	0	0	0
391	6.0406389233419917	0.0001399416909620844	0.00235058309037904	0.0019504373177842405	5.9037900874636544e-05	0	0	0.010827340459992382	0.1818654842889561	0.15090605766115847	0.004567784256559842	0	0	0.018353093618397806	0.30827461937156214	0.25579624230644421	0.007742711370262517	0	0	0.0017777777777775903	0.029861111111111498	0.024777777777777569	0.00075000000000001216	0	0	0	0	0	0	0	0	0	0	0	0	0	0	0	0	0	0	0	0	0
346	6.0406389233419917	2.1865889212814503e-06	0.0011107871720116725	0.0029147230320699553	0.00047230320699709235	0	0	0.00016917719468729443	0.085942014901199404	0.22551320051830137	0.036542274052478736	0	0	0.00028676708778731903	0.14567768059604932	0.38226052802072996	0.061941690962100136	0	0	2.7777777777760639e-05	0.014111111111111244	0.037027777777777569	0.0060000000000000973	0	0	0	0	0	0	0	0	0	0	0	0	0	0	0	0	0	0	0	0	0
340	6.0406389233419917	0	0.00027332361516036504	0.0026851311953352526	0.0015240524781341175	1.7492711370266941e-05	0	0	0.02114714933592602	0.20774959507612381	0.11791650469711747	0.0013534175574995422	0	0	0.035845885973438976	0.35214998380304174	0.19987666018788552	0.0022941367023005636	0	0	0.0034722222222224142	0.034111111111110794	0.01936111111111119	0.00022222222222227997	0	0	0	0	0	0	0	0	0	0	0	0	0	0	0	0	0	0	0	0
332	6.0406389233419917	0	1.7492711370266941e-05	0.0015240524781341175	0.0026851311953352526	0.00027332361516036504	0	0	0.0013534175574995422	0.11791650469711747	0.20774959507612381	0.02114714933592602	0	0	0.0022941367023005636	0.19987666018788552	0.35214998380304174	0.035845885973438976	0	0	0.00022222222222227997	0.01936111111111119	0.034111111111110794	0.0034722222222224142	0	0	0	0	0	0	0	0	0	0	0	0	0	0	0	0	0	0	0	0
343	6.0406389233419917	0	0	0.00047230320699709235	0.0029147230320699553	0.0011107871720116725	2.1865889212814503e-06	0	0	0.036542274052478736	0.22551320051830137	0.085942014901199404	0.00016917719468729443	0	0	0.061941690962100136	0.38226052802072996	0.14567768059604932	0.00028676708778731903	0	0	0.0060000000000000973	0.037027777777777569	0.014111111111111244	2.7777777777760639e-05	0	0	0	0	0	0	0	0	0	0	0	0	0	0	0	0	0	0	0
315	6.0406389233419917	0	0	5.9037900874636544e-05	0.0019504373177842405	0.00235058309037904	0.0001399416909620844	0	0	0.004567784256559842	0.15090605766115847	0.1818654842889561	0.010827340459992382	0	0	0.007742711370262517	0.25579624230644421	0.30827461937156214	0.018353093618397806	0	0	0.00075000000000001216	0.024777777777777569	0.029861111111111498	0.0017777777777775903	0	0	0	0	0	0	0	0	0	0	0	0	0	0	0	0	0	0	0
342	6.0406389233419917	0	0	0	0.00074999999999997584	0.0030000000000000499	0.00074999999999997584	0	0	0	0.058027777777775909	0.23211111111111496	0.058027777777775909	0	0	0	0.098361111111107916	0.39344444444445087	0.098361111111107916	0	0	0	0.0095277777777774686	0.038111111111111734	0.0095277777777774686	0	0	0	0	0	0	0	0	0	0	0	0	0	0	0	0	0	0	0
510	6.1206389233419909	0.000222222222222215	0.00088888888888890335	0.000222222222222215	0	0	0	0.047111111111109577	0.18844444444444752	0.047111111111109577	0	0	0	0.10511111111110769	0.42044444444445123	0.10511111111110769	0	0	0	0.01422222222222176	0.056888888888889814	0.01422222222222176	0	0	0	0	0	0	0	0	0	0	0	0	0	0	0	0	0	0	0	0	0	1
505	6.1206389233419909	4.1464204729506475e-05	0.00069646906381601152	0.00057790735341755261	1.7492711370262671e-05	0	0	0.008790411402655374	0.14765144152899445	0.12251635892452115	0.003708454810495687	0	0	0.019612568837056563	0.32942986718497347	0.27335017816650237	0.0082740524781342445	0	0	0.0026537091026884144	0.044574020084224737	0.036986070618723367	0.001119533527696811	0	0	0	0	0	0	0	0	0	0	0	0	0	0	0	0	0	0	0	0	1
501	6.1206389233419909	6.4787819889820727e-07	0.00032912212504049548	0.00086362163913183824	0.00013994169096210137	0	0	0.00013735017816641994	0.06977389050858504	0.18308778749594973	0.029667638483965496	0	0	0.00030644638807885197	0.15567476514415435	0.40849303530935949	0.066192419825073956	0	0	4.1464204729485265e-05	0.021063816002591711	0.055271784904437647	0.0089562682215744878	0	0	0	0	0	0	0	0	0	0	0	0	0	0	0	0	0	0	0	0	1
486	6.1206389233419909	0	8.0984774862330355e-05	0.00079559442824748191	0.00045157110463233096	5.1830255911902025e-06	0	0	0.017168772270814037	0.16866601878846618	0.095733074182054165	0.0010988014253323231	0	0	0.038305798509882256	0.37631616456105893	0.21359313249109252	0.0024515711046329655	0	0	0.0051830255911891427	0.050918043407838842	0.028900550696469181	0.00033171363783617296	0	0	0	0	0	0	0	0	0	0	0	0	0	0	0	0	0	0	0	1
515	6.1206389233419909	0	5.1830255911902025e-06	0.00045157110463233096	0.00079559442824748191	8.0984774862330355e-05	0	0	0.0010988014253323231	0.095733074182054165	0.16866601878846618	0.017168772270814037	0	0	0.0024515711046329655	0.21359313249109252	0.37631616456105893	0.038305798509882256	0	0	0.00033171363783617296	0.028900550696469181	0.050918043407838842	0.0051830255911891427	0	0	0	0	0	0	0	0	0	0	0	0	0	0	0	0	0	0	0	1
515	6.1206389233419909	0	0	0.00013994169096210137	0.00086362163913183824	0.00032912212504049548	6.4787819889820727e-07	0	0	0.029667638483965496	0.18308778749594973	0.06977389050858504	0.00013735017816641994	0	0	0.066192419825073956	0.40849303530935949	0.15567476514415435	0.00030644638807885197	0	0	0.0089562682215744878	0.055271784904437647	0.021063816002591711	4.1464204729485265e-05	0	0	0	0	0	0	0	0	0	0	0	0	0	0	0	0	0	0	1
476	6.1206389233419909	0	0	1.7492711370262671e-05	0.00057790735341755261	0.00069646906381601152	4.1464204729506475e-05	0	0	0.003708454810495687	0.12251635892452115	0.14765144152899445	0.008790411402655374	0	0	0.0082740524781342445	0.27335017816650237	0.32942986718497347	0.019612568837056563	0	0	0.001119533527696811	0.036986070618723367	0.044574020084224737	0.0026537091026884144	0	0	0	0	0	0	0	0	0	0	0	0	0	0	0	0	0	0	1
438	6.1206389233419909	0	0	0	0.000222222222222215	0.00088888888888890335	0.000222222222222215	0	0	0	0.047111111111109577	0.18844444444444752	0.047111111111109577	0	0	0	0.10511111111110769	0.42044444444445123	0.10511111111110769	0	0	0	0.01422222222222176	0.056888888888889814	0.01422222222222176	0	0	0	0	0	0	0	0	0	0	0	0	0	0	0	0	0	0	1
413	6.1206389233419909	0.000222222222222215	0.00088888888888890335	0.000222222222222215	0	0	0	0.047111111111109577	0.18844444444444752	0.047111111111109577	0	0	0	0.10511111111110769	0.42044444444445123	0.10511111111110769	0	0	0	0.01422222222222176	0.056888888888889814	0.01422222222222176	0	0	0	0	0	0	0	0	0	0	0	0	0	0	0	0	0	0	0	0	0	0
399	6.1206389233419909	4.1464204729506475e-05	0.00069646906381601152	0.00057790735341755261	1.7492711370262671e-05	0	0	0.008790411402655374	0.14765144152899445	0.12251635892452115	0.003708454810495687	0	0	0.019612568837056563	0.32942986718497347	0.27335017816650237	0.0082740524781342445	0	0	0.0026537091026884144	0.044574020084224737	0.036986070618723367	0.001119533527696811	0	0	0	0	0	0	0	0	0	0	0	0	0	0	0	0	0	0	0	0	0
363	6.1206389233419909	6.4787819889820727e-07	0.00032912212504049548	0.00086362163913183824	0.00013994169096210137	0	0	0.00013735017816641994	0.06977389050858504	0.18308778749594973	0.029667638483965496	0	0	0.00030644638807885197	0.15567476514415435	0.40849303530935949	0.066192419825073956	0	0	4.1464204729485265e-05	0.021063816002591711	0.055271784904437647	0.0089562682215744878	0	0	0	0	0	0	0	0	0	0	0	0	0	0	0	0	0	0	0	0	0
398	6.1206389233419909	0	8.0984774862330355e-05	0.00079559442824748191	0.00045157110463233096	5.1830255911902025e-06	0	0	0.017168772270814037	0.16866601878846618	0.095733074182054165	0.0010988014253323231	0	0	0.038305798509882256	0.37631616456105893	0.21359313249109252	0.0024515711046329655	0	0	0.0051830255911891427	0.050918043407838842	0.028900550696469181	0.00033171363783617296	0	0	0	0	0	0	0	0	0	0	0	0	0	0	0	0	0	0	0	0
375	6.1206389233419909	0	5.1830255911902025e-06	0.00045157110463233096	0.00079559442824748191	8.0984774862330355e-05	0	0	0.0010988014253323231	0.095733074182054165	0.16866601878846618	0.017168772270814037	0	0	0.0024515711046329655	0.21359313249109252	0.37631616456105893	0.038305798509882256	0	0	0.00033171363783617296	0.028900550696469181	0.050918043407838842	0.0051830255911891427	0	0	0	0	0	0	0	0	0	0	0	0	0	0	0	0	0	0	0	0
367	6.1206389233419909	0	0	0.00013994169096210137	0.00086362163913183824	0.00032912212504049548	6.4787819889820727e-07	0	0	0.029667638483965496	0.18308778749594973	0.06977389050858504	0.00013735017816641994	0	0	0.066192419825073956	0.40849303530935949	0.15567476514415435	0.00030644638807885197	0	0	0.0089562682215744878	0.055271784904437647	0.021063816002591711	4.1464204729485265e-05	0	0	0	0	0	0	0	0	0	0	0	0	0	0	0	0	0	0	0
346	6.1206389233419909	0	0	1.7492711370262671e-05	0.00057790735341755261	0.00069646906381601152	4.1464204729506475e-05	0	0	0.003708454810495687	0.12251635892452115	0.14765144152899445	0.008790411402655374	0	0	0.0082740524781342445	0.27335017816650237	0.32942986718497347	0.019612568837056563	0	0	0.001119533527696811	0.036986070618723367	0.044574020084224737	0.0026537091026884144	0	0	0	0	0	0	0	0	0	0	0	0	0	0	0	0	0	0	0
332	6.1206389233419909	0	0	0	0.000222222222222215	0.00088888888888890335	0.000222222222222215	0	0	0	0.047111111111109577	0.18844444444444752	0.047111111111109577	0	0	0	0.10511111111110769	0.42044444444445123	0.10511111111110769	0	0	0	0.01422222222222176	0.056888888888889814	0.01422222222222176	0	0	0	0	0	0	0	0	0	0	0	0	0	0	0	0	0	0	0
530	6.200638923341991	2.7777777777776874e-05	0.00011111111111111292	2.7777777777776874e-05	0	0	0	0.036861111111109908	0.14744444444444682	0.036861111111109908	0	0	0	0.10952777777777421	0.43811111111111822	0.10952777777777421	0	0	0	0.020249999999999341	0.081000000000001321	0.020249999999999341	0	0	0	0	0	0	0	0	0	0	0	0	0	0	0	0	0	0	0	0	0	1
567	6.200638923341991	5.1830255911883093e-06	8.705863297700144e-05	7.2238419177194076e-05	2.1865889212828339e-06	0	0	0.0068778749595068862	0.11552680596048091	0.095860382248136533	0.0029016034985423207	0	0	0.020436669906055506	0.3432721898283167	0.28483608681567624	0.0086217201166182145	0	0	0.0037784256559762778	0.063465743440234049	0.052661807580174476	0.001594023323615186	0	0	0	0	0	0	0	0	0	0	0	0	0	0	0	0	0	0	0	0	1
569	6.200638923341991	8.0984774862275908e-08	4.1140265630061935e-05	0.00010795270489147978	1.7492711370262671e-05	0	0	0.00010746679624224011	0.054593132491092183	0.14325323939099366	0.023212827988338566	0	0	0.00031932296728195389	0.16221606737933419	0.42565751538710483	0.068973760932945716	0	0	5.9037900874599132e-05	0.029991253644315149	0.07869752186588877	0.012752186588921488	0	0	0	0	0	0	0	0	0	0	0	0	0	0	0	0	0	0	0	0	1
546	6.200638923341991	0	1.0123096857791294e-05	9.9449303530935239e-05	5.644638807904137e-05	6.4787819889877531e-07	0	0	0.013433349530289046	0.13196922578555106	0.07490435698088789	0.00085973436993867487	0	0	0.039915370910271072	0.39212860382247766	0.22256810819566014	0.0025545837382578715	0	0	0.0073797376093298539	0.072498542274051794	0.041149416909621157	0.00047230320699720722	0	0	0	0	0	0	0	0	0	0	0	0	0	0	0	0	0	0	0	1
536	6.200638923341991	0	6.4787819889877531e-07	5.644638807904137e-05	9.9449303530935239e-05	1.0123096857791294e-05	0	0	0.00085973436993867487	0.07490435698088789	0.13196922578555106	0.013433349530289046	0	0	0.0025545837382578715	0.22256810819566014	0.39212860382247766	0.039915370910271072	0	0	0.00047230320699720722	0.041149416909621157	0.072498542274051794	0.0073797376093298539	0	0	0	0	0	0	0	0	0	0	0	0	0	0	0	0	0	0	0	1
528	6.200638923341991	0	0	1.7492711370262671e-05	0.00010795270489147978	4.1140265630061935e-05	8.0984774862275908e-08	0	0	0.023212827988338566	0.14325323939099366	0.054593132491092183	0.00010746679624224011	0	0	0.068973760932945716	0.42565751538710483	0.16221606737933419	0.00031932296728195389	0	0	0.012752186588921488	0.07869752186588877	0.029991253644315149	5.9037900874599132e-05	0	0	0	0	0	0	0	0	0	0	0	0	0	0	0	0	0	0	1
538	6.200638923341991	0	0	2.1865889212828339e-06	7.2238419177194076e-05	8.705863297700144e-05	5.1830255911883093e-06	0	0	0.0029016034985423207	0.095860382248136533	0.11552680596048091	0.0068778749595068862	0	0	0.0086217201166182145	0.28483608681567624	0.3432721898283167	0.020436669906055506	0	0	0.001594023323615186	0.052661807580174476	0.063465743440234049	0.0037784256559762778	0	0	0	0	0	0	0	0	0	0	0	0	0	0	0	0	0	0	1
481	6.200638923341991	0	0	0	2.7777777777776874e-05	0.00011111111111111292	2.7777777777776874e-05	0	0	0	0.036861111111109908	0.14744444444444682	0.036861111111109908	0	0	0	0.10952777777777421	0.43811111111111822	0.10952777777777421	0	0	0	0.020249999999999341	0.081000000000001321	0.020249999999999341	0	0	0	0	0	0	0	0	0	0	0	0	0	0	0	0	0	0	1
416	6.200638923341991	2.7777777777776874e-05	0.00011111111111111292	2.7777777777776874e-05	0	0	0	0.036861111111109908	0.14744444444444682	0.036861111111109908	0	0	0	0.10952777777777421	0.43811111111111822	0.10952777777777421	0	0	0	0.020249999999999341	0.081000000000001321	0.020249999999999341	0	0	0	0	0	0	0	0	0	0	0	0	0	0	0	0	0	0	0	0	0	0
423	6.200638923341991	5.1830255911883093e-06	8.705863297700144e-05	7.2238419177194076e-05	2.1865889212828339e-06	0	0	0.0068778749595068862	0.11552680596048091	0.095860382248136533	0.0029016034985423207	0	0	0.020436669906055506	0.3432721898283167	0.28483608681567624	0.0086217201166182145	0	0	0.0037784256559762778	0.063465743440234049	0.052661807580174476	0.001594023323615186	0	0	0	0	0	0	0	0	0	0	0	0	0	0	0	0	0	0	0	0	0
387	6.200638923341991	8.0984774862275908e-08	4.1140265630061935e-05	0.00010795270489147978	1.7492711370262671e-05	0	0	0.00010746679624224011	0.054593132491092183	0.14325323939099366	0.023212827988338566	0	0	0.00031932296728195389	0.16221606737933419	0.42565751538710483	0.068973760932945716	0	0	5.9037900874599132e-05	0.029991253644315149	0.07869752186588877	0.012752186588921488	0	0	0	0	0	0	0	0	0	0	0	0	0	0	0	0	0	0	0	0	0
405	6.200638923341991	0	1.0123096857791294e-05	9.9449303530935239e-05	5.644638807904137e-05	6.4787819889877531e-07	0	0	0.013433349530289046	0.13196922578555106	0.07490435698088789	0.00085973436993867487	0	0	0.039915370910271072	0.39212860382247766	0.22256810819566014	0.0025545837382578715	0	0	0.0073797376093298539	0.072498542274051794	0.041149416909621157	0.00047230320699720722	0	0	0	0	0	0	0	0	0	0	0	0	0	0	0	0	0	0	0	0
348	6.200638923341991	0	6.4787819889877531e-07	5.644638807904137e-05	9.9449303530935239e-05	1.0123096857791294e-05	0	0	0.00085973436993867487	0.07490435698088789	0.13196922578555106	0.013433349530289046	0	0	0.0025545837382578715	0.22256810819566014	0.39212860382247766	0.039915370910271072	0	0	0.00047230320699720722	0.041149416909621157	0.072498542274051794	0.0073797376093298539	0	0	0	0	0	0	0	0	0	0	0	0	0	0	0	0	0	0	0	0
403	6.200638923341991	0	0	1.7492711370262671e-05	0.00010795270489147978	4.1140265630061935e-05	8.0984774862275908e-08	0	0	0.023212827988338566	0.14325323939099366	0.054593132491092183	0.00010746679624224011	0	0	0.068973760932945716	0.42565751538710483	0.16221606737933419	0.00031932296728195389	0	0	0.012752186588921488	0.07869752186588877	0.029991253644315149	5.9037900874599132e-05	0	0	0	0	0	0	0	0	0	0	0	0	0	0	0	0	0	0	0
370	6.200638923341991	0	0	2.1865889212828339e-06	7.2238419177194076e-05	8.705863297700144e-05	5.1830255911883093e-06	0	0	0.0029016034985423207	0.095860382248136533	0.11552680596048091	0.0068778749595068862	0	0	0.0086217201166182145	0.28483608681567624	0.3432721898283167	0.020436669906055506	0	0	0.001594023323615186	0.052661807580174476	0.063465743440234049	0.0037784256559762778	0	0	0	0	0	0	0	0	0	0	0	0	0	0	0	0	0	0	0
367	6.200638923341991	0	0	0	2.7777777777776874e-05	0.00011111111111111292	2.7777777777776874e-05	0	0	0	0.036861111111109908	0.14744444444444682	0.036861111111109908	0	0	0	0.10952777777777421	0.43811111111111822	0.10952777777777421	0	0	0	0.020249999999999341	0.081000000000001321	0.020249999999999341	0	0	0	0	0	0	0	0	0	0	0	0	0	0	0	0	0	0	0
627	6.2806389233419919	0	0	0	0	0	0	0.027777777777776874	0.11111111111111291	0.027777777777776874	0	0	0	0.1111111111111075	0.44444444444445164	0.1111111111111075	0	0	0	0.027777777777776874	0.11111111111111291	0.027777777777776874	0	0	0	0	0	0	0	0	0	0	0	0	0	0	0	0	0	0	0	0	0	1
605	6.2806389233419919	0	0	0	0	0	0	0.0051830255911883092	0.087058632977001449	0.072238419177194063	0.002186588921282834	0	0	0.020732102364753237	0.3482345319080058	0.28895367670877625	0.0087463556851313361	0	0	0.0051830255911883092	0.087058632977001449	0.072238419177194063	0.002186588921282834	0	0	0	0	0	0	0	0	0	0	0	0	0	0	0	0	0	0	0	0	1
575	6.2806389233419919	0	0	0	0	0	0	8.0984774862275901e-05	0.041140265630061928	0.10795270489147979	0.017492711370262672	0	0	0.0003239390994491036	0.16456106252024771	0.43181081956591916	0.069970845481050689	0	0	8.0984774862275901e-05	0.041140265630061928	0.10795270489147979	0.017492711370262672	0	0	0	0	0	0	0	0	0	0	0	0	0	0	0	0	0	0	0	0	1
576	6.2806389233419919	0	0	0	0	0	0	0	0.010123096857791294	0.099449303530935243	0.056446388079041371	0.00064787819889877533	0	0	0.040492387431165178	0.39779721412374097	0.22578555231616548	0.0025915127955951013	0	0	0.010123096857791294	0.099449303530935243	0.056446388079041371	0.00064787819889877533	0	0	0	0	0	0	0	0	0	0	0	0	0	0	0	0	0	0	0	1
563	6.2806389233419919	0	0	0	0	0	0	0	0.00064787819889877533	0.056446388079041371	0.099449303530935243	0.010123096857791294	0	0	0.0025915127955951013	0.22578555231616548	0.39779721412374097	0.040492387431165178	0	0	0.00064787819889877533	0.056446388079041371	0.099449303530935243	0.010123096857791294	0	0	0	0	0	0	0	0	0	0	0	0	0	0	0	0	0	0	0	1
544	6.2806389233419919	0	0	0	0	0	0	0	0	0.017492711370262672	0.10795270489147979	0.041140265630061928	8.0984774862275901e-05	0	0	0.069970845481050689	0.43181081956591916	0.16456106252024771	0.0003239390994491036	0	0	0.017492711370262672	0.10795270489147979	0.041140265630061928	8.0984774862275901e-05	0	0	0	0	0	0	0	0	0	0	0	0	0	0	0	0	0	0	1
544	6.2806389233419919	0	0	0	0	0	0	0	0	0.002186588921282834	0.072238419177194063	0.087058632977001449	0.0051830255911883092	0	0	0.0087463556851313361	0.28895367670877625	0.3482345319080058	0.020732102364753237	0	0	0.002186588921282834	0.072238419177194063	0.087058632977001449	0.0051830255911883092	0	0	0	0	0	0	0	0	0	0	0	0	0	0	0	0	0	0	1
620	6.2806389233419919	0	0	0	0	0	0	0	0	0	0.027777777777776874	0.11111111111111291	0.027777777777776874	0	0	0	0.1111111111111075	0.44444444444445164	0.1111111111111075	0	0	0	0.027777777777776874	0.11111111111111291	0.027777777777776874	0	0	0	0	0	0	0	0	0	0	0	0	0	0	0	0	0	0	1
477	6.2806389233419919	0	0	0	0	0	0	0.027777777777776874	0.11111111111111291	0.027777777777776874	0	0	0	0.1111111111111075	0.44444444444445164	0.1111111111111075	0	0	0	0.027777777777776874	0.11111111111111291	0.027777777777776874	0	0	0	0	0	0	0	0	0	0	0	0	0	0	0	0	0	0	0	0	0	0
448	6.2806389233419919	0	0	0	0	0	0	0.0051830255911883092	0.087058632977001449	0.072238419177194063	0.002186588921282834	0	0	0.020732102364753237	0.3482345319080058	0.28895367670877625	0.0087463556851313361	0	0	0.0051830255911883092	0.087058632977001449	0.072238419177194063	0.002186588921282834	0	0	0	0	0	0	0	0	0	0	0	0	0	0	0	0	0	0	0	0	0
404	6.2806389233419919	0	0	0	0	0	0	8.0984774862275901e-05	0.041140265630061928	0.10795270489147979	0.017492711370262672	0	0	0.0003239390994491036	0.16456106252024771	0.43181081956591916	0.069970845481050689	0	0	8.0984774862275901e-05	0.041140265630061928	0.10795270489147979	0.017492711370262672	0	0	0	0	0	0	0	0	0	0	0	0	0	0	0	0	0	0	0	0	0
427	6.2806389233419919	0	0	0	0	0	0	0	0.010123096857791294	0.099449303530935243	0.056446388079041371	0.00064787819889877533	0	0	0.040492387431165178	0.39779721412374097	0.22578555231616548	0.0025915127955951013	0	0	0.010123096857791294	0.099449303530935243	0.056446388079041371	0.00064787819889877533	0	0	0	0	0	0	0	0	0	0	0	0	0	0	0	0	0	0	0	0
454	6.2806389233419919	0	0	0	0	0	0	0	0.00064787819889877533	0.056446388079041371	0.099449303530935243	0.010123096857791294	0	0	0.0025915127955951013	0.22578555231616548	0.39779721412374097	0.040492387431165178	0	0	0.00064787819889877533	0.056446388079041371	0.099449303530935243	0.010123096857791294	0	0	0	0	0	0	0	0	0	0	0	0	0	0	0	0	0	0	0	0
419	6.2806389233419919	0	0	0	0	0	0	0	0	0.017492711370262672	0.10795270489147979	0.041140265630061928	8.0984774862275901e-05	0	0	0.069970845481050689	0.43181081956591916	0.16456106252024771	0.0003239390994491036	0	0	0.017492711370262672	0.10795270489147979	0.041140265630061928	8.0984774862275901e-05	0	0	0	0	0	0	0	0	0	0	0	0	0	0	0	0	0	0	0
417	6.2806389233419919	0	0	0	0	0	0	0	0	0.002186588921282834	0.072238419177194063	0.087058632977001449	0.0051830255911883092	0	0	0.0087463556851313361	0.28895367670877625	0.3482345319080058	0.020732102364753237	0	0	0.002186588921282834	0.072238419177194063	0.087058632977001449	0.0051830255911883092	0	0	0	0	0	0	0	0	0	0	0	0	0	0	0	0	0	0	0
358	6.2806389233419919	0	0	0	0	0	0	0	0	0	0.027777777777776874	0.11111111111111291	0.027777777777776874	0	0	0	0.1111111111111075	0.44444444444445164	0.1111111111111075	0	0	0	0.027777777777776874	0.11111111111111291	0.027777777777776874	0	0	0	0	0	0	0	0	0	0	0	0	0	0	0	0	0	0	0
684	6.3606389233419911	0	0	0	0	0	0	0.020249999999999341	0.081000000000001321	0.020249999999999341	0	0	0	0.10952777777777421	0.43811111111111822	0.10952777777777421	0	0	0	0.036861111111109908	0.14744444444444682	0.036861111111109908	0	0	0	2.7777777777776874e-05	0.00011111111111111292	2.7777777777776874e-05	0	0	0	0	0	0	0	0	0	0	0	0	0	0	0	1
632	6.3606389233419911	0	0	0	0	0	0	0.0037784256559762778	0.063465743440234049	0.052661807580174476	0.001594023323615186	0	0	0.020436669906055506	0.3432721898283167	0.28483608681567624	0.0086217201166182145	0	0	0.0068778749595068862	0.11552680596048091	0.095860382248136533	0.0029016034985423207	0	0	5.1830255911883093e-06	8.705863297700144e-05	7.2238419177194076e-05	2.1865889212828339e-06	0	0	0	0	0	0	0	0	0	0	0	0	0	0	1
651	6.3606389233419911	0	0	0	0	0	0	5.9037900874599132e-05	0.029991253644315149	0.07869752186588877	0.012752186588921488	0	0	0.00031932296728195389	0.16221606737933419	0.42565751538710483	0.068973760932945716	0	0	0.00010746679624224011	0.054593132491092183	0.14325323939099366	0.023212827988338566	0	0	8.0984774862275908e-08	4.1140265630061935e-05	0.00010795270489147978	1.7492711370262671e-05	0	0	0	0	0	0	0	0	0	0	0	0	0	0	1
660	6.3606389233419911	0	0	0	0	0	0	0	0.0073797376093298539	0.072498542274051794	0.041149416909621157	0.00047230320699720722	0	0	0.039915370910271072	0.39212860382247766	0.22256810819566014	0.0025545837382578715	0	0	0.013433349530289046	0.13196922578555106	0.07490435698088789	0.00085973436993867487	0	0	1.0123096857791294e-05	9.9449303530935239e-05	5.644638807904137e-05	6.4787819889877531e-07	0	0	0	0	0	0	0	0	0	0	0	0	0	1
632	6.3606389233419911	0	0	0	0	0	0	0	0.00047230320699720722	0.041149416909621157	0.072498542274051794	0.0073797376093298539	0	0	0.0025545837382578715	0.22256810819566014	0.39212860382247766	0.039915370910271072	0	0	0.00085973436993867487	0.07490435698088789	0.13196922578555106	0.013433349530289046	0	0	6.4787819889877531e-07	5.644638807904137e-05	9.9449303530935239e-05	1.0123096857791294e-05	0	0	0	0	0	0	0	0	0	0	0	0	0	1
641	6.3606389233419911	0	0	0	0	0	0	0	0	0.012752186588921488	0.07869752186588877	0.029991253644315149	5.9037900874599132e-05	0	0	0.068973760932945716	0.42565751538710483	0.16221606737933419	0.00031932296728195389	0	0	0.023212827988338566	0.14325323939099366	0.054593132491092183	0.00010746679624224011	0	0	1.7492711370262671e-05	0.00010795270489147978	4.1140265630061935e-05	8.0984774862275908e-08	0	0	0	0	0	0	0	0	0	0	0	0	1
641	6.3606389233419911	0	0	0	0	0	0	0	0	0.001594023323615186	0.052661807580174476	0.063465743440234049	0.0037784256559762778	0	0	0.0086217201166182145	0.28483608681567624	0.3432721898283167	0.020436669906055506	0	0	0.0029016034985423207	0.095860382248136533	0.11552680596048091	0.0068778749595068862	0	0	2.1865889212828339e-06	7.2238419177194076e-05	8.705863297700144e-05	5.1830255911883093e-06	0	0	0	0	0	0	0	0	0	0	0	0	1
636	6.3606389233419911	0	0	0	0	0	0	0	0	0	0.020249999999999341	0.081000000000001321	0.020249999999999341	0	0	0	0.10952777777777421	0.43811111111111822	0.10952777777777421	0	0	0	0.036861111111109908	0.14744444444444682	0.036861111111109908	0	0	0	2.7777777777776874e-05	0.00011111111111111292	2.7777777777776874e-05	0	0	0	0	0	0	0	0	0	0	0	0	1
488	6.3606389233419911	0	0	0	0	0	0	0.020249999999999341	0.081000000000001321	0.020249999999999341	0	0	0	0.10952777777777421	0.43811111111111822	0.10952777777777421	0	0	0	0.036861111111109908	0.14744444444444682	0.036861111111109908	0	0	0	2.7777777777776874e-05	0.00011111111111111292	2.7777777777776874e-05	0	0	0	0	0	0	0	0	0	0	0	0	0	0	0	0
490	6.3606389233419911	0	0	0	0	0	0	0.0037784256559762778	0.063465743440234049	0.052661807580174476	0.001594023323615186	0	0	0.020436669906055506	0.3432721898283167	0.28483608681567624	0.0086217201166182145	0	0	0.0068778749595068862	0.11552680596048091	0.095860382248136533	0.0029016034985423207	0	0	5.1830255911883093e-06	8.705863297700144e-05	7.2238419177194076e-05	2.1865889212828339e-06	0	0	0	0	0	0	0	0	0	0	0	0	0	0	0
499	6.3606389233419911	0	0	0	0	0	0	5.9037900874599132e-05	0.029991253644315149	0.07869752186588877	0.012752186588921488	0	0	0.00031932296728195389	0.16221606737933419	0.42565751538710483	0.068973760932945716	0	0	0.00010746679624224011	0.054593132491092183	0.14325323939099366	0.023212827988338566	0	0	8.0984774862275908e-08	4.1140265630061935e-05	0.00010795270489147978	1.7492711370262671e-05	0	0	0	0	0	0	0	0	0	0	0	0	0	0	0
452	6.3606389233419911	0	0	0	0	0	0	0	0.0073797376093298539	0.072498542274051794	0.041149416909621157	0.00047230320699720722	0	0	0.039915370910271072	0.39212860382247766	0.22256810819566014	0.0025545837382578715	0	0	0.013433349530289046	0.13196922578555106	0.07490435698088789	0.00085973436993867487	0	0	1.0123096857791294e-05	9.9449303530935239e-05	5.644638807904137e-05	6.4787819889877531e-07	0	0	0	0	0	0	0	0	0	0	0	0	0	0
469	6.3606389233419911	0	0	0	0	0	0	0	0.00047230320699720722	0.041149416909621157	0.072498542274051794	0.0073797376093298539	0	0	0.0025545837382578715	0.22256810819566014	0.39212860382247766	0.039915370910271072	0	0	0.00085973436993867487	0.07490435698088789	0.13196922578555106	0.013433349530289046	0	0	6.4787819889877531e-07	5.644638807904137e-05	9.9449303530935239e-05	1.0123096857791294e-05	0	0	0	0	0	0	0	0	0	0	0	0	0	0
514	6.3606389233419911	0	0	0	0	0	0	0	0	0.012752186588921488	0.07869752186588877	0.029991253644315149	5.9037900874599132e-05	0	0	0.068973760932945716	0.42565751538710483	0.16221606737933419	0.00031932296728195389	0	0	0.023212827988338566	0.14325323939099366	0.054593132491092183	0.00010746679624224011	0	0	1.7492711370262671e-05	0.00010795270489147978	4.1140265630061935e-05	8.0984774862275908e-08	0	0	0	0	0	0	0	0	0	0	0	0	0
439	6.3606389233419911	0	0	0	0	0	0	0	0	0.001594023323615186	0.052661807580174476	0.063465743440234049	0.0037784256559762778	0	0	0.0086217201166182145	0.28483608681567624	0.3432721898283167	0.020436669906055506	0	0	0.0029016034985423207	0.095860382248136533	0.11552680596048091	0.0068778749595068862	0	0	2.1865889212828339e-06	7.2238419177194076e-05	8.705863297700144e-05	5.1830255911883093e-06	0	0	0	0	0	0	0	0	0	0	0	0	0
450	6.3606389233419911	0	0	0	0	0	0	0	0	0	0.020249999999999341	0.081000000000001321	0.020249999999999341	0	0	0	0.10952777777777421	0.43811111111111822	0.10952777777777421	0	0	0	0.036861111111109908	0.14744444444444682	0.036861111111109908	0	0	0	2.7777777777776874e-05	0.00011111111111111292	2.7777777777776874e-05	0	0	0	0	0	0	0	0	0	0	0	0	0
687	6.4406389233419912	0	0	0	0	0	0	0.01422222222222176	0.056888888888889814	0.01422222222222176	0	0	0	0.10511111111110769	0.42044444444445123	0.10511111111110769	0	0	0	0.047111111111109577	0.18844444444444752	0.047111111111109577	0	0	0	0.000222222222222215	0.00088888888888890335	0.000222222222222215	0	0	0	0	0	0	0	0	0	0	0	0	0	0	0	1
732	6.4406389233419912	0	0	0	0	0	0	0.0026537091026884144	0.044574020084224737	0.036986070618723367	0.001119533527696811	0	0	0.019612568837056563	0.32942986718497347	0.27335017816650237	0.0082740524781342445	0	0	0.008790411402655374	0.14765144152899445	0.12251635892452115	0.003708454810495687	0	0	4.1464204729506475e-05	0.00069646906381601152	0.00057790735341755261	1.7492711370262671e-05	0	0	0	0	0	0	0	0	0	0	0	0	0	0	1
721	6.4406389233419912	0	0	0	0	0	0	4.1464204729485265e-05	0.021063816002591711	0.055271784904437647	0.0089562682215744878	0	0	0.00030644638807885197	0.15567476514415435	0.40849303530935949	0.066192419825073956	0	0	0.00013735017816641994	0.06977389050858504	0.18308778749594973	0.029667638483965496	0	0	6.4787819889820727e-07	0.00032912212504049548	0.00086362163913183824	0.00013994169096210137	0	0	0	0	0	0	0	0	0	0	0	0	0	0	1
638	6.4406389233419912	0	0	0	0	0	0	0	0.0051830255911891427	0.050918043407838842	0.028900550696469181	0.00033171363783617296	0	0	0.038305798509882256	0.37631616456105893	0.21359313249109252	0.0024515711046329655	0	0	0.017168772270814037	0.16866601878846618	0.095733074182054165	0.0010988014253323231	0	0	8.0984774862330355e-05	0.00079559442824748191	0.00045157110463233096	5.1830255911902025e-06	0	0	0	0	0	0	0	0	0	0	0	0	0	1
703	6.4406389233419912	0	0	0	0	0	0	0	0.00033171363783617296	0.028900550696469181	0.050918043407838842	0.0051830255911891427	0	0	0.0024515711046329655	0.21359313249109252	0.37631616456105893	0.038305798509882256	0	0	0.0010988014253323231	0.095733074182054165	0.16866601878846618	0.017168772270814037	0	0	5.1830255911902025e-06	0.00045157110463233096	0.00079559442824748191	8.0984774862330355e-05	0	0	0	0	0	0	0	0	0	0	0	0	0	1
674	6.4406389233419912	0	0	0	0	0	0	0	0	0.0089562682215744878	0.055271784904437647	0.021063816002591711	4.1464204729485265e-05	0	0	0.066192419825073956	0.40849303530935949	0.15567476514415435	0.00030644638807885197	0	0	0.029667638483965496	0.18308778749594973	0.06977389050858504	0.00013735017816641994	0	0	0.00013994169096210137	0.00086362163913183824	0.00032912212504049548	6.4787819889820727e-07	0	0	0	0	0	0	0	0	0	0	0	0	1
651	6.4406389233419912	0	0	0	0	0	0	0	0	0.001119533527696811	0.036986070618723367	0.044574020084224737	0.0026537091026884144	0	0	0.0082740524781342445	0.27335017816650237	0.32942986718497347	0.019612568837056563	0	0	0.003708454810495687	0.12251635892452115	0.14765144152899445	0.008790411402655374	0	0	1.7492711370262671e-05	0.00057790735341755261	0.00069646906381601152	4.1464204729506475e-05	0	0	0	0	0	0	0	0	0	0	0	0	1
648	6.4406389233419912	0	0	0	0	0	0	0	0	0	0.01422222222222176	0.056888888888889814	0.01422222222222176	0	0	0	0.10511111111110769	0.42044444444445123	0.10511111111110769	0	0	0	0.047111111111109577	0.18844444444444752	0.047111111111109577	0	0	0	0.000222222222222215	0.00088888888888890335	0.000222222222222215	0	0	0	0	0	0	0	0	0	0	0	0	1
561	6.4406389233419912	0	0	0	0	0	0	0.01422222222222176	0.056888888888889814	0.01422222222222176	0	0	0	0.10511111111110769	0.42044444444445123	0.10511111111110769	0	0	0	0.047111111111109577	0.18844444444444752	0.047111111111109577	0	0	0	0.000222222222222215	0.00088888888888890335	0.000222222222222215	0	0	0	0	0	0	0	0	0	0	0	0	0	0	0	0
533	6.4406389233419912	0	0	0	0	0	0	0.0026537091026884144	0.044574020084224737	0.036986070618723367	0.001119533527696811	0	0	0.019612568837056563	0.32942986718497347	0.27335017816650237	0.0082740524781342445	0	0	0.008790411402655374	0.14765144152899445	0.12251635892452115	0.003708454810495687	0	0	4.1464204729506475e-05	0.00069646906381601152	0.00057790735341755261	1.7492711370262671e-05	0	0	0	0	0	0	0	0	0	0	0	0	0	0	0
497	6.4406389233419912	0	0	0	0	0	0	4.1464204729485265e-05	0.021063816002591711	0.055271784904437647	0.0089562682215744878	0	0	0.00030644638807885197	0.15567476514415435	0.40849303530935949	0.066192419825073956	0	0	0.00013735017816641994	0.06977389050858504	0.18308778749594973	0.029667638483965496	0	0	6.4787819889820727e-07	0.00032912212504049548	0.00086362163913183824	0.00013994169096210137	0	0	0	0	0	0	0	0	0	0	0	0	0	0	0
510	6.4406389233419912	0	0	0	0	0	0	0	0.0051830255911891427	0.050918043407838842	0.028900550696469181	0.00033171363783617296	0	0	0.038305798509882256	0.37631616456105893	0.21359313249109252	0.0024515711046329655	0	0	0.017168772270814037	0.16866601878846618	0.095733074182054165	0.0010988014253323231	0	0	8.0984774862330355e-05	0.00079559442824748191	0.00045157110463233096	5.1830255911902025e-06	0	0	0	0	0	0	0	0	0	0	0	0	0	0
502	6.4406389233419912	0	0	0	0	0	0	0	0.00033171363783617296	0.028900550696469181	0.050918043407838842	0.0051830255911891427	0	0	0.0024515711046329655	0.21359313249109252	0.37631616456105893	0.038305798509882256	0	0	0.0010988014253323231	0.095733074182054165	0.16866601878846618	0.017168772270814037	0	0	5.1830255911902025e-06	0.00045157110463233096	0.00079559442824748191	8.0984774862330355e-05	0	0	0	0	0	0	0	0	0	0	0	0	0	0
502	6.4406389233419912	0	0	0	0	0	0	0	0	0.0089562682215744878	0.055271784904437647	0.021063816002591711	4.1464204729485265e-05	0	0	0.066192419825073956	0.40849303530935949	0.15567476514415435	0.00030644638807885197	0	0	0.029667638483965496	0.18308778749594973	0.06977389050858504	0.00013735017816641994	0	0	0.00013994169096210137	0.00086362163913183824	0.00032912212504049548	6.4787819889820727e-07	0	0	0	0	0	0	0	0	0	0	0	0	0
493	6.4406389233419912	0	0	0	0	0	0	0	0	0.001119533527696811	0.036986070618723367	0.044574020084224737	0.0026537091026884144	0	0	0.0082740524781342445	0.27335017816650237	0.32942986718497347	0.019612568837056563	0	0	0.003708454810495687	0.12251635892452115	0.14765144152899445	0.008790411402655374	0	0	1.7492711370262671e-05	0.00057790735341755261	0.00069646906381601152	4.1464204729506475e-05	0	0	0	0	0	0	0	0	0	0	0	0	0
466	6.4406389233419912	0	0	0	0	0	0	0	0	0	0.01422222222222176	0.056888888888889814	0.01422222222222176	0	0	0	0.10511111111110769	0.42044444444445123	0.10511111111110769	0	0	0	0.047111111111109577	0.18844444444444752	0.047111111111109577	0	0	0	0.000222222222222215	0.00088888888888890335	0.000222222222222215	0	0	0	0	0	0	0	0	0	0	0	0	0
779	6.5206389233419912	0	0	0	0	0	0	0.0095277777777774686	0.038111111111111734	0.0095277777777774686	0	0	0	0.098361111111107916	0.39344444444445087	0.098361111111107916	0	0	0	0.058027777777775909	0.23211111111111496	0.058027777777775909	0	0	0	0.00074999999999997584	0.0030000000000000499	0.00074999999999997584	0	0	0	0	0	0	0	0	0	0	0	0	0	0	0	1
778	6.5206389233419912	0	0	0	0	0	0	0.0017777777777775903	0.029861111111111498	0.024777777777777569	0.00075000000000001216	0	0	0.018353093618397806	0.30827461937156214	0.25579624230644421	0.007742711370262517	0	0	0.010827340459992382	0.1818654842889561	0.15090605766115847	0.004567784256559842	0	0	0.0001399416909620844	0.00235058309037904	0.0019504373177842405	5.9037900874636544e-05	0	0	0	0	0	0	0	0	0	0	0	0	0	0	1
742	6.5206389233419912	0	0	0	0	0	0	2.7777777777760639e-05	0.014111111111111244	0.037027777777777569	0.0060000000000000973	0	0	0.00028676708778731903	0.14567768059604932	0.38226052802072996	0.061941690962100136	0	0	0.00016917719468729443	0.085942014901199404	0.22551320051830137	0.036542274052478736	0	0	2.1865889212814503e-06	0.0011107871720116725	0.0029147230320699553	0.00047230320699709235	0	0	0	0	0	0	0	0	0	0	0	0	0	0	1
746	6.5206389233419912	0	0	0	0	0	0	0	0.0034722222222224142	0.034111111111110794	0.01936111111111119	0.00022222222222227997	0	0	0.035845885973438976	0.35214998380304174	0.19987666018788552	0.0022941367023005636	0	0	0.02114714933592602	0.20774959507612381	0.11791650469711747	0.0013534175574995422	0	0	0.00027332361516036504	0.0026851311953352526	0.0015240524781341175	1.7492711370266941e-05	0	0	0	0	0	0	0	0	0	0	0	0	0	1
726	6.5206389233419912	0	0	0	0	0	0	0	0.00022222222222227997	0.01936111111111119	0.034111111111110794	0.0034722222222224142	0	0	0.0022941367023005636	0.19987666018788552	0.35214998380304174	0.035845885973438976	0	0	0.0013534175574995422	0.11791650469711747	0.20774959507612381	0.02114714933592602	0	0	1.7492711370266941e-05	0.0015240524781341175	0.0026851311953352526	0.00027332361516036504	0	0	0	0	0	0	0	0	0	0	0	0	0	1
723	6.5206389233419912	0	0	0	0	0	0	0	0	0.0060000000000000973	0.037027777777777569	0.014111111111111244	2.7777777777760639e-05	0	0	0.061941690962100136	0.38226052802072996	0.14567768059604932	0.00028676708778731903	0	0	0.036542274052478736	0.22551320051830137	0.085942014901199404	0.00016917719468729443	0	0	0.00047230320699709235	0.0029147230320699553	0.0011107871720116725	2.1865889212814503e-06	0	0	0	0	0	0	0	0	0	0	0	0	1
755	6.5206389233419912	0	0	0	0	0	0	0	0	0.00075000000000001216	0.024777777777777569	0.029861111111111498	0.0017777777777775903	0	0	0.007742711370262517	0.25579624230644421	0.30827461937156214	0.018353093618397806	0	0	0.004567784256559842	0.15090605766115847	0.1818654842889561	0.010827340459992382	0	0	5.9037900874636544e-05	0.0019504373177842405	0.00235058309037904	0.0001399416909620844	0	0	0	0	0	0	0	0	0	0	0	0	1
732	6.5206389233419912	0	0	0	0	0	0	0	0	0	0.0095277777777774686	0.038111111111111734	0.0095277777777774686	0	0	0	0.098361111111107916	0.39344444444445087	0.098361111111107916	0	0	0	0.058027777777775909	0.23211111111111496	0.058027777777775909	0	0	0	0.00074999999999997584	0.0030000000000000499	0.00074999999999997584	0	0	0	0	0	0	0	0	0	0	0	0	1
557	6.5206389233419912	0	0	0	0	0	0	0.0095277777777774686	0.038111111111111734	0.0095277777777774686	0	0	0	0.098361111111107916	0.39344444444445087	0.098361111111107916	0	0	0	0.058027777777775909	0.23211111111111496	0.058027777777775909	0	0	0	0.00074999999999997584	0.0030000000000000499	0.00074999999999997584	0	0	0	0	0	0	0	0	0	0	0	0	0	0	0	0
559	6.5206389233419912	0	0	0	0	0	0	0.0017777777777775903	0.029861111111111498	0.024777777777777569	0.00075000000000001216	0	0	0.018353093618397806	0.30827461937156214	0.25579624230644421	0.007742711370262517	0	0	0.010827340459992382	0.1818654842889561	0.15090605766115847	0.004567784256559842	0	0	0.0001399416909620844	0.00235058309037904	0.0019504373177842405	5.9037900874636544e-05	0	0	0	0	0	0	0	0	0	0	0	0	0	0	0
576	6.5206389233419912	0	0	0	0	0	0	2.7777777777760639e-05	0.014111111111111244	0.037027777777777569	0.0060000000000000973	0	0	0.00028676708778731903	0.14567768059604932	0.38226052802072996	0.061941690962100136	0	0	0.00016917719468729443	0.085942014901199404	0.22551320051830137	0.036542274052478736	0	0	2.1865889212814503e-06	0.0011107871720116725	0.0029147230320699553	0.00047230320699709235	0	0	0	0	0	0	0	0	0	0	0	0	0	0	0
566	6.5206389233419912	0	0	0	0	0	0	0	0.0034722222222224142	0.034111111111110794	0.01936111111111119	0.00022222222222227997	0	0	0.035845885973438976	0.35214998380304174	0.19987666018788552	0.0022941367023005636	0	0	0.02114714933592602	0.20774959507612381	0.11791650469711747	0.0013534175574995422	0	0	0.00027332361516036504	0.0026851311953352526	0.0015240524781341175	1.7492711370266941e-05	0	0	0	0	0	0	0	0	0	0	0	0	0	0
566	6.5206389233419912	0	0	0	0	0	0	0	0.00022222222222227997	0.01936111111111119	0.034111111111110794	0.0034722222222224142	0	0	0.0022941367023005636	0.19987666018788552	0.35214998380304174	0.035845885973438976	0	0	0.0013534175574995422	0.11791650469711747	0.20774959507612381	0.02114714933592602	0	0	1.7492711370266941e-05	0.0015240524781341175	0.0026851311953352526	0.00027332361516036504	0	0	0	0	0	0	0	0	0	0	0	0	0	0
540	6.5206389233419912	0	0	0	0	0	0	0	0	0.0060000000000000973	0.037027777777777569	0.014111111111111244	2.7777777777760639e-05	0	0	0.061941690962100136	0.38226052802072996	0.14567768059604932	0.00028676708778731903	0	0	0.036542274052478736	0.22551320051830137	0.085942014901199404	0.00016917719468729443	0	0	0.00047230320699709235	0.0029147230320699553	0.0011107871720116725	2.1865889212814503e-06	0	0	0	0	0	0	0	0	0	0	0	0	0
519	6.5206389233419912	0	0	0	0	0	0	0	0	0.00075000000000001216	0.024777777777777569	0.029861111111111498	0.0017777777777775903	0	0	0.007742711370262517	0.25579624230644421	0.30827461937156214	0.018353093618397806	0	0	0.004567784256559842	0.15090605766115847	0.1818654842889561	0.010827340459992382	0	0	5.9037900874636544e-05	0.0019504373177842405	0.00235058309037904	0.0001399416909620844	0	0	0	0	0	0	0	0	0	0	0	0	0
559	6.5206389233419912	0	0	0	0	0	0	0	0	0	0.0095277777777774686	0.038111111111111734	0.0095277777777774686	0	0	0	0.098361111111107916	0.39344444444445087	0.098361111111107916	0	0	0	0.058027777777775909	0.23211111111111496	0.058027777777775909	0	0	0	0.00074999999999997584	0.0030000000000000499	0.00074999999999997584	0	0	0	0	0	0	0	0	0	0	0	0	0
849	6.6006389233419913	0	0	0	0	0	0	0.0059999999999998067	0.024000000000000399	0.0059999999999998067	0	0	0	0.089777777777774875	0.35911111111111699	0.089777777777774875	0	0	0	0.069111111111108875	0.27644444444444899	0.069111111111108875	0	0	0	0.00177777777777772	0.0071111111111112268	0.00177777777777772	0	0	0	0	0	0	0	0	0	0	0	0	0	0	0	1
824	6.6006389233419913	0	0	0	0	0	0	0.0011195335276966752	0.01880466472303232	0.015603498542273924	0.00047230320699709235	0	0	0.016751538710720621	0.2813735017816687	0.23347457078069128	0.0070670553935861212	0	0	0.012895367670876517	0.21660187884677964	0.17972918691285888	0.005440233236151692	0	0	0.0003317136378360518	0.0055717525105280922	0.0046232588273404209	0.00013994169096210137	0	0	0	0	0	0	0	0	0	0	0	0	0	0	1
783	6.6006389233419913	0	0	0	0	0	0	1.7492711370251602e-05	0.00888629737609338	0.023317784256559643	0.0037784256559767388	0	0	0.00026174279235487575	0.13296533851636019	0.34890314220926272	0.05653644314868897	0	0	0.0002014901198573425	0.10235698088759411	0.26858632977000174	0.043521865889213536	0	0	5.1830255911856581e-06	0.0026329770003239638	0.0069089731130547059	0.001119533527696811	0	0	0	0	0	0	0	0	0	0	0	0	0	0	1
825	6.6006389233419913	0	0	0	0	0	0	0	0.0021865889212829203	0.021481049562682021	0.01219241982507294	0.00013994169096213552	0	0	0.032717849044381471	0.32142014901198274	0.18243472627146173	0.0020939423388408422	0	0	0.025186264982184747	0.24742986718496693	0.14043861354065496	0.0016119209588601534	0	0	0.00064787819889864284	0.0063647554259798553	0.0036125688370586477	4.146420472952162e-05	0	0	0	0	0	0	0	0	0	0	0	0	0	1
864	6.6006389233419913	0	0	0	0	0	0	0	0.00013994169096213552	0.01219241982507294	0.021481049562682021	0.0021865889212829203	0	0	0.0020939423388408422	0.18243472627146173	0.32142014901198274	0.032717849044381471	0	0	0.0016119209588601534	0.14043861354065496	0.24742986718496693	0.025186264982184747	0	0	4.146420472952162e-05	0.0036125688370586477	0.0063647554259798553	0.00064787819889864284	0	0	0	0	0	0	0	0	0	0	0	0	0	1
787	6.6006389233419913	0	0	0	0	0	0	0	0	0.0037784256559767388	0.023317784256559643	0.00888629737609338	1.7492711370251602e-05	0	0	0.05653644314868897	0.34890314220926272	0.13296533851636019	0.00026174279235487575	0	0	0.043521865889213536	0.26858632977000174	0.10235698088759411	0.0002014901198573425	0	0	0.001119533527696811	0.0069089731130547059	0.0026329770003239638	5.1830255911856581e-06	0	0	0	0	0	0	0	0	0	0	0	0	1
835	6.6006389233419913	0	0	0	0	0	0	0	0	0.00047230320699709235	0.015603498542273924	0.01880466472303232	0.0011195335276966752	0	0	0.0070670553935861212	0.23347457078069128	0.2813735017816687	0.016751538710720621	0	0	0.005440233236151692	0.17972918691285888	0.21660187884677964	0.012895367670876517	0	0	0.00013994169096210137	0.0046232588273404209	0.0055717525105280922	0.0003317136378360518	0	0	0	0	0	0	0	0	0	0	0	0	1
787	6.6006389233419913	0	0	0	0	0	0	0	0	0	0.0059999999999998067	0.024000000000000399	0.0059999999999998067	0	0	0	0.089777777777774875	0.35911111111111699	0.089777777777774875	0	0	0	0.069111111111108875	0.27644444444444899	0.069111111111108875	0	0	0	0.00177777777777772	0.0071111111111112268	0.00177777777777772	0	0	0	0	0	0	0	0	0	0	0	0	1
608	6.6006389233419913	0	0	0	0	0	0	0.0059999999999998067	0.024000000000000399	0.0059999999999998067	0	0	0	0.089777777777774875	0.35911111111111699	0.089777777777774875	0	0	0	0.069111111111108875	0.27644444444444899	0.069111111111108875	0	0	0	0.00177777777777772	0.0071111111111112268	0.00177777777777772	0	0	0	0	0	0	0	0	0	0	0	0	0	0	0	0
608	6.6006389233419913	0	0	0	0	0	0	0.0011195335276966752	0.01880466472303232	0.015603498542273924	0.00047230320699709235	0	0	0.016751538710720621	0.2813735017816687	0.23347457078069128	0.0070670553935861212	0	0	0.012895367670876517	0.21660187884677964	0.17972918691285888	0.005440233236151692	0	0	0.0003317136378360518	0.0055717525105280922	0.0046232588273404209	0.00013994169096210137	0	0	0	0	0	0	0	0	0	0	0	0	0	0	0
638	6.6006389233419913	0	0	0	0	0	0	1.7492711370251602e-05	0.00888629737609338	0.023317784256559643	0.0037784256559767388	0	0	0.00026174279235487575	0.13296533851636019	0.34890314220926272	0.05653644314868897	0	0	0.0002014901198573425	0.10235698088759411	0.26858632977000174	0.043521865889213536	0	0	5.1830255911856581e-06	0.0026329770003239638	0.0069089731130547059	0.001119533527696811	0	0	0	0	0	0	0	0	0	0	0	0	0	0	0
636	6.6006389233419913	0	0	0	0	0	0	0	0.0021865889212829203	0.021481049562682021	0.01219241982507294	0.00013994169096213552	0	0	0.032717849044381471	0.32142014901198274	0.18243472627146173	0.0020939423388408422	0	0	0.025186264982184747	0.24742986718496693	0.14043861354065496	0.0016119209588601534	0	0	0.00064787819889864284	0.0063647554259798553	0.0036125688370586477	4.146420472952162e-05	0	0	0	0	0	0	0	0	0	0	0	0	0	0
617	6.6006389233419913	0	0	0	0	0	0	0	0.00013994169096213552	0.01219241982507294	0.021481049562682021	0.0021865889212829203	0	0	0.0020939423388408422	0.18243472627146173	0.32142014901198274	0.032717849044381471	0	0	0.0016119209588601534	0.14043861354065496	0.24742986718496693	0.025186264982184747	0	0	4.146420472952162e-05	0.0036125688370586477	0.0063647554259798553	0.00064787819889864284	0	0	0	0	0	0	0	0	0	0	0	0	0	0
598	6.6006389233419913	0	0	0	0	0	0	0	0	0.0037784256559767388	0.023317784256559643	0.00888629737609338	1.7492711370251602e-05	0	0	0.05653644314868897	0.34890314220926272	0.13296533851636019	0.00026174279235487575	0	0	0.043521865889213536	0.26858632977000174	0.10235698088759411	0.0002014901198573425	0	0	0.001119533527696811	0.0069089731130547059	0.0026329770003239638	5.1830255911856581e-06	0	0	0	0	0	0	0	0	0	0	0	0	0
558	6.6006389233419913	0	0	0	0	0	0	0	0	0.00047230320699709235	0.015603498542273924	0.01880466472303232	0.0011195335276966752	0	0	0.0070670553935861212	0.23347457078069128	0.2813735017816687	0.016751538710720621	0	0	0.005440233236151692	0.17972918691285888	0.21660187884677964	0.012895367670876517	0	0	0.00013994169096210137	0.0046232588273404209	0.0055717525105280922	0.0003317136378360518	0	0	0	0	0	0	0	0	0	0	0	0	0
554	6.6006389233419913	0	0	0	0	0	0	0	0	0	0.0059999999999998067	0.024000000000000399	0.0059999999999998067	0	0	0	0.089777777777774875	0.35911111111111699	0.089777777777774875	0	0	0	0.069111111111108875	0.27644444444444899	0.069111111111108875	0	0	0	0.00177777777777772	0.0071111111111112268	0.00177777777777772	0	0	0	0	0	0	0	0	0	0	0	0	0
902	6.6806389233419914	0	0	0	0	0	0	0.0034722222222221093	0.013888888888889114	0.0034722222222221093	0	0	0	0.07986111111110851	0.31944444444444964	0.07986111111110851	0	0	0	0.07986111111110851	0.31944444444444964	0.07986111111110851	0	0	0	0.0034722222222221093	0.013888888888889114	0.0034722222222221093	0	0	0	0	0	0	0	0	0	0	0	0	0	0	0	1
913	6.6806389233419914	0	0	0	0	0	0	0.00064787819889853865	0.010882329122125181	0.0090298023971492579	0.00027332361516035425	0	0	0.014901198574666392	0.25029356980887918	0.20768545513443296	0.0062864431486881487	0	0	0.014901198574666392	0.25029356980887918	0.20768545513443296	0.0062864431486881487	0	0	0.00064787819889853865	0.010882329122125181	0.0090298023971492579	0.00027332361516035425	0	0	0	0	0	0	0	0	0	0	0	0	0	0	1
870	6.6806389233419914	0	0	0	0	0	0	1.0123096857784488e-05	0.0051425332037577411	0.013494088111434974	0.002186588921282834	0	0	0.00023283122772904324	0.11827826368642806	0.31036402656300438	0.050291545189505189	0	0	0.00023283122772904324	0.11827826368642806	0.31036402656300438	0.050291545189505189	0	0	1.0123096857784488e-05	0.0051425332037577411	0.013494088111434974	0.002186588921282834	0	0	0	0	0	0	0	0	0	0	0	0	0	0	1
944	6.6806389233419914	0	0	0	0	0	0	0	0.0012653871072239118	0.012431162941366905	0.0070557985098801713	8.0984774862346916e-05	0	0	0.029103903466149973	0.28591674765143887	0.16228336572724394	0.0018626498218339792	0	0	0.029103903466149973	0.28591674765143887	0.16228336572724394	0.0018626498218339792	0	0	0.0012653871072239118	0.012431162941366905	0.0070557985098801713	8.0984774862346916e-05	0	0	0	0	0	0	0	0	0	0	0	0	0	1
906	6.6806389233419914	0	0	0	0	0	0	0	8.0984774862346916e-05	0.0070557985098801713	0.012431162941366905	0.0012653871072239118	0	0	0.0018626498218339792	0.16228336572724394	0.28591674765143887	0.029103903466149973	0	0	0.0018626498218339792	0.16228336572724394	0.28591674765143887	0.029103903466149973	0	0	8.0984774862346916e-05	0.0070557985098801713	0.012431162941366905	0.0012653871072239118	0	0	0	0	0	0	0	0	0	0	0	0	0	1
882	6.6806389233419914	0	0	0	0	0	0	0	0	0.002186588921282834	0.013494088111434974	0.0051425332037577411	1.0123096857784488e-05	0	0	0.050291545189505189	0.31036402656300438	0.11827826368642806	0.00023283122772904324	0	0	0.050291545189505189	0.31036402656300438	0.11827826368642806	0.00023283122772904324	0	0	0.002186588921282834	0.013494088111434974	0.0051425332037577411	1.0123096857784488e-05	0	0	0	0	0	0	0	0	0	0	0	0	1
905	6.6806389233419914	0	0	0	0	0	0	0	0	0.00027332361516035425	0.0090298023971492579	0.010882329122125181	0.00064787819889853865	0	0	0.0062864431486881487	0.20768545513443296	0.25029356980887918	0.014901198574666392	0	0	0.0062864431486881487	0.20768545513443296	0.25029356980887918	0.014901198574666392	0	0	0.00027332361516035425	0.0090298023971492579	0.010882329122125181	0.00064787819889853865	0	0	0	0	0	0	0	0	0	0	0	0	1
816	6.6806389233419914	0	0	0	0	0	0	0	0	0	0.0034722222222221093	0.013888888888889114	0.0034722222222221093	0	0	0	0.07986111111110851	0.31944444444444964	0.07986111111110851	0	0	0	0.07986111111110851	0.31944444444444964	0.07986111111110851	0	0	0	0.0034722222222221093	0.013888888888889114	0.0034722222222221093	0	0	0	0	0	0	0	0	0	0	0	0	1
744	6.6806389233419914	0	0	0	0	0	0	0.0034722222222221093	0.013888888888889114	0.0034722222222221093	0	0	0	0.07986111111110851	0.31944444444444964	0.07986111111110851	0	0	0	0.07986111111110851	0.31944444444444964	0.07986111111110851	0	0	0	0.0034722222222221093	0.013888888888889114	0.0034722222222221093	0	0	0	0	0	0	0	0	0	0	0	0	0	0	0	0
684	6.6806389233419914	0	0	0	0	0	0	0.00064787819889853865	0.010882329122125181	0.0090298023971492579	0.00027332361516035425	0	0	0.014901198574666392	0.25029356980887918	0.20768545513443296	0.0062864431486881487	0	0	0.014901198574666392	0.25029356980887918	0.20768545513443296	0.0062864431486881487	0	0	0.00064787819889853865	0.010882329122125181	0.0090298023971492579	0.00027332361516035425	0	0	0	0	0	0	0	0	0	0	0	0	0	0	0
660	6.6806389233419914	0	0	0	0	0	0	1.0123096857784488e-05	0.0051425332037577411	0.013494088111434974	0.002186588921282834	0	0	0.00023283122772904324	0.11827826368642806	0.31036402656300438	0.050291545189505189	0	0	0.00023283122772904324	0.11827826368642806	0.31036402656300438	0.050291545189505189	0	0	1.0123096857784488e-05	0.0051425332037577411	0.013494088111434974	0.002186588921282834	0	0	0	0	0	0	0	0	0	0	0	0	0	0	0
679	6.6806389233419914	0	0	0	0	0	0	0	0.0012653871072239118	0.012431162941366905	0.0070557985098801713	8.0984774862346916e-05	0	0	0.029103903466149973	0.28591674765143887	0.16228336572724394	0.0018626498218339792	0	0	0.029103903466149973	0.28591674765143887	0.16228336572724394	0.0018626498218339792	0	0	0.0012653871072239118	0.012431162941366905	0.0070557985098801713	8.0984774862346916e-05	0	0	0	0	0	0	0	0	0	0	0	0	0	0
658	6.6806389233419914	0	0	0	0	0	0	0	8.0984774862346916e-05	0.0070557985098801713	0.012431162941366905	0.0012653871072239118	0	0	0.0018626498218339792	0.16228336572724394	0.28591674765143887	0.029103903466149973	0	0	0.0018626498218339792	0.16228336572724394	0.28591674765143887	0.029103903466149973	0	0	8.0984774862346916e-05	0.0070557985098801713	0.012431162941366905	0.0012653871072239118	0	0	0	0	0	0	0	0	0	0	0	0	0	0
641	6.6806389233419914	0	0	0	0	0	0	0	0	0.002186588921282834	0.013494088111434974	0.0051425332037577411	1.0123096857784488e-05	0	0	0.050291545189505189	0.31036402656300438	0.11827826368642806	0.00023283122772904324	0	0	0.050291545189505189	0.31036402656300438	0.11827826368642806	0.00023283122772904324	0	0	0.002186588921282834	0.013494088111434974	0.0051425332037577411	1.0123096857784488e-05	0	0	0	0	0	0	0	0	0	0	0	0	0
634	6.6806389233419914	0	0	0	0	0	0	0	0	0.00027332361516035425	0.0090298023971492579	0.010882329122125181	0.00064787819889853865	0	0	0.0062864431486881487	0.20768545513443296	0.25029356980887918	0.014901198574666392	0	0	0.0062864431486881487	0.20768545513443296	0.25029356980887918	0.014901198574666392	0	0	0.00027332361516035425	0.0090298023971492579	0.010882329122125181	0.00064787819889853865	0	0	0	0	0	0	0	0	0	0	0	0	0
637	6.6806389233419914	0	0	0	0	0	0	0	0	0	0.0034722222222221093	0.013888888888889114	0.0034722222222221093	0	0	0	0.07986111111110851	0.31944444444444964	0.07986111111110851	0	0	0	0.07986111111110851	0.31944444444444964	0.07986111111110851	0	0	0	0.0034722222222221093	0.013888888888889114	0.0034722222222221093	0	0	0	0	0	0	0	0	0	0	0	0	0
913	6.7606389233419915	0	0	0	0	0	0	0.00177777777777772	0.0071111111111112268	0.00177777777777772	0	0	0	0.069111111111108875	0.27644444444444899	0.069111111111108875	0	0	0	0.089777777777774875	0.35911111111111699	0.089777777777774875	0	0	0	0.0059999999999998067	0.024000000000000399	0.0059999999999998067	0	0	0	0	0	0	0	0	0	0	0	0	0	0	0	1
984	6.7606389233419915	0	0	0	0	0	0	0.0003317136378360518	0.0055717525105280922	0.0046232588273404209	0.00013994169096210137	0	0	0.012895367670876517	0.21660187884677964	0.17972918691285888	0.005440233236151692	0	0	0.016751538710720621	0.2813735017816687	0.23347457078069128	0.0070670553935861212	0	0	0.0011195335276966752	0.01880466472303232	0.015603498542273924	0.00047230320699709235	0	0	0	0	0	0	0	0	0	0	0	0	0	0	1
920	6.7606389233419915	0	0	0	0	0	0	5.1830255911856581e-06	0.0026329770003239638	0.0069089731130547059	0.001119533527696811	0	0	0.0002014901198573425	0.10235698088759411	0.26858632977000174	0.043521865889213536	0	0	0.00026174279235487575	0.13296533851636019	0.34890314220926272	0.05653644314868897	0	0	1.7492711370251602e-05	0.00888629737609338	0.023317784256559643	0.0037784256559767388	0	0	0	0	0	0	0	0	0	0	0	0	0	0	1
957	6.7606389233419915	0	0	0	0	0	0	0	0.00064787819889864284	0.0063647554259798553	0.0036125688370586477	4.146420472952162e-05	0	0	0.025186264982184747	0.24742986718496693	0.14043861354065496	0.0016119209588601534	0	0	0.032717849044381471	0.32142014901198274	0.18243472627146173	0.0020939423388408422	0	0	0.0021865889212829203	0.021481049562682021	0.01219241982507294	0.00013994169096213552	0	0	0	0	0	0	0	0	0	0	0	0	0	1
922	6.7606389233419915	0	0	0	0	0	0	0	4.146420472952162e-05	0.0036125688370586477	0.0063647554259798553	0.00064787819889864284	0	0	0.0016119209588601534	0.14043861354065496	0.24742986718496693	0.025186264982184747	0	0	0.0020939423388408422	0.18243472627146173	0.32142014901198274	0.032717849044381471	0	0	0.00013994169096213552	0.01219241982507294	0.021481049562682021	0.0021865889212829203	0	0	0	0	0	0	0	0	0	0	0	0	0	1
930	6.7606389233419915	0	0	0	0	0	0	0	0	0.001119533527696811	0.0069089731130547059	0.0026329770003239638	5.1830255911856581e-06	0	0	0.043521865889213536	0.26858632977000174	0.10235698088759411	0.0002014901198573425	0	0	0.05653644314868897	0.34890314220926272	0.13296533851636019	0.00026174279235487575	0	0	0.0037784256559767388	0.023317784256559643	0.00888629737609338	1.7492711370251602e-05	0	0	0	0	0	0	0	0	0	0	0	0	1
917	6.7606389233419915	0	0	0	0	0	0	0	0	0.00013994169096210137	0.0046232588273404209	0.0055717525105280922	0.0003317136378360518	0	0	0.005440233236151692	0.17972918691285888	0.21660187884677964	0.012895367670876517	0	0	0.0070670553935861212	0.23347457078069128	0.2813735017816687	0.016751538710720621	0	0	0.00047230320699709235	0.015603498542273924	0.01880466472303232	0.0011195335276966752	0	0	0	0	0	0	0	0	0	0	0	0	1
913	6.7606389233419915	0	0	0	0	0	0	0	0	0	0.00177777777777772	0.0071111111111112268	0.00177777777777772	0	0	0	0.069111111111108875	0.27644444444444899	0.069111111111108875	0	0	0	0.089777777777774875	0.35911111111111699	0.089777777777774875	0	0	0	0.0059999999999998067	0.024000000000000399	0.0059999999999998067	0	0	0	0	0	0	0	0	0	0	0	0	1
707	6.7606389233419915	0	0	0	0	0	0	0.00177777777777772	0.0071111111111112268	0.00177777777777772	0	0	0	0.069111111111108875	0.27644444444444899	0.069111111111108875	0	0	0	0.089777777777774875	0.35911111111111699	0.089777777777774875	0	0	0	0.0059999999999998067	0.024000000000000399	0.0059999999999998067	0	0	0	0	0	0	0	0	0	0	0	0	0	0	0	0
738	6.7606389233419915	0	0	0	0	0	0	0.0003317136378360518	0.0055717525105280922	0.0046232588273404209	0.00013994169096210137	0	0	0.012895367670876517	0.21660187884677964	0.17972918691285888	0.005440233236151692	0	0	0.016751538710720621	0.2813735017816687	0.23347457078069128	0.0070670553935861212	0	0	0.0011195335276966752	0.01880466472303232	0.015603498542273924	0.00047230320699709235	0	0	0	0	0	0	0	0	0	0	0	0	0	0	0
709	6.7606389233419915	0	0	0	0	0	0	5.1830255911856581e-06	0.0026329770003239638	0.0069089731130547059	0.001119533527696811	0	0	0.0002014901198573425	0.10235698088759411	0.26858632977000174	0.043521865889213536	0	0	0.00026174279235487575	0.13296533851636019	0.34890314220926272	0.05653644314868897	0	0	1.7492711370251602e-05	0.00888629737609338	0.023317784256559643	0.0037784256559767388	0	0	0	0	0	0	0	0	0	0	0	0	0	0	0
749	6.7606389233419915	0	0	0	0	0	0	0	0.00064787819889864284	0.0063647554259798553	0.0036125688370586477	4.146420472952162e-05	0	0	0.025186264982184747	0.24742986718496693	0.14043861354065496	0.0016119209588601534	0	0	0.032717849044381471	0.32142014901198274	0.18243472627146173	0.0020939423388408422	0	0	0.0021865889212829203	0.021481049562682021	0.01219241982507294	0.00013994169096213552	0	0	0	0	0	0	0	0	0	0	0	0	0	0
678	6.7606389233419915	0	0	0	0	0	0	0	4.146420472952162e-05	0.0036125688370586477	0.0063647554259798553	0.00064787819889864284	0	0	0.0016119209588601534	0.14043861354065496	0.24742986718496693	0.025186264982184747	0	0	0.0020939423388408422	0.18243472627146173	0.32142014901198274	0.032717849044381471	0	0	0.00013994169096213552	0.01219241982507294	0.021481049562682021	0.0021865889212829203	0	0	0	0	0	0	0	0	0	0	0	0	0	0
696	6.7606389233419915	0	0	0	0	0	0	0	0	0.001119533527696811	0.0069089731130547059	0.0026329770003239638	5.1830255911856581e-06	0	0	0.043521865889213536	0.26858632977000174	0.10235698088759411	0.0002014901198573425	0	0	0.05653644314868897	0.34890314220926272	0.13296533851636019	0.00026174279235487575	0	0	0.0037784256559767388	0.023317784256559643	0.00888629737609338	1.7492711370251602e-05	0	0	0	0	0	0	0	0	0	0	0	0	0
651	6.7606389233419915	0	0	0	0	0	0	0	0	0.00013994169096210137	0.0046232588273404209	0.0055717525105280922	0.0003317136378360518	0	0	0.005440233236151692	0.17972918691285888	0.21660187884677964	0.012895367670876517	0	0	0.0070670553935861212	0.23347457078069128	0.2813735017816687	0.016751538710720621	0	0	0.00047230320699709235	0.015603498542273924	0.01880466472303232	0.0011195335276966752	0	0	0	0	0	0	0	0	0	0	0	0	0
641	6.7606389233419915	0	0	0	0	0	0	0	0	0	0.00177777777777772	0.0071111111111112268	0.00177777777777772	0	0	0	0.069111111111108875	0.27644444444444899	0.069111111111108875	0	0	0	0.089777777777774875	0.35911111111111699	0.089777777777774875	0	0	0	0.0059999999999998067	0.024000000000000399	0.0059999999999998067	0	0	0	0	0	0	0	0	0	0	0	0	0
1042	6.8406389233419915	0	0	0	0	0	0	0.00074999999999997584	0.0030000000000000499	0.00074999999999997584	0	0	0	0.058027777777775909	0.23211111111111496	0.058027777777775909	0	0	0	0.098361111111107916	0.39344444444445087	0.098361111111107916	0	0	0	0.0095277777777774686	0.038111111111111734	0.0095277777777774686	0	0	0	0	0	0	0	0	0	0	0	0	0	0	0	1
1060	6.8406389233419915	0	0	0	0	0	0	0.0001399416909620844	0.00235058309037904	0.0019504373177842405	5.9037900874636544e-05	0	0	0.010827340459992382	0.1818654842889561	0.15090605766115847	0.004567784256559842	0	0	0.018353093618397806	0.30827461937156214	0.25579624230644421	0.007742711370262517	0	0	0.0017777777777775903	0.029861111111111498	0.024777777777777569	0.00075000000000001216	0	0	0	0	0	0	0	0	0	0	0	0	0	0	1
1041	6.8406389233419915	0	0	0	0	0	0	2.1865889212814503e-06	0.0011107871720116725	0.0029147230320699553	0.00047230320699709235	0	0	0.00016917719468729443	0.085942014901199404	0.22551320051830137	0.036542274052478736	0	0	0.00028676708778731903	0.14567768059604932	0.38226052802072996	0.061941690962100136	0	0	2.7777777777760639e-05	0.014111111111111244	0.037027777777777569	0.0060000000000000973	0	0	0	0	0	0	0	0	0	0	0	0	0	0	1
1006	6.8406389233419915	0	0	0	0	0	0	0	0.00027332361516036504	0.0026851311953352526	0.0015240524781341175	1.7492711370266941e-05	0	0	0.02114714933592602	0.20774959507612381	0.11791650469711747	0.0013534175574995422	0	0	0.035845885973438976	0.35214998380304174	0.19987666018788552	0.0022941367023005636	0	0	0.0034722222222224142	0.034111111111110794	0.01936111111111119	0.00022222222222227997	0	0	0	0	0	0	0	0	0	0	0	0	0	1
1024	6.8406389233419915	0	0	0	0	0	0	0	1.7492711370266941e-05	0.0015240524781341175	0.0026851311953352526	0.00027332361516036504	0	0	0.0013534175574995422	0.11791650469711747	0.20774959507612381	0.02114714933592602	0	0	0.0022941367023005636	0.19987666018788552	0.35214998380304174	0.035845885973438976	0	0	0.00022222222222227997	0.01936111111111119	0.034111111111110794	0.0034722222222224142	0	0	0	0	0	0	0	0	0	0	0	0	0	1
1009	6.8406389233419915	0	0	0	0	0	0	0	0	0.00047230320699709235	0.0029147230320699553	0.0011107871720116725	2.1865889212814503e-06	0	0	0.036542274052478736	0.22551320051830137	0.085942014901199404	0.00016917719468729443	0	0	0.061941690962100136	0.38226052802072996	0.14567768059604932	0.00028676708778731903	0	0	0.0060000000000000973	0.037027777777777569	0.014111111111111244	2.7777777777760639e-05	0	0	0	0	0	0	0	0	0	0	0	0	1
968	6.8406389233419915	0	0	0	0	0	0	0	0	5.9037900874636544e-05	0.0019504373177842405	0.00235058309037904	0.0001399416909620844	0	0	0.004567784256559842	0.15090605766115847	0.1818654842889561	0.010827340459992382	0	0	0.007742711370262517	0.25579624230644421	0.30827461937156214	0.018353093618397806	0	0	0.00075000000000001216	0.024777777777777569	0.029861111111111498	0.0017777777777775903	0	0	0	0	0	0	0	0	0	0	0	0	1
963	6.8406389233419915	0	0	0	0	0	0	0	0	0	0.00074999999999997584	0.0030000000000000499	0.00074999999999997584	0	0	0	0.058027777777775909	0.23211111111111496	0.058027777777775909	0	0	0	0.098361111111107916	0.39344444444445087	0.098361111111107916	0	0	0	0.0095277777777774686	0.038111111111111734	0.0095277777777774686	0	0	0	0	0	0	0	0	0	0	0	0	1
736	6.8406389233419915	0	0	0	0	0	0	0.00074999999999997584	0.0030000000000000499	0.00074999999999997584	0	0	0	0.058027777777775909	0.23211111111111496	0.058027777777775909	0	0	0	0.098361111111107916	0.39344444444445087	0.098361111111107916	0	0	0	0.0095277777777774686	0.038111111111111734	0.0095277777777774686	0	0	0	0	0	0	0	0	0	0	0	0	0	0	0	0
763	6.8406389233419915	0	0	0	0	0	0	0.0001399416909620844	0.00235058309037904	0.0019504373177842405	5.9037900874636544e-05	0	0	0.010827340459992382	0.1818654842889561	0.15090605766115847	0.004567784256559842	0	0	0.018353093618397806	0.30827461937156214	0.25579624230644421	0.007742711370262517	0	0	0.0017777777777775903	0.029861111111111498	0.024777777777777569	0.00075000000000001216	0	0	0	0	0	0	0	0	0	0	0	0	0	0	0
753	6.8406389233419915	0	0	0	0	0	0	2.1865889212814503e-06	0.0011107871720116725	0.0029147230320699553	0.00047230320699709235	0	0	0.00016917719468729443	0.085942014901199404	0.22551320051830137	0.036542274052478736	0	0	0.00028676708778731903	0.14567768059604932	0.38226052802072996	0.061941690962100136	0	0	2.7777777777760639e-05	0.014111111111111244	0.037027777777777569	0.0060000000000000973	0	0	0	0	0	0	0	0	0	0	0	0	0	0	0
802	6.8406389233419915	0	0	0	0	0	0	0	0.00027332361516036504	0.0026851311953352526	0.0015240524781341175	1.7492711370266941e-05	0	0	0.02114714933592602	0.20774959507612381	0.11791650469711747	0.0013534175574995422	0	0	0.035845885973438976	0.35214998380304174	0.19987666018788552	0.0022941367023005636	0	0	0.0034722222222224142	0.034111111111110794	0.01936111111111119	0.00022222222222227997	0	0	0	0	0	0	0	0	0	0	0	0	0	0
756	6.8406389233419915	0	0	0	0	0	0	0	1.7492711370266941e-05	0.0015240524781341175	0.0026851311953352526	0.00027332361516036504	0	0	0.0013534175574995422	0.11791650469711747	0.20774959507612381	0.02114714933592602	0	0	0.0022941367023005636	0.19987666018788552	0.35214998380304174	0.035845885973438976	0	0	0.00022222222222227997	0.01936111111111119	0.034111111111110794	0.0034722222222224142	0	0	0	0	0	0	0	0	0	0	0	0	0	0
698	6.8406389233419915	0	0	0	0	0	0	0	0	0.00047230320699709235	0.0029147230320699553	0.0011107871720116725	2.1865889212814503e-06	0	0	0.036542274052478736	0.22551320051830137	0.085942014901199404	0.00016917719468729443	0	0	0.061941690962100136	0.38226052802072996	0.14567768059604932	0.00028676708778731903	0	0	0.0060000000000000973	0.037027777777777569	0.014111111111111244	2.7777777777760639e-05	0	0	0	0	0	0	0	0	0	0	0	0	0
725	6.8406389233419915	0	0	0	0	0	0	0	0	5.9037900874636544e-05	0.0019504373177842405	0.00235058309037904	0.0001399416909620844	0	0	0.004567784256559842	0.15090605766115847	0.1818654842889561	0.010827340459992382	0	0	0.007742711370262517	0.25579624230644421	0.30827461937156214	0.018353093618397806	0	0	0.00075000000000001216	0.024777777777777569	0.029861111111111498	0.0017777777777775903	0	0	0	0	0	0	0	0	0	0	0	0	0
722	6.8406389233419915	0	0	0	0	0	0	0	0	0	0.00074999999999997584	0.0030000000000000499	0.00074999999999997584	0	0	0	0.058027777777775909	0.23211111111111496	0.058027777777775909	0	0	0	0.098361111111107916	0.39344444444445087	0.098361111111107916	0	0	0	0.0095277777777774686	0.038111111111111734	0.0095277777777774686	0	0	0	0	0	0	0	0	0	0	0	0	0
1119	6.9206389233419916	0	0	0	0	0	0	0.000222222222222215	0.00088888888888890335	0.000222222222222215	0	0	0	0.047111111111109577	0.18844444444444752	0.047111111111109577	0	0	0	0.10511111111110769	0.42044444444445123	0.10511111111110769	0	0	0	0.01422222222222176	0.056888888888889814	0.01422222222222176	0	0	0	0	0	0	0	0	0	0	0	0	0	0	0	1
1132	6.9206389233419916	0	0	0	0	0	0	4.1464204729506475e-05	0.00069646906381601152	0.00057790735341755261	1.7492711370262671e-05	0	0	0.008790411402655374	0.14765144152899445	0.12251635892452115	0.003708454810495687	0	0	0.019612568837056563	0.32942986718497347	0.27335017816650237	0.0082740524781342445	0	0	0.0026537091026884144	0.044574020084224737	0.036986070618723367	0.001119533527696811	0	0	0	0	0	0	0	0	0	0	0	0	0	0	1
1154	6.9206389233419916	0	0	0	0	0	0	6.4787819889820727e-07	0.00032912212504049548	0.00086362163913183824	0.00013994169096210137	0	0	0.00013735017816641994	0.06977389050858504	0.18308778749594973	0.029667638483965496	0	0	0.00030644638807885197	0.15567476514415435	0.40849303530935949	0.066192419825073956	0	0	4.1464204729485265e-05	0.021063816002591711	0.055271784904437647	0.0089562682215744878	0	0	0	0	0	0	0	0	0	0	0	0	0	0	1
1128	6.9206389233419916	0	0	0	0	0	0	0	8.0984774862330355e-05	0.00079559442824748191	0.00045157110463233096	5.1830255911902025e-06	0	0	0.017168772270814037	0.16866601878846618	0.095733074182054165	0.0010988014253323231	0	0	0.038305798509882256	0.37631616456105893	0.21359313249109252	0.0024515711046329655	0	0	0.0051830255911891427	0.050918043407838842	0.028900550696469181	0.00033171363783617296	0	0	0	0	0	0	0	0	0	0	0	0	0	1
1074	6.9206389233419916	0	0	0	0	0	0	0	5.1830255911902025e-06	0.00045157110463233096	0.00079559442824748191	8.0984774862330355e-05	0	0	0.0010988014253323231	0.095733074182054165	0.16866601878846618	0.017168772270814037	0	0	0.0024515711046329655	0.21359313249109252	0.37631616456105893	0.038305798509882256	0	0	0.00033171363783617296	0.028900550696469181	0.050918043407838842	0.0051830255911891427	0	0	0	0	0	0	0	0	0	0	0	0	0	1
1099	6.9206389233419916	0	0	0	0	0	0	0	0	0.00013994169096210137	0.00086362163913183824	0.00032912212504049548	6.4787819889820727e-07	0	0	0.029667638483965496	0.18308778749594973	0.06977389050858504	0.00013735017816641994	0	0	0.066192419825073956	0.40849303530935949	0.15567476514415435	0.00030644638807885197	0	0	0.0089562682215744878	0.055271784904437647	0.021063816002591711	4.1464204729485265e-05	0	0	0	0	0	0	0	0	0	0	0	0	1
1030	6.9206389233419916	0	0	0	0	0	0	0	0	1.7492711370262671e-05	0.00057790735341755261	0.00069646906381601152	4.1464204729506475e-05	0	0	0.003708454810495687	0.12251635892452115	0.14765144152899445	0.008790411402655374	0	0	0.0082740524781342445	0.27335017816650237	0.32942986718497347	0.019612568837056563	0	0	0.001119533527696811	0.036986070618723367	0.044574020084224737	0.0026537091026884144	0	0	0	0	0	0	0	0	0	0	0	0	1
1038	6.9206389233419916	0	0	0	0	0	0	0	0	0	0.000222222222222215	0.00088888888888890335	0.000222222222222215	0	0	0	0.047111111111109577	0.18844444444444752	0.047111111111109577	0	0	0	0.10511111111110769	0.42044444444445123	0.10511111111110769	0	0	0	0.01422222222222176	0.056888888888889814	0.01422222222222176	0	0	0	0	0	0	0	0	0	0	0	0	1
862	6.9206389233419916	0	0	0	0	0	0	0.000222222222222215	0.00088888888888890335	0.000222222222222215	0	0	0	0.047111111111109577	0.18844444444444752	0.047111111111109577	0	0	0	0.10511111111110769	0.42044444444445123	0.10511111111110769	0	0	0	0.01422222222222176	0.056888888888889814	0.01422222222222176	0	0	0	0	0	0	0	0	0	0	0	0	0	0	0	0
879	6.9206389233419916	0	0	0	0	0	0	4.1464204729506475e-05	0.00069646906381601152	0.00057790735341755261	1.7492711370262671e-05	0	0	0.008790411402655374	0.14765144152899445	0.12251635892452115	0.003708454810495687	0	0	0.019612568837056563	0.32942986718497347	0.27335017816650237	0.0082740524781342445	0	0	0.0026537091026884144	0.044574020084224737	0.036986070618723367	0.001119533527696811	0	0	0	0	0	0	0	0	0	0	0	0	0	0	0
859	6.9206389233419916	0	0	0	0	0	0	6.4787819889820727e-07	0.00032912212504049548	0.00086362163913183824	0.00013994169096210137	0	0	0.00013735017816641994	0.06977389050858504	0.18308778749594973	0.029667638483965496	0	0	0.00030644638807885197	0.15567476514415435	0.40849303530935949	0.066192419825073956	0	0	4.1464204729485265e-05	0.021063816002591711	0.055271784904437647	0.0089562682215744878	0	0	0	0	0	0	0	0	0	0	0	0	0	0	0
876	6.9206389233419916	0	0	0	0	0	0	0	8.0984774862330355e-05	0.00079559442824748191	0.00045157110463233096	5.1830255911902025e-06	0	0	0.017168772270814037	0.16866601878846618	0.095733074182054165	0.0010988014253323231	0	0	0.038305798509882256	0.37631616456105893	0.21359313249109252	0.0024515711046329655	0	0	0.0051830255911891427	0.050918043407838842	0.028900550696469181	0.00033171363783617296	0	0	0	0	0	0	0	0	0	0	0	0	0	0
830	6.9206389233419916	0	0	0	0	0	0	0	5.1830255911902025e-06	0.00045157110463233096	0.00079559442824748191	8.0984774862330355e-05	0	0	0.0010988014253323231	0.095733074182054165	0.16866601878846618	0.017168772270814037	0	0	0.0024515711046329655	0.21359313249109252	0.37631616456105893	0.038305798509882256	0	0	0.00033171363783617296	0.028900550696469181	0.050918043407838842	0.0051830255911891427	0	0	0	0	0	0	0	0	0	0	0	0	0	0
766	6.9206389233419916	0	0	0	0	0	0	0	0	0.00013994169096210137	0.00086362163913183824	0.00032912212504049548	6.4787819889820727e-07	0	0	0.029667638483965496	0.18308778749594973	0.06977389050858504	0.00013735017816641994	0	0	0.066192419825073956	0.40849303530935949	0.15567476514415435	0.00030644638807885197	0	0	0.0089562682215744878	0.055271784904437647	0.021063816002591711	4.1464204729485265e-05	0	0	0	0	0	0	0	0	0	0	0	0	0
788	6.9206389233419916	0	0	0	0	0	0	0	0	1.7492711370262671e-05	0.00057790735341755261	0.00069646906381601152	4.1464204729506475e-05	0	0	0.003708454810495687	0.12251635892452115	0.14765144152899445	0.008790411402655374	0	0	0.0082740524781342445	0.27335017816650237	0.32942986718497347	0.019612568837056563	0	0	0.001119533527696811	0.036986070618723367	0.044574020084224737	0.0026537091026884144	0	0	0	0	0	0	0	0	0	0	0	0	0
764	6.9206389233419916	0	0	0	0	0	0	0	0	0	0.000222222222222215	0.00088888888888890335	0.000222222222222215	0	0	0	0.047111111111109577	0.18844444444444752	0.047111111111109577	0	0	0	0.10511111111110769	0.42044444444445123	0.10511111111110769	0	0	0	0.01422222222222176	0.056888888888889814	0.01422222222222176	0	0	0	0	0	0	0	0	0	0	0	0	0
1325	7.0006389233419908	0	0	0	0	0	0	2.7777777777776874e-05	0.00011111111111111292	2.7777777777776874e-05	0	0	0	0.036861111111109908	0.14744444444444682	0.036861111111109908	0	0	0	0.10952777777777421	0.43811111111111822	0.10952777777777421	0	0	0	0.020249999999999341	0.081000000000001321	0.020249999999999341	0	0	0	0	0	0	0	0	0	0	0	0	0	0	0	1
1203	7.0006389233419908	0	0	0	0	0	0	5.1830255911883093e-06	8.705863297700144e-05	7.2238419177194076e-05	2.1865889212828339e-06	0	0	0.0068778749595068862	0.11552680596048091	0.095860382248136533	0.0029016034985423207	0	0	0.020436669906055506	0.3432721898283167	0.28483608681567624	0.0086217201166182145	0	0	0.0037784256559762778	0.063465743440234049	0.052661807580174476	0.001594023323615186	0	0	0	0	0	0	0	0	0	0	0	0	0	0	1
1210	7.0006389233419908	0	0	0	0	0	0	8.0984774862275908e-08	4.1140265630061935e-05	0.00010795270489147978	1.7492711370262671e-05	0	0	0.00010746679624224011	0.054593132491092183	0.14325323939099366	0.023212827988338566	0	0	0.00031932296728195389	0.16221606737933419	0.42565751538710483	0.068973760932945716	0	0	5.9037900874599132e-05	0.029991253644315149	0.07869752186588877	0.012752186588921488	0	0	0	0	0	0	0	0	0	0	0	0	0	0	1
1169	7.0006389233419908	0	0	0	0	0	0	0	1.0123096857791294e-05	9.9449303530935239e-05	5.644638807904137e-05	6.4787819889877531e-07	0	0	0.013433349530289046	0.13196922578555106	0.07490435698088789	0.00085973436993867487	0	0	0.039915370910271072	0.39212860382247766	0.22256810819566014	0.0025545837382578715	0	0	0.0073797376093298539	0.072498542274051794	0.041149416909621157	0.00047230320699720722	0	0	0	0	0	0	0	0	0	0	0	0	0	1
1193	7.0006389233419908	0	0	0	0	0	0	0	6.4787819889877531e-07	5.644638807904137e-05	9.9449303530935239e-05	1.0123096857791294e-05	0	0	0.00085973436993867487	0.07490435698088789	0.13196922578555106	0.013433349530289046	0	0	0.0025545837382578715	0.22256810819566014	0.39212860382247766	0.039915370910271072	0	0	0.00047230320699720722	0.041149416909621157	0.072498542274051794	0.0073797376093298539	0	0	0	0	0	0	0	0	0	0	0	0	0	1
1172	7.0006389233419908	0	0	0	0	0	0	0	0	1.7492711370262671e-05	0.00010795270489147978	4.1140265630061935e-05	8.0984774862275908e-08	0	0	0.023212827988338566	0.14325323939099366	0.054593132491092183	0.00010746679624224011	0	0	0.068973760932945716	0.42565751538710483	0.16221606737933419	0.00031932296728195389	0	0	0.012752186588921488	0.07869752186588877	0.029991253644315149	5.9037900874599132e-05	0	0	0	0	0	0	0	0	0	0	0	0	1
1149	7.0006389233419908	0	0	0	0	0	0	0	0	2.1865889212828339e-06	7.2238419177194076e-05	8.705863297700144e-05	5.1830255911883093e-06	0	0	0.0029016034985423207	0.095860382248136533	0.11552680596048091	0.0068778749595068862	0	0	0.0086217201166182145	0.28483608681567624	0.3432721898283167	0.020436669906055506	0	0	0.001594023323615186	0.052661807580174476	0.063465743440234049	0.0037784256559762778	0	0	0	0	0	0	0	0	0	0	0	0	1
1127	7.0006389233419908	0	0	0	0	0	0	0	0	0	2.7777777777776874e-05	0.00011111111111111292	2.7777777777776874e-05	0	0	0	0.036861111111109908	0.14744444444444682	0.036861111111109908	0	0	0	0.10952777777777421	0.43811111111111822	0.10952777777777421	0	0	0	0.020249999999999341	0.081000000000001321	0.020249999999999341	0	0	0	0	0	0	0	0	0	0	0	0	1
938	7.0006389233419908	0	0	0	0	0	0	2.7777777777776874e-05	0.00011111111111111292	2.7777777777776874e-05	0	0	0	0.036861111111109908	0.14744444444444682	0.036861111111109908	0	0	0	0.10952777777777421	0.43811111111111822	0.10952777777777421	0	0	0	0.020249999999999341	0.081000000000001321	0.020249999999999341	0	0	0	0	0	0	0	0	0	0	0	0	0	0	0	0
940	7.0006389233419908	0	0	0	0	0	0	5.1830255911883093e-06	8.705863297700144e-05	7.2238419177194076e-05	2.1865889212828339e-06	0	0	0.0068778749595068862	0.11552680596048091	0.095860382248136533	0.0029016034985423207	0	0	0.020436669906055506	0.3432721898283167	0.28483608681567624	0.0086217201166182145	0	0	0.0037784256559762778	0.063465743440234049	0.052661807580174476	0.001594023323615186	0	0	0	0	0	0	0	0	0	0	0	0	0	0	0
970	7.0006389233419908	0	0	0	0	0	0	8.0984774862275908e-08	4.1140265630061935e-05	0.00010795270489147978	1.7492711370262671e-05	0	0	0.00010746679624224011	0.054593132491092183	0.14325323939099366	0.023212827988338566	0	0	0.00031932296728195389	0.16221606737933419	0.42565751538710483	0.068973760932945716	0	0	5.9037900874599132e-05	0.029991253644315149	0.07869752186588877	0.012752186588921488	0	0	0	0	0	0	0	0	0	0	0	0	0	0	0
902	7.0006389233419908	0	0	0	0	0	0	0	1.0123096857791294e-05	9.9449303530935239e-05	5.644638807904137e-05	6.4787819889877531e-07	0	0	0.013433349530289046	0.13196922578555106	0.07490435698088789	0.00085973436993867487	0	0	0.039915370910271072	0.39212860382247766	0.22256810819566014	0.0025545837382578715	0	0	0.0073797376093298539	0.072498542274051794	0.041149416909621157	0.00047230320699720722	0	0	0	0	0	0	0	0	0	0	0	0	0	0
871	7.0006389233419908	0	0	0	0	0	0	0	6.4787819889877531e-07	5.644638807904137e-05	9.9449303530935239e-05	1.0123096857791294e-05	0	0	0.00085973436993867487	0.07490435698088789	0.13196922578555106	0.013433349530289046	0	0	0.0025545837382578715	0.22256810819566014	0.39212860382247766	0.039915370910271072	0	0	0.00047230320699720722	0.041149416909621157	0.072498542274051794	0.0073797376093298539	0	0	0	0	0	0	0	0	0	0	0	0	0	0
911	7.0006389233419908	0	0	0	0	0	0	0	0	1.7492711370262671e-05	0.00010795270489147978	4.1140265630061935e-05	8.0984774862275908e-08	0	0	0.023212827988338566	0.14325323939099366	0.054593132491092183	0.00010746679624224011	0	0	0.068973760932945716	0.42565751538710483	0.16221606737933419	0.00031932296728195389	0	0	0.012752186588921488	0.07869752186588877	0.029991253644315149	5.9037900874599132e-05	0	0	0	0	0	0	0	0	0	0	0	0	0
866	7.0006389233419908	0	0	0	0	0	0	0	0	2.1865889212828339e-06	7.2238419177194076e-05	8.705863297700144e-05	5.1830255911883093e-06	0	0	0.0029016034985423207	0.095860382248136533	0.11552680596048091	0.0068778749595068862	0	0	0.0086217201166182145	0.28483608681567624	0.3432721898283167	0.020436669906055506	0	0	0.001594023323615186	0.052661807580174476	0.063465743440234049	0.0037784256559762778	0	0	0	0	0	0	0	0	0	0	0	0	0
877	7.0006389233419908	0	0	0	0	0	0	0	0	0	2.7777777777776874e-05	0.00011111111111111292	2.7777777777776874e-05	0	0	0	0.036861111111109908	0.14744444444444682	0.036861111111109908	0	0	0	0.10952777777777421	0.43811111111111822	0.10952777777777421	0	0	0	0.020249999999999341	0.081000000000001321	0.020249999999999341	0	0	0	0	0	0	0	0	0	0	0	0	0
1398	7.0806389233419909	0	0	0	0	0	0	0	0	0	0	0	0	0.027777777777776874	0.11111111111111291	0.027777777777776874	0	0	0	0.1111111111111075	0.44444444444445164	0.1111111111111075	0	0	0	0.027777777777776874	0.11111111111111291	0.027777777777776874	0	0	0	0	0	0	0	0	0	0	0	0	0	0	0	1
1371	7.0806389233419909	0	0	0	0	0	0	0	0	0	0	0	0	0.0051830255911883092	0.087058632977001449	0.072238419177194063	0.002186588921282834	0	0	0.020732102364753237	0.3482345319080058	0.28895367670877625	0.0087463556851313361	0	0	0.0051830255911883092	0.087058632977001449	0.072238419177194063	0.002186588921282834	0	0	0	0	0	0	0	0	0	0	0	0	0	0	1
1333	7.0806389233419909	0	0	0	0	0	0	0	0	0	0	0	0	8.0984774862275901e-05	0.041140265630061928	0.10795270489147979	0.017492711370262672	0	0	0.0003239390994491036	0.16456106252024771	0.43181081956591916	0.069970845481050689	0	0	8.0984774862275901e-05	0.041140265630061928	0.10795270489147979	0.017492711370262672	0	0	0	0	0	0	0	0	0	0	0	0	0	0	1
1308	7.0806389233419909	0	0	0	0	0	0	0	0	0	0	0	0	0	0.010123096857791294	0.099449303530935243	0.056446388079041371	0.00064787819889877533	0	0	0.040492387431165178	0.39779721412374097	0.22578555231616548	0.0025915127955951013	0	0	0.010123096857791294	0.099449303530935243	0.056446388079041371	0.00064787819889877533	0	0	0	0	0	0	0	0	0	0	0	0	0	1
1283	7.0806389233419909	0	0	0	0	0	0	0	0	0	0	0	0	0	0.00064787819889877533	0.056446388079041371	0.099449303530935243	0.010123096857791294	0	0	0.0025915127955951013	0.22578555231616548	0.39779721412374097	0.040492387431165178	0	0	0.00064787819889877533	0.056446388079041371	0.099449303530935243	0.010123096857791294	0	0	0	0	0	0	0	0	0	0	0	0	0	1
1286	7.0806389233419909	0	0	0	0	0	0	0	0	0	0	0	0	0	0	0.017492711370262672	0.10795270489147979	0.041140265630061928	8.0984774862275901e-05	0	0	0.069970845481050689	0.43181081956591916	0.16456106252024771	0.0003239390994491036	0	0	0.017492711370262672	0.10795270489147979	0.041140265630061928	8.0984774862275901e-05	0	0	0	0	0	0	0	0	0	0	0	0	1
1281	7.0806389233419909	0	0	0	0	0	0	0	0	0	0	0	0	0	0	0.002186588921282834	0.072238419177194063	0.087058632977001449	0.0051830255911883092	0	0	0.0087463556851313361	0.28895367670877625	0.3482345319080058	0.020732102364753237	0	0	0.002186588921282834	0.072238419177194063	0.087058632977001449	0.0051830255911883092	0	0	0	0	0	0	0	0	0	0	0	0	1
1302	7.0806389233419909	0	0	0	0	0	0	0	0	0	0	0	0	0	0	0	0.027777777777776874	0.11111111111111291	0.027777777777776874	0	0	0	0.1111111111111075	0.44444444444445164	0.1111111111111075	0	0	0	0.027777777777776874	0.11111111111111291	0.027777777777776874	0	0	0	0	0	0	0	0	0	0	0	0	1
1032	7.0806389233419909	0	0	0	0	0	0	0	0	0	0	0	0	0.027777777777776874	0.11111111111111291	0.027777777777776874	0	0	0	0.1111111111111075	0.44444444444445164	0.1111111111111075	0	0	0	0.027777777777776874	0.11111111111111291	0.027777777777776874	0	0	0	0	0	0	0	0	0	0	0	0	0	0	0	0
982	7.0806389233419909	0	0	0	0	0	0	0	0	0	0	0	0	0.0051830255911883092	0.087058632977001449	0.072238419177194063	0.002186588921282834	0	0	0.020732102364753237	0.3482345319080058	0.28895367670877625	0.0087463556851313361	0	0	0.0051830255911883092	0.087058632977001449	0.072238419177194063	0.002186588921282834	0	0	0	0	0	0	0	0	0	0	0	0	0	0	0
993	7.0806389233419909	0	0	0	0	0	0	0	0	0	0	0	0	8.0984774862275901e-05	0.041140265630061928	0.10795270489147979	0.017492711370262672	0	0	0.0003239390994491036	0.16456106252024771	0.43181081956591916	0.069970845481050689	0	0	8.0984774862275901e-05	0.041140265630061928	0.10795270489147979	0.017492711370262672	0	0	0	0	0	0	0	0	0	0	0	0	0	0	0
992	7.0806389233419909	0	0	0	0	0	0	0	0	0	0	0	0	0	0.010123096857791294	0.099449303530935243	0.056446388079041371	0.00064787819889877533	0	0	0.040492387431165178	0.39779721412374097	0.22578555231616548	0.0025915127955951013	0	0	0.010123096857791294	0.099449303530935243	0.056446388079041371	0.00064787819889877533	0	0	0	0	0	0	0	0	0	0	0	0	0	0
951	7.0806389233419909	0	0	0	0	0	0	0	0	0	0	0	0	0	0.00064787819889877533	0.056446388079041371	0.099449303530935243	0.010123096857791294	0	0	0.0025915127955951013	0.22578555231616548	0.39779721412374097	0.040492387431165178	0	0	0.00064787819889877533	0.056446388079041371	0.099449303530935243	0.010123096857791294	0	0	0	0	0	0	0	0	0	0	0	0	0	0
965	7.0806389233419909	0	0	0	0	0	0	0	0	0	0	0	0	0	0	0.017492711370262672	0.10795270489147979	0.041140265630061928	8.0984774862275901e-05	0	0	0.069970845481050689	0.43181081956591916	0.16456106252024771	0.0003239390994491036	0	0	0.017492711370262672	0.10795270489147979	0.041140265630061928	8.0984774862275901e-05	0	0	0	0	0	0	0	0	0	0	0	0	0
927	7.0806389233419909	0	0	0	0	0	0	0	0	0	0	0	0	0	0	0.002186588921282834	0.072238419177194063	0.087058632977001449	0.0051830255911883092	0	0	0.0087463556851313361	0.28895367670877625	0.3482345319080058	0.020732102364753237	0	0	0.002186588921282834	0.072238419177194063	0.087058632977001449	0.0051830255911883092	0	0	0	0	0	0	0	0	0	0	0	0	0
957	7.0806389233419909	0	0	0	0	0	0	0	0	0	0	0	0	0	0	0	0.027777777777776874	0.11111111111111291	0.027777777777776874	0	0	0	0.1111111111111075	0.44444444444445164	0.1111111111111075	0	0	0	0.027777777777776874	0.11111111111111291	0.027777777777776874	0	0	0	0	0	0	0	0	0	0	0	0	0
1499	7.1606389233419909	0	0	0	0	0	0	0	0	0	0	0	0	0.020249999999999341	0.081000000000001321	0.020249999999999341	0	0	0	0.10952777777777421	0.43811111111111822	0.10952777777777421	0	0	0	0.036861111111109908	0.14744444444444682	0.036861111111109908	0	0	0	2.7777777777776874e-05	0.00011111111111111292	2.7777777777776874e-05	0	0	0	0	0	0	0	0	0	1
1411	7.1606389233419909	0	0	0	0	0	0	0	0	0	0	0	0	0.0037784256559762778	0.063465743440234049	0.052661807580174476	0.001594023323615186	0	0	0.020436669906055506	0.3432721898283167	0.28483608681567624	0.0086217201166182145	0	0	0.0068778749595068862	0.11552680596048091	0.095860382248136533	0.0029016034985423207	0	0	5.1830255911883093e-06	8.705863297700144e-05	7.2238419177194076e-05	2.1865889212828339e-06	0	0	0	0	0	0	0	0	1
1462	7.1606389233419909	0	0	0	0	0	0	0	0	0	0	0	0	5.9037900874599132e-05	0.029991253644315149	0.07869752186588877	0.012752186588921488	0	0	0.00031932296728195389	0.16221606737933419	0.42565751538710483	0.068973760932945716	0	0	0.00010746679624224011	0.054593132491092183	0.14325323939099366	0.023212827988338566	0	0	8.0984774862275908e-08	4.1140265630061935e-05	0.00010795270489147978	1.7492711370262671e-05	0	0	0	0	0	0	0	0	1
1423	7.1606389233419909	0	0	0	0	0	0	0	0	0	0	0	0	0	0.0073797376093298539	0.072498542274051794	0.041149416909621157	0.00047230320699720722	0	0	0.039915370910271072	0.39212860382247766	0.22256810819566014	0.0025545837382578715	0	0	0.013433349530289046	0.13196922578555106	0.07490435698088789	0.00085973436993867487	0	0	1.0123096857791294e-05	9.9449303530935239e-05	5.644638807904137e-05	6.4787819889877531e-07	0	0	0	0	0	0	0	1
1453	7.1606389233419909	0	0	0	0	0	0	0	0	0	0	0	0	0	0.00047230320699720722	0.041149416909621157	0.072498542274051794	0.0073797376093298539	0	0	0.0025545837382578715	0.22256810819566014	0.39212860382247766	0.039915370910271072	0	0	0.00085973436993867487	0.07490435698088789	0.13196922578555106	0.013433349530289046	0	0	6.4787819889877531e-07	5.644638807904137e-05	9.9449303530935239e-05	1.0123096857791294e-05	0	0	0	0	0	0	0	1
1402	7.1606389233419909	0	0	0	0	0	0	0	0	0	0	0	0	0	0	0.012752186588921488	0.07869752186588877	0.029991253644315149	5.9037900874599132e-05	0	0	0.068973760932945716	0.42565751538710483	0.16221606737933419	0.00031932296728195389	0	0	0.023212827988338566	0.14325323939099366	0.054593132491092183	0.00010746679624224011	0	0	1.7492711370262671e-05	0.00010795270489147978	4.1140265630061935e-05	8.0984774862275908e-08	0	0	0	0	0	0	1
1382	7.1606389233419909	0	0	0	0	0	0	0	0	0	0	0	0	0	0	0.001594023323615186	0.052661807580174476	0.063465743440234049	0.0037784256559762778	0	0	0.0086217201166182145	0.28483608681567624	0.3432721898283167	0.020436669906055506	0	0	0.0029016034985423207	0.095860382248136533	0.11552680596048091	0.0068778749595068862	0	0	2.1865889212828339e-06	7.2238419177194076e-05	8.705863297700144e-05	5.1830255911883093e-06	0	0	0	0	0	0	1
1399	7.1606389233419909	0	0	0	0	0	0	0	0	0	0	0	0	0	0	0	0.020249999999999341	0.081000000000001321	0.020249999999999341	0	0	0	0.10952777777777421	0.43811111111111822	0.10952777777777421	0	0	0	0.036861111111109908	0.14744444444444682	0.036861111111109908	0	0	0	2.7777777777776874e-05	0.00011111111111111292	2.7777777777776874e-05	0	0	0	0	0	0	1
1169	7.1606389233419909	0	0	0	0	0	0	0	0	0	0	0	0	0.020249999999999341	0.081000000000001321	0.020249999999999341	0	0	0	0.10952777777777421	0.43811111111111822	0.10952777777777421	0	0	0	0.036861111111109908	0.14744444444444682	0.036861111111109908	0	0	0	2.7777777777776874e-05	0.00011111111111111292	2.7777777777776874e-05	0	0	0	0	0	0	0	0	0	0
1054	7.1606389233419909	0	0	0	0	0	0	0	0	0	0	0	0	0.0037784256559762778	0.063465743440234049	0.052661807580174476	0.001594023323615186	0	0	0.020436669906055506	0.3432721898283167	0.28483608681567624	0.0086217201166182145	0	0	0.0068778749595068862	0.11552680596048091	0.095860382248136533	0.0029016034985423207	0	0	5.1830255911883093e-06	8.705863297700144e-05	7.2238419177194076e-05	2.1865889212828339e-06	0	0	0	0	0	0	0	0	0
1120	7.1606389233419909	0	0	0	0	0	0	0	0	0	0	0	0	5.9037900874599132e-05	0.029991253644315149	0.07869752186588877	0.012752186588921488	0	0	0.00031932296728195389	0.16221606737933419	0.42565751538710483	0.068973760932945716	0	0	0.00010746679624224011	0.054593132491092183	0.14325323939099366	0.023212827988338566	0	0	8.0984774862275908e-08	4.1140265630061935e-05	0.00010795270489147978	1.7492711370262671e-05	0	0	0	0	0	0	0	0	0
1053	7.1606389233419909	0	0	0	0	0	0	0	0	0	0	0	0	0	0.0073797376093298539	0.072498542274051794	0.041149416909621157	0.00047230320699720722	0	0	0.039915370910271072	0.39212860382247766	0.22256810819566014	0.0025545837382578715	0	0	0.013433349530289046	0.13196922578555106	0.07490435698088789	0.00085973436993867487	0	0	1.0123096857791294e-05	9.9449303530935239e-05	5.644638807904137e-05	6.4787819889877531e-07	0	0	0	0	0	0	0	0
1017	7.1606389233419909	0	0	0	0	0	0	0	0	0	0	0	0	0	0.00047230320699720722	0.041149416909621157	0.072498542274051794	0.0073797376093298539	0	0	0.0025545837382578715	0.22256810819566014	0.39212860382247766	0.039915370910271072	0	0	0.00085973436993867487	0.07490435698088789	0.13196922578555106	0.013433349530289046	0	0	6.4787819889877531e-07	5.644638807904137e-05	9.9449303530935239e-05	1.0123096857791294e-05	0	0	0	0	0	0	0	0
1071	7.1606389233419909	0	0	0	0	0	0	0	0	0	0	0	0	0	0	0.012752186588921488	0.07869752186588877	0.029991253644315149	5.9037900874599132e-05	0	0	0.068973760932945716	0.42565751538710483	0.16221606737933419	0.00031932296728195389	0	0	0.023212827988338566	0.14325323939099366	0.054593132491092183	0.00010746679624224011	0	0	1.7492711370262671e-05	0.00010795270489147978	4.1140265630061935e-05	8.0984774862275908e-08	0	0	0	0	0	0	0
1051	7.1606389233419909	0	0	0	0	0	0	0	0	0	0	0	0	0	0	0.001594023323615186	0.052661807580174476	0.063465743440234049	0.0037784256559762778	0	0	0.0086217201166182145	0.28483608681567624	0.3432721898283167	0.020436669906055506	0	0	0.0029016034985423207	0.095860382248136533	0.11552680596048091	0.0068778749595068862	0	0	2.1865889212828339e-06	7.2238419177194076e-05	8.705863297700144e-05	5.1830255911883093e-06	0	0	0	0	0	0	0
1038	7.1606389233419909	0	0	0	0	0	0	0	0	0	0	0	0	0	0	0	0.020249999999999341	0.081000000000001321	0.020249999999999341	0	0	0	0.10952777777777421	0.43811111111111822	0.10952777777777421	0	0	0	0.036861111111109908	0.14744444444444682	0.036861111111109908	0	0	0	2.7777777777776874e-05	0.00011111111111111292	2.7777777777776874e-05	0	0	0	0	0	0	0
1601	7.240638923341991	0	0	0	0	0	0	0	0	0	0	0	0	0.01422222222222176	0.056888888888889814	0.01422222222222176	0	0	0	0.10511111111110769	0.42044444444445123	0.10511111111110769	0	0	0	0.047111111111109577	0.18844444444444752	0.047111111111109577	0	0	0	0.000222222222222215	0.00088888888888890335	0.000222222222222215	0	0	0	0	0	0	0	0	0	1
1602	7.240638923341991	0	0	0	0	0	0	0	0	0	0	0	0	0.0026537091026884144	0.044574020084224737	0.036986070618723367	0.001119533527696811	0	0	0.019612568837056563	0.32942986718497347	0.27335017816650237	0.0082740524781342445	0	0	0.008790411402655374	0.14765144152899445	0.12251635892452115	0.003708454810495687	0	0	4.1464204729506475e-05	0.00069646906381601152	0.00057790735341755261	1.7492711370262671e-05	0	0	0	0	0	0	0	0	1
1510	7.240638923341991	0	0	0	0	0	0	0	0	0	0	0	0	4.1464204729485265e-05	0.021063816002591711	0.055271784904437647	0.0089562682215744878	0	0	0.00030644638807885197	0.15567476514415435	0.40849303530935949	0.066192419825073956	0	0	0.00013735017816641994	0.06977389050858504	0.18308778749594973	0.029667638483965496	0	0	6.4787819889820727e-07	0.00032912212504049548	0.00086362163913183824	0.00013994169096210137	0	0	0	0	0	0	0	0	1
1497	7.240638923341991	0	0	0	0	0	0	0	0	0	0	0	0	0	0.0051830255911891427	0.050918043407838842	0.028900550696469181	0.00033171363783617296	0	0	0.038305798509882256	0.37631616456105893	0.21359313249109252	0.0024515711046329655	0	0	0.017168772270814037	0.16866601878846618	0.095733074182054165	0.0010988014253323231	0	0	8.0984774862330355e-05	0.00079559442824748191	0.00045157110463233096	5.1830255911902025e-06	0	0	0	0	0	0	0	1
1524	7.240638923341991	0	0	0	0	0	0	0	0	0	0	0	0	0	0.00033171363783617296	0.028900550696469181	0.050918043407838842	0.0051830255911891427	0	0	0.0024515711046329655	0.21359313249109252	0.37631616456105893	0.038305798509882256	0	0	0.0010988014253323231	0.095733074182054165	0.16866601878846618	0.017168772270814037	0	0	5.1830255911902025e-06	0.00045157110463233096	0.00079559442824748191	8.0984774862330355e-05	0	0	0	0	0	0	0	1
1528	7.240638923341991	0	0	0	0	0	0	0	0	0	0	0	0	0	0	0.0089562682215744878	0.055271784904437647	0.021063816002591711	4.1464204729485265e-05	0	0	0.066192419825073956	0.40849303530935949	0.15567476514415435	0.00030644638807885197	0	0	0.029667638483965496	0.18308778749594973	0.06977389050858504	0.00013735017816641994	0	0	0.00013994169096210137	0.00086362163913183824	0.00032912212504049548	6.4787819889820727e-07	0	0	0	0	0	0	1
1475	7.240638923341991	0	0	0	0	0	0	0	0	0	0	0	0	0	0	0.001119533527696811	0.036986070618723367	0.044574020084224737	0.0026537091026884144	0	0	0.0082740524781342445	0.27335017816650237	0.32942986718497347	0.019612568837056563	0	0	0.003708454810495687	0.12251635892452115	0.14765144152899445	0.008790411402655374	0	0	1.7492711370262671e-05	0.00057790735341755261	0.00069646906381601152	4.1464204729506475e-05	0	0	0	0	0	0	1
1465	7.240638923341991	0	0	0	0	0	0	0	0	0	0	0	0	0	0	0	0.01422222222222176	0.056888888888889814	0.01422222222222176	0	0	0	0.10511111111110769	0.42044444444445123	0.10511111111110769	0	0	0	0.047111111111109577	0.18844444444444752	0.047111111111109577	0	0	0	0.000222222222222215	0.00088888888888890335	0.000222222222222215	0	0	0	0	0	0	1
1203	7.240638923341991	0	0	0	0	0	0	0	0	0	0	0	0	0.01422222222222176	0.056888888888889814	0.01422222222222176	0	0	0	0.10511111111110769	0.42044444444445123	0.10511111111110769	0	0	0	0.047111111111109577	0.18844444444444752	0.047111111111109577	0	0	0	0.000222222222222215	0.00088888888888890335	0.000222222222222215	0	0	0	0	0	0	0	0	0	0
1183	7.240638923341991	0	0	0	0	0	0	0	0	0	0	0	0	0.0026537091026884144	0.044574020084224737	0.036986070618723367	0.001119533527696811	0	0	0.019612568837056563	0.32942986718497347	0.27335017816650237	0.0082740524781342445	0	0	0.008790411402655374	0.14765144152899445	0.12251635892452115	0.003708454810495687	0	0	4.1464204729506475e-05	0.00069646906381601152	0.00057790735341755261	1.7492711370262671e-05	0	0	0	0	0	0	0	0	0
1102	7.240638923341991	0	0	0	0	0	0	0	0	0	0	0	0	4.1464204729485265e-05	0.021063816002591711	0.055271784904437647	0.0089562682215744878	0	0	0.00030644638807885197	0.15567476514415435	0.40849303530935949	0.066192419825073956	0	0	0.00013735017816641994	0.06977389050858504	0.18308778749594973	0.029667638483965496	0	0	6.4787819889820727e-07	0.00032912212504049548	0.00086362163913183824	0.00013994169096210137	0	0	0	0	0	0	0	0	0
1160	7.240638923341991	0	0	0	0	0	0	0	0	0	0	0	0	0	0.0051830255911891427	0.050918043407838842	0.028900550696469181	0.00033171363783617296	0	0	0.038305798509882256	0.37631616456105893	0.21359313249109252	0.0024515711046329655	0	0	0.017168772270814037	0.16866601878846618	0.095733074182054165	0.0010988014253323231	0	0	8.0984774862330355e-05	0.00079559442824748191	0.00045157110463233096	5.1830255911902025e-06	0	0	0	0	0	0	0	0
1126	7.240638923341991	0	0	0	0	0	0	0	0	0	0	0	0	0	0.00033171363783617296	0.028900550696469181	0.050918043407838842	0.0051830255911891427	0	0	0.0024515711046329655	0.21359313249109252	0.37631616456105893	0.038305798509882256	0	0	0.0010988014253323231	0.095733074182054165	0.16866601878846618	0.017168772270814037	0	0	5.1830255911902025e-06	0.00045157110463233096	0.00079559442824748191	8.0984774862330355e-05	0	0	0	0	0	0	0	0
1164	7.240638923341991	0	0	0	0	0	0	0	0	0	0	0	0	0	0	0.0089562682215744878	0.055271784904437647	0.021063816002591711	4.1464204729485265e-05	0	0	0.066192419825073956	0.40849303530935949	0.15567476514415435	0.00030644638807885197	0	0	0.029667638483965496	0.18308778749594973	0.06977389050858504	0.00013735017816641994	0	0	0.00013994169096210137	0.00086362163913183824	0.00032912212504049548	6.4787819889820727e-07	0	0	0	0	0	0	0
1081	7.240638923341991	0	0	0	0	0	0	0	0	0	0	0	0	0	0	0.001119533527696811	0.036986070618723367	0.044574020084224737	0.0026537091026884144	0	0	0.0082740524781342445	0.27335017816650237	0.32942986718497347	0.019612568837056563	0	0	0.003708454810495687	0.12251635892452115	0.14765144152899445	0.008790411402655374	0	0	1.7492711370262671e-05	0.00057790735341755261	0.00069646906381601152	4.1464204729506475e-05	0	0	0	0	0	0	0
1076	7.240638923341991	0	0	0	0	0	0	0	0	0	0	0	0	0	0	0	0.01422222222222176	0.056888888888889814	0.01422222222222176	0	0	0	0.10511111111110769	0.42044444444445123	0.10511111111110769	0	0	0	0.047111111111109577	0.18844444444444752	0.047111111111109577	0	0	0	0.000222222222222215	0.00088888888888890335	0.000222222222222215	0	0	0	0	0	0	0
1728	7.3206389233419911	0	0	0	0	0	0	0	0	0	0	0	0	0.0095277777777774686	0.038111111111111734	0.0095277777777774686	0	0	0	0.098361111111107916	0.39344444444445087	0.098361111111107916	0	0	0	0.058027777777775909	0.23211111111111496	0.058027777777775909	0	0	0	0.00074999999999997584	0.0030000000000000499	0.00074999999999997584	0	0	0	0	0	0	0	0	0	1
1730	7.3206389233419911	0	0	0	0	0	0	0	0	0	0	0	0	0.0017777777777775903	0.029861111111111498	0.024777777777777569	0.00075000000000001216	0	0	0.018353093618397806	0.30827461937156214	0.25579624230644421	0.007742711370262517	0	0	0.010827340459992382	0.1818654842889561	0.15090605766115847	0.004567784256559842	0	0	0.0001399416909620844	0.00235058309037904	0.0019504373177842405	5.9037900874636544e-05	0	0	0	0	0	0	0	0	1
1708	7.3206389233419911	0	0	0	0	0	0	0	0	0	0	0	0	2.7777777777760639e-05	0.014111111111111244	0.037027777777777569	0.0060000000000000973	0	0	0.00028676708778731903	0.14567768059604932	0.38226052802072996	0.061941690962100136	0	0	0.00016917719468729443	0.085942014901199404	0.22551320051830137	0.036542274052478736	0	0	2.1865889212814503e-06	0.0011107871720116725	0.0029147230320699553	0.00047230320699709235	0	0	0	0	0	0	0	0	1
1709	7.3206389233419911	0	0	0	0	0	0	0	0	0	0	0	0	0	0.0034722222222224142	0.034111111111110794	0.01936111111111119	0.00022222222222227997	0	0	0.035845885973438976	0.35214998380304174	0.19987666018788552	0.0022941367023005636	0	0	0.02114714933592602	0.20774959507612381	0.11791650469711747	0.0013534175574995422	0	0	0.00027332361516036504	0.0026851311953352526	0.0015240524781341175	1.7492711370266941e-05	0	0	0	0	0	0	0	1
1673	7.3206389233419911	0	0	0	0	0	0	0	0	0	0	0	0	0	0.00022222222222227997	0.01936111111111119	0.034111111111110794	0.0034722222222224142	0	0	0.0022941367023005636	0.19987666018788552	0.35214998380304174	0.035845885973438976	0	0	0.0013534175574995422	0.11791650469711747	0.20774959507612381	0.02114714933592602	0	0	1.7492711370266941e-05	0.0015240524781341175	0.0026851311953352526	0.00027332361516036504	0	0	0	0	0	0	0	1
1645	7.3206389233419911	0	0	0	0	0	0	0	0	0	0	0	0	0	0	0.0060000000000000973	0.037027777777777569	0.014111111111111244	2.7777777777760639e-05	0	0	0.061941690962100136	0.38226052802072996	0.14567768059604932	0.00028676708778731903	0	0	0.036542274052478736	0.22551320051830137	0.085942014901199404	0.00016917719468729443	0	0	0.00047230320699709235	0.0029147230320699553	0.0011107871720116725	2.1865889212814503e-06	0	0	0	0	0	0	1
1647	7.3206389233419911	0	0	0	0	0	0	0	0	0	0	0	0	0	0	0.00075000000000001216	0.024777777777777569	0.029861111111111498	0.0017777777777775903	0	0	0.007742711370262517	0.25579624230644421	0.30827461937156214	0.018353093618397806	0	0	0.004567784256559842	0.15090605766115847	0.1818654842889561	0.010827340459992382	0	0	5.9037900874636544e-05	0.0019504373177842405	0.00235058309037904	0.0001399416909620844	0	0	0	0	0	0	1
1624	7.3206389233419911	0	0	0	0	0	0	0	0	0	0	0	0	0	0	0	0.0095277777777774686	0.038111111111111734	0.0095277777777774686	0	0	0	0.098361111111107916	0.39344444444445087	0.098361111111107916	0	0	0	0.058027777777775909	0.23211111111111496	0.058027777777775909	0	0	0	0.00074999999999997584	0.0030000000000000499	0.00074999999999997584	0	0	0	0	0	0	1
1236	7.3206389233419911	0	0	0	0	0	0	0	0	0	0	0	0	0.0095277777777774686	0.038111111111111734	0.0095277777777774686	0	0	0	0.098361111111107916	0.39344444444445087	0.098361111111107916	0	0	0	0.058027777777775909	0.23211111111111496	0.058027777777775909	0	0	0	0.00074999999999997584	0.0030000000000000499	0.00074999999999997584	0	0	0	0	0	0	0	0	0	0
1244	7.3206389233419911	0	0	0	0	0	0	0	0	0	0	0	0	0.0017777777777775903	0.029861111111111498	0.024777777777777569	0.00075000000000001216	0	0	0.018353093618397806	0.30827461937156214	0.25579624230644421	0.007742711370262517	0	0	0.010827340459992382	0.1818654842889561	0.15090605766115847	0.004567784256559842	0	0	0.0001399416909620844	0.00235058309037904	0.0019504373177842405	5.9037900874636544e-05	0	0	0	0	0	0	0	0	0
1280	7.3206389233419911	0	0	0	0	0	0	0	0	0	0	0	0	2.7777777777760639e-05	0.014111111111111244	0.037027777777777569	0.0060000000000000973	0	0	0.00028676708778731903	0.14567768059604932	0.38226052802072996	0.061941690962100136	0	0	0.00016917719468729443	0.085942014901199404	0.22551320051830137	0.036542274052478736	0	0	2.1865889212814503e-06	0.0011107871720116725	0.0029147230320699553	0.00047230320699709235	0	0	0	0	0	0	0	0	0
1215	7.3206389233419911	0	0	0	0	0	0	0	0	0	0	0	0	0	0.0034722222222224142	0.034111111111110794	0.01936111111111119	0.00022222222222227997	0	0	0.035845885973438976	0.35214998380304174	0.19987666018788552	0.0022941367023005636	0	0	0.02114714933592602	0.20774959507612381	0.11791650469711747	0.0013534175574995422	0	0	0.00027332361516036504	0.0026851311953352526	0.0015240524781341175	1.7492711370266941e-05	0	0	0	0	0	0	0	0
1269	7.3206389233419911	0	0	0	0	0	0	0	0	0	0	0	0	0	0.00022222222222227997	0.01936111111111119	0.034111111111110794	0.0034722222222224142	0	0	0.0022941367023005636	0.19987666018788552	0.35214998380304174	0.035845885973438976	0	0	0.0013534175574995422	0.11791650469711747	0.20774959507612381	0.02114714933592602	0	0	1.7492711370266941e-05	0.0015240524781341175	0.0026851311953352526	0.00027332361516036504	0	0	0	0	0	0	0	0
1203	7.3206389233419911	0	0	0	0	0	0	0	0	0	0	0	0	0	0	0.0060000000000000973	0.037027777777777569	0.014111111111111244	2.7777777777760639e-05	0	0	0.061941690962100136	0.38226052802072996	0.14567768059604932	0.00028676708778731903	0	0	0.036542274052478736	0.22551320051830137	0.085942014901199404	0.00016917719468729443	0	0	0.00047230320699709235	0.0029147230320699553	0.0011107871720116725	2.1865889212814503e-06	0	0	0	0	0	0	0
1156	7.3206389233419911	0	0	0	0	0	0	0	0	0	0	0	0	0	0	0.00075000000000001216	0.024777777777777569	0.029861111111111498	0.0017777777777775903	0	0	0.007742711370262517	0.25579624230644421	0.30827461937156214	0.018353093618397806	0	0	0.004567784256559842	0.15090605766115847	0.1818654842889561	0.010827340459992382	0	0	5.9037900874636544e-05	0.0019504373177842405	0.00235058309037904	0.0001399416909620844	0	0	0	0	0	0	0
1182	7.3206389233419911	0	0	0	0	0	0	0	0	0	0	0	0	0	0	0	0.0095277777777774686	0.038111111111111734	0.0095277777777774686	0	0	0	0.098361111111107916	0.39344444444445087	0.098361111111107916	0	0	0	0.058027777777775909	0.23211111111111496	0.058027777777775909	0	0	0	0.00074999999999997584	0.0030000000000000499	0.00074999999999997584	0	0	0	0	0	0	0
1863	7.4006389233419911	0	0	0	0	0	0	0	0	0	0	0	0	0.0059999999999998067	0.024000000000000399	0.0059999999999998067	0	0	0	0.089777777777774875	0.35911111111111699	0.089777777777774875	0	0	0	0.069111111111108875	0.27644444444444899	0.069111111111108875	0	0	0	0.00177777777777772	0.0071111111111112268	0.00177777777777772	0	0	0	0	0	0	0	0	0	1
1893	7.4006389233419911	0	0	0	0	0	0	0	0	0	0	0	0	0.0011195335276966752	0.01880466472303232	0.015603498542273924	0.00047230320699709235	0	0	0.016751538710720621	0.2813735017816687	0.23347457078069128	0.0070670553935861212	0	0	0.012895367670876517	0.21660187884677964	0.17972918691285888	0.005440233236151692	0	0	0.0003317136378360518	0.0055717525105280922	0.0046232588273404209	0.00013994169096210137	0	0	0	0	0	0	0	0	1
1823	7.4006389233419911	0	0	0	0	0	0	0	0	0	0	0	0	1.7492711370251602e-05	0.00888629737609338	0.023317784256559643	0.0037784256559767388	0	0	0.00026174279235487575	0.13296533851636019	0.34890314220926272	0.05653644314868897	0	0	0.0002014901198573425	0.10235698088759411	0.26858632977000174	0.043521865889213536	0	0	5.1830255911856581e-06	0.0026329770003239638	0.0069089731130547059	0.001119533527696811	0	0	0	0	0	0	0	0	1
1765	7.4006389233419911	0	0	0	0	0	0	0	0	0	0	0	0	0	0.0021865889212829203	0.021481049562682021	0.01219241982507294	0.00013994169096213552	0	0	0.032717849044381471	0.32142014901198274	0.18243472627146173	0.0020939423388408422	0	0	0.025186264982184747	0.24742986718496693	0.14043861354065496	0.0016119209588601534	0	0	0.00064787819889864284	0.0063647554259798553	0.0036125688370586477	4.146420472952162e-05	0	0	0	0	0	0	0	1
1753	7.4006389233419911	0	0	0	0	0	0	0	0	0	0	0	0	0	0.00013994169096213552	0.01219241982507294	0.021481049562682021	0.0021865889212829203	0	0	0.0020939423388408422	0.18243472627146173	0.32142014901198274	0.032717849044381471	0	0	0.0016119209588601534	0.14043861354065496	0.24742986718496693	0.025186264982184747	0	0	4.146420472952162e-05	0.0036125688370586477	0.0063647554259798553	0.00064787819889864284	0	0	0	0	0	0	0	1
1794	7.4006389233419911	0	0	0	0	0	0	0	0	0	0	0	0	0	0	0.0037784256559767388	0.023317784256559643	0.00888629737609338	1.7492711370251602e-05	0	0	0.05653644314868897	0.34890314220926272	0.13296533851636019	0.00026174279235487575	0	0	0.043521865889213536	0.26858632977000174	0.10235698088759411	0.0002014901198573425	0	0	0.001119533527696811	0.0069089731130547059	0.0026329770003239638	5.1830255911856581e-06	0	0	0	0	0	0	1
1707	7.4006389233419911	0	0	0	0	0	0	0	0	0	0	0	0	0	0	0.00047230320699709235	0.015603498542273924	0.01880466472303232	0.0011195335276966752	0	0	0.0070670553935861212	0.23347457078069128	0.2813735017816687	0.016751538710720621	0	0	0.005440233236151692	0.17972918691285888	0.21660187884677964	0.012895367670876517	0	0	0.00013994169096210137	0.0046232588273404209	0.0055717525105280922	0.0003317136378360518	0	0	0	0	0	0	1
1740	7.4006389233419911	0	0	0	0	0	0	0	0	0	0	0	0	0	0	0	0.0059999999999998067	0.024000000000000399	0.0059999999999998067	0	0	0	0.089777777777774875	0.35911111111111699	0.089777777777774875	0	0	0	0.069111111111108875	0.27644444444444899	0.069111111111108875	0	0	0	0.00177777777777772	0.0071111111111112268	0.00177777777777772	0	0	0	0	0	0	1
1406	7.4006389233419911	0	0	0	0	0	0	0	0	0	0	0	0	0.0059999999999998067	0.024000000000000399	0.0059999999999998067	0	0	0	0.089777777777774875	0.35911111111111699	0.089777777777774875	0	0	0	0.069111111111108875	0.27644444444444899	0.069111111111108875	0	0	0	0.00177777777777772	0.0071111111111112268	0.00177777777777772	0	0	0	0	0	0	0	0	0	0
1368	7.4006389233419911	0	0	0	0	0	0	0	0	0	0	0	0	0.0011195335276966752	0.01880466472303232	0.015603498542273924	0.00047230320699709235	0	0	0.016751538710720621	0.2813735017816687	0.23347457078069128	0.0070670553935861212	0	0	0.012895367670876517	0.21660187884677964	0.17972918691285888	0.005440233236151692	0	0	0.0003317136378360518	0.0055717525105280922	0.0046232588273404209	0.00013994169096210137	0	0	0	0	0	0	0	0	0
1397	7.4006389233419911	0	0	0	0	0	0	0	0	0	0	0	0	1.7492711370251602e-05	0.00888629737609338	0.023317784256559643	0.0037784256559767388	0	0	0.00026174279235487575	0.13296533851636019	0.34890314220926272	0.05653644314868897	0	0	0.0002014901198573425	0.10235698088759411	0.26858632977000174	0.043521865889213536	0	0	5.1830255911856581e-06	0.0026329770003239638	0.0069089731130547059	0.001119533527696811	0	0	0	0	0	0	0	0	0
1397	7.4006389233419911	0	0	0	0	0	0	0	0	0	0	0	0	0	0.0021865889212829203	0.021481049562682021	0.01219241982507294	0.00013994169096213552	0	0	0.032717849044381471	0.32142014901198274	0.18243472627146173	0.0020939423388408422	0	0	0.025186264982184747	0.24742986718496693	0.14043861354065496	0.0016119209588601534	0	0	0.00064787819889864284	0.0063647554259798553	0.0036125688370586477	4.146420472952162e-05	0	0	0	0	0	0	0	0
1311	7.4006389233419911	0	0	0	0	0	0	0	0	0	0	0	0	0	0.00013994169096213552	0.01219241982507294	0.021481049562682021	0.0021865889212829203	0	0	0.0020939423388408422	0.18243472627146173	0.32142014901198274	0.032717849044381471	0	0	0.0016119209588601534	0.14043861354065496	0.24742986718496693	0.025186264982184747	0	0	4.146420472952162e-05	0.0036125688370586477	0.0063647554259798553	0.00064787819889864284	0	0	0	0	0	0	0	0
1288	7.4006389233419911	0	0	0	0	0	0	0	0	0	0	0	0	0	0	0.0037784256559767388	0.023317784256559643	0.00888629737609338	1.7492711370251602e-05	0	0	0.05653644314868897	0.34890314220926272	0.13296533851636019	0.00026174279235487575	0	0	0.043521865889213536	0.26858632977000174	0.10235698088759411	0.0002014901198573425	0	0	0.001119533527696811	0.0069089731130547059	0.0026329770003239638	5.1830255911856581e-06	0	0	0	0	0	0	0
1303	7.4006389233419911	0	0	0	0	0	0	0	0	0	0	0	0	0	0	0.00047230320699709235	0.015603498542273924	0.01880466472303232	0.0011195335276966752	0	0	0.0070670553935861212	0.23347457078069128	0.2813735017816687	0.016751538710720621	0	0	0.005440233236151692	0.17972918691285888	0.21660187884677964	0.012895367670876517	0	0	0.00013994169096210137	0.0046232588273404209	0.0055717525105280922	0.0003317136378360518	0	0	0	0	0	0	0
1338	7.4006389233419911	0	0	0	0	0	0	0	0	0	0	0	0	0	0	0	0.0059999999999998067	0.024000000000000399	0.0059999999999998067	0	0	0	0.089777777777774875	0.35911111111111699	0.089777777777774875	0	0	0	0.069111111111108875	0.27644444444444899	0.069111111111108875	0	0	0	0.00177777777777772	0.0071111111111112268	0.00177777777777772	0	0	0	0	0	0	0
1988	7.4806389233419912	0	0	0	0	0	0	0	0	0	0	0	0	0.0034722222222221093	0.013888888888889114	0.0034722222222221093	0	0	0	0.07986111111110851	0.31944444444444964	0.07986111111110851	0	0	0	0.07986111111110851	0.31944444444444964	0.07986111111110851	0	0	0	0.0034722222222221093	0.013888888888889114	0.0034722222222221093	0	0	0	0	0	0	0	0	0	1
2058	7.4806389233419912	0	0	0	0	0	0	0	0	0	0	0	0	0.00064787819889853865	0.010882329122125181	0.0090298023971492579	0.00027332361516035425	0	0	0.014901198574666392	0.25029356980887918	0.20768545513443296	0.0062864431486881487	0	0	0.014901198574666392	0.25029356980887918	0.20768545513443296	0.0062864431486881487	0	0	0.00064787819889853865	0.010882329122125181	0.0090298023971492579	0.00027332361516035425	0	0	0	0	0	0	0	0	1
1956	7.4806389233419912	0	0	0	0	0	0	0	0	0	0	0	0	1.0123096857784488e-05	0.0051425332037577411	0.013494088111434974	0.002186588921282834	0	0	0.00023283122772904324	0.11827826368642806	0.31036402656300438	0.050291545189505189	0	0	0.00023283122772904324	0.11827826368642806	0.31036402656300438	0.050291545189505189	0	0	1.0123096857784488e-05	0.0051425332037577411	0.013494088111434974	0.002186588921282834	0	0	0	0	0	0	0	0	1
2012	7.4806389233419912	0	0	0	0	0	0	0	0	0	0	0	0	0	0.0012653871072239118	0.012431162941366905	0.0070557985098801713	8.0984774862346916e-05	0	0	0.029103903466149973	0.28591674765143887	0.16228336572724394	0.0018626498218339792	0	0	0.029103903466149973	0.28591674765143887	0.16228336572724394	0.0018626498218339792	0	0	0.0012653871072239118	0.012431162941366905	0.0070557985098801713	8.0984774862346916e-05	0	0	0	0	0	0	0	1
1952	7.4806389233419912	0	0	0	0	0	0	0	0	0	0	0	0	0	8.0984774862346916e-05	0.0070557985098801713	0.012431162941366905	0.0012653871072239118	0	0	0.0018626498218339792	0.16228336572724394	0.28591674765143887	0.029103903466149973	0	0	0.0018626498218339792	0.16228336572724394	0.28591674765143887	0.029103903466149973	0	0	8.0984774862346916e-05	0.0070557985098801713	0.012431162941366905	0.0012653871072239118	0	0	0	0	0	0	0	1
1928	7.4806389233419912	0	0	0	0	0	0	0	0	0	0	0	0	0	0	0.002186588921282834	0.013494088111434974	0.0051425332037577411	1.0123096857784488e-05	0	0	0.050291545189505189	0.31036402656300438	0.11827826368642806	0.00023283122772904324	0	0	0.050291545189505189	0.31036402656300438	0.11827826368642806	0.00023283122772904324	0	0	0.002186588921282834	0.013494088111434974	0.0051425332037577411	1.0123096857784488e-05	0	0	0	0	0	0	1
1868	7.4806389233419912	0	0	0	0	0	0	0	0	0	0	0	0	0	0	0.00027332361516035425	0.0090298023971492579	0.010882329122125181	0.00064787819889853865	0	0	0.0062864431486881487	0.20768545513443296	0.25029356980887918	0.014901198574666392	0	0	0.0062864431486881487	0.20768545513443296	0.25029356980887918	0.014901198574666392	0	0	0.00027332361516035425	0.0090298023971492579	0.010882329122125181	0.00064787819889853865	0	0	0	0	0	0	1
1851	7.4806389233419912	0	0	0	0	0	0	0	0	0	0	0	0	0	0	0	0.0034722222222221093	0.013888888888889114	0.0034722222222221093	0	0	0	0.07986111111110851	0.31944444444444964	0.07986111111110851	0	0	0	0.07986111111110851	0.31944444444444964	0.07986111111110851	0	0	0	0.0034722222222221093	0.013888888888889114	0.0034722222222221093	0	0	0	0	0	0	1
1530	7.4806389233419912	0	0	0	0	0	0	0	0	0	0	0	0	0.0034722222222221093	0.013888888888889114	0.0034722222222221093	0	0	0	0.07986111111110851	0.31944444444444964	0.07986111111110851	0	0	0	0.07986111111110851	0.31944444444444964	0.07986111111110851	0	0	0	0.0034722222222221093	0.013888888888889114	0.0034722222222221093	0	0	0	0	0	0	0	0	0	0
1492	7.4806389233419912	0	0	0	0	0	0	0	0	0	0	0	0	0.00064787819889853865	0.010882329122125181	0.0090298023971492579	0.00027332361516035425	0	0	0.014901198574666392	0.25029356980887918	0.20768545513443296	0.0062864431486881487	0	0	0.014901198574666392	0.25029356980887918	0.20768545513443296	0.0062864431486881487	0	0	0.00064787819889853865	0.010882329122125181	0.0090298023971492579	0.00027332361516035425	0	0	0	0	0	0	0	0	0
1434	7.4806389233419912	0	0	0	0	0	0	0	0	0	0	0	0	1.0123096857784488e-05	0.0051425332037577411	0.013494088111434974	0.002186588921282834	0	0	0.00023283122772904324	0.11827826368642806	0.31036402656300438	0.050291545189505189	0	0	0.00023283122772904324	0.11827826368642806	0.31036402656300438	0.050291545189505189	0	0	1.0123096857784488e-05	0.0051425332037577411	0.013494088111434974	0.002186588921282834	0	0	0	0	0	0	0	0	0
1434	7.4806389233419912	0	0	0	0	0	0	0	0	0	0	0	0	0	0.0012653871072239118	0.012431162941366905	0.0070557985098801713	8.0984774862346916e-05	0	0	0.029103903466149973	0.28591674765143887	0.16228336572724394	0.0018626498218339792	0	0	0.029103903466149973	0.28591674765143887	0.16228336572724394	0.0018626498218339792	0	0	0.0012653871072239118	0.012431162941366905	0.0070557985098801713	8.0984774862346916e-05	0	0	0	0	0	0	0	0
1448	7.4806389233419912	0	0	0	0	0	0	0	0	0	0	0	0	0	8.0984774862346916e-05	0.0070557985098801713	0.012431162941366905	0.0012653871072239118	0	0	0.0018626498218339792	0.16228336572724394	0.28591674765143887	0.029103903466149973	0	0	0.0018626498218339792	0.16228336572724394	0.28591674765143887	0.029103903466149973	0	0	8.0984774862346916e-05	0.0070557985098801713	0.012431162941366905	0.0012653871072239118	0	0	0	0	0	0	0	0
1373	7.4806389233419912	0	0	0	0	0	0	0	0	0	0	0	0	0	0	0.002186588921282834	0.013494088111434974	0.0051425332037577411	1.0123096857784488e-05	0	0	0.050291545189505189	0.31036402656300438	0.11827826368642806	0.00023283122772904324	0	0	0.050291545189505189	0.31036402656300438	0.11827826368642806	0.00023283122772904324	0	0	0.002186588921282834	0.013494088111434974	0.0051425332037577411	1.0123096857784488e-05	0	0	0	0	0	0	0
1403	7.4806389233419912	0	0	0	0	0	0	0	0	0	0	0	0	0	0	0.00027332361516035425	0.0090298023971492579	0.010882329122125181	0.00064787819889853865	0	0	0.0062864431486881487	0.20768545513443296	0.25029356980887918	0.014901198574666392	0	0	0.0062864431486881487	0.20768545513443296	0.25029356980887918	0.014901198574666392	0	0	0.00027332361516035425	0.0090298023971492579	0.010882329122125181	0.00064787819889853865	0	0	0	0	0	0	0
1415	7.4806389233419912	0	0	0	0	0	0	0	0	0	0	0	0	0	0	0	0.0034722222222221093	0.013888888888889114	0.0034722222222221093	0	0	0	0.07986111111110851	0.31944444444444964	0.07986111111110851	0	0	0	0.07986111111110851	0.31944444444444964	0.07986111111110851	0	0	0	0.0034722222222221093	0.013888888888889114	0.0034722222222221093	0	0	0	0	0	0	0
2180	7.5606389233419913	0	0	0	0	0	0	0	0	0	0	0	0	0.00177777777777772	0.0071111111111112268	0.00177777777777772	0	0	0	0.069111111111108875	0.27644444444444899	0.069111111111108875	0	0	0	0.089777777777774875	0.35911111111111699	0.089777777777774875	0	0	0	0.0059999999999998067	0.024000000000000399	0.0059999999999998067	0	0	0	0	0	0	0	0	0	1
2280	7.5606389233419913	0	0	0	0	0	0	0	0	0	0	0	0	0.0003317136378360518	0.0055717525105280922	0.0046232588273404209	0.00013994169096210137	0	0	0.012895367670876517	0.21660187884677964	0.17972918691285888	0.005440233236151692	0	0	0.016751538710720621	0.2813735017816687	0.23347457078069128	0.0070670553935861212	0	0	0.0011195335276966752	0.01880466472303232	0.015603498542273924	0.00047230320699709235	0	0	0	0	0	0	0	0	1
2178	7.5606389233419913	0	0	0	0	0	0	0	0	0	0	0	0	5.1830255911856581e-06	0.0026329770003239638	0.0069089731130547059	0.001119533527696811	0	0	0.0002014901198573425	0.10235698088759411	0.26858632977000174	0.043521865889213536	0	0	0.00026174279235487575	0.13296533851636019	0.34890314220926272	0.05653644314868897	0	0	1.7492711370251602e-05	0.00888629737609338	0.023317784256559643	0.0037784256559767388	0	0	0	0	0	0	0	0	1
2168	7.5606389233419913	0	0	0	0	0	0	0	0	0	0	0	0	0	0.00064787819889864284	0.0063647554259798553	0.0036125688370586477	4.146420472952162e-05	0	0	0.025186264982184747	0.24742986718496693	0.14043861354065496	0.0016119209588601534	0	0	0.032717849044381471	0.32142014901198274	0.18243472627146173	0.0020939423388408422	0	0	0.0021865889212829203	0.021481049562682021	0.01219241982507294	0.00013994169096213552	0	0	0	0	0	0	0	1
2116	7.5606389233419913	0	0	0	0	0	0	0	0	0	0	0	0	0	4.146420472952162e-05	0.0036125688370586477	0.0063647554259798553	0.00064787819889864284	0	0	0.0016119209588601534	0.14043861354065496	0.24742986718496693	0.025186264982184747	0	0	0.0020939423388408422	0.18243472627146173	0.32142014901198274	0.032717849044381471	0	0	0.00013994169096213552	0.01219241982507294	0.021481049562682021	0.0021865889212829203	0	0	0	0	0	0	0	1
2035	7.5606389233419913	0	0	0	0	0	0	0	0	0	0	0	0	0	0	0.001119533527696811	0.0069089731130547059	0.0026329770003239638	5.1830255911856581e-06	0	0	0.043521865889213536	0.26858632977000174	0.10235698088759411	0.0002014901198573425	0	0	0.05653644314868897	0.34890314220926272	0.13296533851636019	0.00026174279235487575	0	0	0.0037784256559767388	0.023317784256559643	0.00888629737609338	1.7492711370251602e-05	0	0	0	0	0	0	1
2052	7.5606389233419913	0	0	0	0	0	0	0	0	0	0	0	0	0	0	0.00013994169096210137	0.0046232588273404209	0.0055717525105280922	0.0003317136378360518	0	0	0.005440233236151692	0.17972918691285888	0.21660187884677964	0.012895367670876517	0	0	0.0070670553935861212	0.23347457078069128	0.2813735017816687	0.016751538710720621	0	0	0.00047230320699709235	0.015603498542273924	0.01880466472303232	0.0011195335276966752	0	0	0	0	0	0	1
2012	7.5606389233419913	0	0	0	0	0	0	0	0	0	0	0	0	0	0	0	0.00177777777777772	0.0071111111111112268	0.00177777777777772	0	0	0	0.069111111111108875	0.27644444444444899	0.069111111111108875	0	0	0	0.089777777777774875	0.35911111111111699	0.089777777777774875	0	0	0	0.0059999999999998067	0.024000000000000399	0.0059999999999998067	0	0	0	0	0	0	1
1632	7.5606389233419913	0	0	0	0	0	0	0	0	0	0	0	0	0.00177777777777772	0.0071111111111112268	0.00177777777777772	0	0	0	0.069111111111108875	0.27644444444444899	0.069111111111108875	0	0	0	0.089777777777774875	0.35911111111111699	0.089777777777774875	0	0	0	0.0059999999999998067	0.024000000000000399	0.0059999999999998067	0	0	0	0	0	0	0	0	0	0
1625	7.5606389233419913	0	0	0	0	0	0	0	0	0	0	0	0	0.0003317136378360518	0.0055717525105280922	0.0046232588273404209	0.00013994169096210137	0	0	0.012895367670876517	0.21660187884677964	0.17972918691285888	0.005440233236151692	0	0	0.016751538710720621	0.2813735017816687	0.23347457078069128	0.0070670553935861212	0	0	0.0011195335276966752	0.01880466472303232	0.015603498542273924	0.00047230320699709235	0	0	0	0	0	0	0	0	0
1553	7.5606389233419913	0	0	0	0	0	0	0	0	0	0	0	0	5.1830255911856581e-06	0.0026329770003239638	0.0069089731130547059	0.001119533527696811	0	0	0.0002014901198573425	0.10235698088759411	0.26858632977000174	0.043521865889213536	0	0	0.00026174279235487575	0.13296533851636019	0.34890314220926272	0.05653644314868897	0	0	1.7492711370251602e-05	0.00888629737609338	0.023317784256559643	0.0037784256559767388	0	0	0	0	0	0	0	0	0
1549	7.5606389233419913	0	0	0	0	0	0	0	0	0	0	0	0	0	0.00064787819889864284	0.0063647554259798553	0.0036125688370586477	4.146420472952162e-05	0	0	0.025186264982184747	0.24742986718496693	0.14043861354065496	0.0016119209588601534	0	0	0.032717849044381471	0.32142014901198274	0.18243472627146173	0.0020939423388408422	0	0	0.0021865889212829203	0.021481049562682021	0.01219241982507294	0.00013994169096213552	0	0	0	0	0	0	0	0
1598	7.5606389233419913	0	0	0	0	0	0	0	0	0	0	0	0	0	4.146420472952162e-05	0.0036125688370586477	0.0063647554259798553	0.00064787819889864284	0	0	0.0016119209588601534	0.14043861354065496	0.24742986718496693	0.025186264982184747	0	0	0.0020939423388408422	0.18243472627146173	0.32142014901198274	0.032717849044381471	0	0	0.00013994169096213552	0.01219241982507294	0.021481049562682021	0.0021865889212829203	0	0	0	0	0	0	0	0
1489	7.5606389233419913	0	0	0	0	0	0	0	0	0	0	0	0	0	0	0.001119533527696811	0.0069089731130547059	0.0026329770003239638	5.1830255911856581e-06	0	0	0.043521865889213536	0.26858632977000174	0.10235698088759411	0.0002014901198573425	0	0	0.05653644314868897	0.34890314220926272	0.13296533851636019	0.00026174279235487575	0	0	0.0037784256559767388	0.023317784256559643	0.00888629737609338	1.7492711370251602e-05	0	0	0	0	0	0	0
1494	7.5606389233419913	0	0	0	0	0	0	0	0	0	0	0	0	0	0	0.00013994169096210137	0.0046232588273404209	0.0055717525105280922	0.0003317136378360518	0	0	0.005440233236151692	0.17972918691285888	0.21660187884677964	0.012895367670876517	0	0	0.0070670553935861212	0.23347457078069128	0.2813735017816687	0.016751538710720621	0	0	0.00047230320699709235	0.015603498542273924	0.01880466472303232	0.0011195335276966752	0	0	0	0	0	0	0
1494	7.5606389233419913	0	0	0	0	0	0	0	0	0	0	0	0	0	0	0	0.00177777777777772	0.0071111111111112268	0.00177777777777772	0	0	0	0.069111111111108875	0.27644444444444899	0.069111111111108875	0	0	0	0.089777777777774875	0.35911111111111699	0.089777777777774875	0	0	0	0.0059999999999998067	0.024000000000000399	0.0059999999999998067	0	0	0	0	0	0	0
2384	7.6406389233419914	0	0	0	0	0	0	0	0	0	0	0	0	0.00074999999999997584	0.0030000000000000499	0.00074999999999997584	0	0	0	0.058027777777775909	0.23211111111111496	0.058027777777775909	0	0	0	0.098361111111107916	0.39344444444445087	0.098361111111107916	0	0	0	0.0095277777777774686	0.038111111111111734	0.0095277777777774686	0	0	0	0	0	0	0	0	0	1
2406	7.6406389233419914	0	0	0	0	0	0	0	0	0	0	0	0	0.0001399416909620844	0.00235058309037904	0.0019504373177842405	5.9037900874636544e-05	0	0	0.010827340459992382	0.1818654842889561	0.15090605766115847	0.004567784256559842	0	0	0.018353093618397806	0.30827461937156214	0.25579624230644421	0.007742711370262517	0	0	0.0017777777777775903	0.029861111111111498	0.024777777777777569	0.00075000000000001216	0	0	0	0	0	0	0	0	1
2341	7.6406389233419914	0	0	0	0	0	0	0	0	0	0	0	0	2.1865889212814503e-06	0.0011107871720116725	0.0029147230320699553	0.00047230320699709235	0	0	0.00016917719468729443	0.085942014901199404	0.22551320051830137	0.036542274052478736	0	0	0.00028676708778731903	0.14567768059604932	0.38226052802072996	0.061941690962100136	0	0	2.7777777777760639e-05	0.014111111111111244	0.037027777777777569	0.0060000000000000973	0	0	0	0	0	0	0	0	1
2306	7.6406389233419914	0	0	0	0	0	0	0	0	0	0	0	0	0	0.00027332361516036504	0.0026851311953352526	0.0015240524781341175	1.7492711370266941e-05	0	0	0.02114714933592602	0.20774959507612381	0.11791650469711747	0.0013534175574995422	0	0	0.035845885973438976	0.35214998380304174	0.19987666018788552	0.0022941367023005636	0	0	0.0034722222222224142	0.034111111111110794	0.01936111111111119	0.00022222222222227997	0	0	0	0	0	0	0	1
2350	7.6406389233419914	0	0	0	0	0	0	0	0	0	0	0	0	0	1.7492711370266941e-05	0.0015240524781341175	0.0026851311953352526	0.00027332361516036504	0	0	0.0013534175574995422	0.11791650469711747	0.20774959507612381	0.02114714933592602	0	0	0.0022941367023005636	0.19987666018788552	0.35214998380304174	0.035845885973438976	0	0	0.00022222222222227997	0.01936111111111119	0.034111111111110794	0.0034722222222224142	0	0	0	0	0	0	0	1
2228	7.6406389233419914	0	0	0	0	0	0	0	0	0	0	0	0	0	0	0.00047230320699709235	0.0029147230320699553	0.0011107871720116725	2.1865889212814503e-06	0	0	0.036542274052478736	0.22551320051830137	0.085942014901199404	0.00016917719468729443	0	0	0.061941690962100136	0.38226052802072996	0.14567768059604932	0.00028676708778731903	0	0	0.0060000000000000973	0.037027777777777569	0.014111111111111244	2.7777777777760639e-05	0	0	0	0	0	0	1
2225	7.6406389233419914	0	0	0	0	0	0	0	0	0	0	0	0	0	0	5.9037900874636544e-05	0.0019504373177842405	0.00235058309037904	0.0001399416909620844	0	0	0.004567784256559842	0.15090605766115847	0.1818654842889561	0.010827340459992382	0	0	0.007742711370262517	0.25579624230644421	0.30827461937156214	0.018353093618397806	0	0	0.00075000000000001216	0.024777777777777569	0.029861111111111498	0.0017777777777775903	0	0	0	0	0	0	1
2265	7.6406389233419914	0	0	0	0	0	0	0	0	0	0	0	0	0	0	0	0.00074999999999997584	0.0030000000000000499	0.00074999999999997584	0	0	0	0.058027777777775909	0.23211111111111496	0.058027777777775909	0	0	0	0.098361111111107916	0.39344444444445087	0.098361111111107916	0	0	0	0.0095277777777774686	0.038111111111111734	0.0095277777777774686	0	0	0	0	0	0	1
1716	7.6406389233419914	0	0	0	0	0	0	0	0	0	0	0	0	0.00074999999999997584	0.0030000000000000499	0.00074999999999997584	0	0	0	0.058027777777775909	0.23211111111111496	0.058027777777775909	0	0	0	0.098361111111107916	0.39344444444445087	0.098361111111107916	0	0	0	0.0095277777777774686	0.038111111111111734	0.0095277777777774686	0	0	0	0	0	0	0	0	0	0
1736	7.6406389233419914	0	0	0	0	0	0	0	0	0	0	0	0	0.0001399416909620844	0.00235058309037904	0.0019504373177842405	5.9037900874636544e-05	0	0	0.010827340459992382	0.1818654842889561	0.15090605766115847	0.004567784256559842	0	0	0.018353093618397806	0.30827461937156214	0.25579624230644421	0.007742711370262517	0	0	0.0017777777777775903	0.029861111111111498	0.024777777777777569	0.00075000000000001216	0	0	0	0	0	0	0	0	0
1643	7.6406389233419914	0	0	0	0	0	0	0	0	0	0	0	0	2.1865889212814503e-06	0.0011107871720116725	0.0029147230320699553	0.00047230320699709235	0	0	0.00016917719468729443	0.085942014901199404	0.22551320051830137	0.036542274052478736	0	0	0.00028676708778731903	0.14567768059604932	0.38226052802072996	0.061941690962100136	0	0	2.7777777777760639e-05	0.014111111111111244	0.037027777777777569	0.0060000000000000973	0	0	0	0	0	0	0	0	0
1662	7.6406389233419914	0	0	0	0	0	0	0	0	0	0	0	0	0	0.00027332361516036504	0.0026851311953352526	0.0015240524781341175	1.7492711370266941e-05	0	0	0.02114714933592602	0.20774959507612381	0.11791650469711747	0.0013534175574995422	0	0	0.035845885973438976	0.35214998380304174	0.19987666018788552	0.0022941367023005636	0	0	0.0034722222222224142	0.034111111111110794	0.01936111111111119	0.00022222222222227997	0	0	0	0	0	0	0	0
1657	7.6406389233419914	0	0	0	0	0	0	0	0	0	0	0	0	0	1.7492711370266941e-05	0.0015240524781341175	0.0026851311953352526	0.00027332361516036504	0	0	0.0013534175574995422	0.11791650469711747	0.20774959507612381	0.02114714933592602	0	0	0.0022941367023005636	0.19987666018788552	0.35214998380304174	0.035845885973438976	0	0	0.00022222222222227997	0.01936111111111119	0.034111111111110794	0.0034722222222224142	0	0	0	0	0	0	0	0
1619	7.6406389233419914	0	0	0	0	0	0	0	0	0	0	0	0	0	0	0.00047230320699709235	0.0029147230320699553	0.0011107871720116725	2.1865889212814503e-06	0	0	0.036542274052478736	0.22551320051830137	0.085942014901199404	0.00016917719468729443	0	0	0.061941690962100136	0.38226052802072996	0.14567768059604932	0.00028676708778731903	0	0	0.0060000000000000973	0.037027777777777569	0.014111111111111244	2.7777777777760639e-05	0	0	0	0	0	0	0
1699	7.6406389233419914	0	0	0	0	0	0	0	0	0	0	0	0	0	0	5.9037900874636544e-05	0.0019504373177842405	0.00235058309037904	0.0001399416909620844	0	0	0.004567784256559842	0.15090605766115847	0.1818654842889561	0.010827340459992382	0	0	0.007742711370262517	0.25579624230644421	0.30827461937156214	0.018353093618397806	0	0	0.00075000000000001216	0.024777777777777569	0.029861111111111498	0.0017777777777775903	0	0	0	0	0	0	0
1593	7.6406389233419914	0	0	0	0	0	0	0	0	0	0	0	0	0	0	0	0.00074999999999997584	0.0030000000000000499	0.00074999999999997584	0	0	0	0.058027777777775909	0.23211111111111496	0.058027777777775909	0	0	0	0.098361111111107916	0.39344444444445087	0.098361111111107916	0	0	0	0.0095277777777774686	0.038111111111111734	0.0095277777777774686	0	0	0	0	0	0	0
2645	7.7206389233419914	0	0	0	0	0	0	0	0	0	0	0	0	0.000222222222222215	0.00088888888888890335	0.000222222222222215	0	0	0	0.047111111111109577	0.18844444444444752	0.047111111111109577	0	0	0	0.10511111111110769	0.42044444444445123	0.10511111111110769	0	0	0	0.01422222222222176	0.056888888888889814	0.01422222222222176	0	0	0	0	0	0	0	0	0	1
2493	7.7206389233419914	0	0	0	0	0	0	0	0	0	0	0	0	4.1464204729506475e-05	0.00069646906381601152	0.00057790735341755261	1.7492711370262671e-05	0	0	0.008790411402655374	0.14765144152899445	0.12251635892452115	0.003708454810495687	0	0	0.019612568837056563	0.32942986718497347	0.27335017816650237	0.0082740524781342445	0	0	0.0026537091026884144	0.044574020084224737	0.036986070618723367	0.001119533527696811	0	0	0	0	0	0	0	0	1
2573	7.7206389233419914	0	0	0	0	0	0	0	0	0	0	0	0	6.4787819889820727e-07	0.00032912212504049548	0.00086362163913183824	0.00013994169096210137	0	0	0.00013735017816641994	0.06977389050858504	0.18308778749594973	0.029667638483965496	0	0	0.00030644638807885197	0.15567476514415435	0.40849303530935949	0.066192419825073956	0	0	4.1464204729485265e-05	0.021063816002591711	0.055271784904437647	0.0089562682215744878	0	0	0	0	0	0	0	0	1
2576	7.7206389233419914	0	0	0	0	0	0	0	0	0	0	0	0	0	8.0984774862330355e-05	0.00079559442824748191	0.00045157110463233096	5.1830255911902025e-06	0	0	0.017168772270814037	0.16866601878846618	0.095733074182054165	0.0010988014253323231	0	0	0.038305798509882256	0.37631616456105893	0.21359313249109252	0.0024515711046329655	0	0	0.0051830255911891427	0.050918043407838842	0.028900550696469181	0.00033171363783617296	0	0	0	0	0	0	0	1
2432	7.7206389233419914	0	0	0	0	0	0	0	0	0	0	0	0	0	5.1830255911902025e-06	0.00045157110463233096	0.00079559442824748191	8.0984774862330355e-05	0	0	0.0010988014253323231	0.095733074182054165	0.16866601878846618	0.017168772270814037	0	0	0.0024515711046329655	0.21359313249109252	0.37631616456105893	0.038305798509882256	0	0	0.00033171363783617296	0.028900550696469181	0.050918043407838842	0.0051830255911891427	0	0	0	0	0	0	0	1
2398	7.7206389233419914	0	0	0	0	0	0	0	0	0	0	0	0	0	0	0.00013994169096210137	0.00086362163913183824	0.00032912212504049548	6.4787819889820727e-07	0	0	0.029667638483965496	0.18308778749594973	0.06977389050858504	0.00013735017816641994	0	0	0.066192419825073956	0.40849303530935949	0.15567476514415435	0.00030644638807885197	0	0	0.0089562682215744878	0.055271784904437647	0.021063816002591711	4.1464204729485265e-05	0	0	0	0	0	0	1
2349	7.7206389233419914	0	0	0	0	0	0	0	0	0	0	0	0	0	0	1.7492711370262671e-05	0.00057790735341755261	0.00069646906381601152	4.1464204729506475e-05	0	0	0.003708454810495687	0.12251635892452115	0.14765144152899445	0.008790411402655374	0	0	0.0082740524781342445	0.27335017816650237	0.32942986718497347	0.019612568837056563	0	0	0.001119533527696811	0.036986070618723367	0.044574020084224737	0.0026537091026884144	0	0	0	0	0	0	1
2391	7.7206389233419914	0	0	0	0	0	0	0	0	0	0	0	0	0	0	0	0.000222222222222215	0.00088888888888890335	0.000222222222222215	0	0	0	0.047111111111109577	0.18844444444444752	0.047111111111109577	0	0	0	0.10511111111110769	0.42044444444445123	0.10511111111110769	0	0	0	0.01422222222222176	0.056888888888889814	0.01422222222222176	0	0	0	0	0	0	1
1856	7.7206389233419914	0	0	0	0	0	0	0	0	0	0	0	0	0.000222222222222215	0.00088888888888890335	0.000222222222222215	0	0	0	0.047111111111109577	0.18844444444444752	0.047111111111109577	0	0	0	0.10511111111110769	0.42044444444445123	0.10511111111110769	0	0	0	0.01422222222222176	0.056888888888889814	0.01422222222222176	0	0	0	0	0	0	0	0	0	0
1857	7.7206389233419914	0	0	0	0	0	0	0	0	0	0	0	0	4.1464204729506475e-05	0.00069646906381601152	0.00057790735341755261	1.7492711370262671e-05	0	0	0.008790411402655374	0.14765144152899445	0.12251635892452115	0.003708454810495687	0	0	0.019612568837056563	0.32942986718497347	0.27335017816650237	0.0082740524781342445	0	0	0.0026537091026884144	0.044574020084224737	0.036986070618723367	0.001119533527696811	0	0	0	0	0	0	0	0	0
1854	7.7206389233419914	0	0	0	0	0	0	0	0	0	0	0	0	6.4787819889820727e-07	0.00032912212504049548	0.00086362163913183824	0.00013994169096210137	0	0	0.00013735017816641994	0.06977389050858504	0.18308778749594973	0.029667638483965496	0	0	0.00030644638807885197	0.15567476514415435	0.40849303530935949	0.066192419825073956	0	0	4.1464204729485265e-05	0.021063816002591711	0.055271784904437647	0.0089562682215744878	0	0	0	0	0	0	0	0	0
1861	7.7206389233419914	0	0	0	0	0	0	0	0	0	0	0	0	0	8.0984774862330355e-05	0.00079559442824748191	0.00045157110463233096	5.1830255911902025e-06	0	0	0.017168772270814037	0.16866601878846618	0.095733074182054165	0.0010988014253323231	0	0	0.038305798509882256	0.37631616456105893	0.21359313249109252	0.0024515711046329655	0	0	0.0051830255911891427	0.050918043407838842	0.028900550696469181	0.00033171363783617296	0	0	0	0	0	0	0	0
1837	7.7206389233419914	0	0	0	0	0	0	0	0	0	0	0	0	0	5.1830255911902025e-06	0.00045157110463233096	0.00079559442824748191	8.0984774862330355e-05	0	0	0.0010988014253323231	0.095733074182054165	0.16866601878846618	0.017168772270814037	0	0	0.0024515711046329655	0.21359313249109252	0.37631616456105893	0.038305798509882256	0	0	0.00033171363783617296	0.028900550696469181	0.050918043407838842	0.0051830255911891427	0	0	0	0	0	0	0	0
1781	7.7206389233419914	0	0	0	0	0	0	0	0	0	0	0	0	0	0	0.00013994169096210137	0.00086362163913183824	0.00032912212504049548	6.4787819889820727e-07	0	0	0.029667638483965496	0.18308778749594973	0.06977389050858504	0.00013735017816641994	0	0	0.066192419825073956	0.40849303530935949	0.15567476514415435	0.00030644638807885197	0	0	0.0089562682215744878	0.055271784904437647	0.021063816002591711	4.1464204729485265e-05	0	0	0	0	0	0	0
1849	7.7206389233419914	0	0	0	0	0	0	0	0	0	0	0	0	0	0	1.7492711370262671e-05	0.00057790735341755261	0.00069646906381601152	4.1464204729506475e-05	0	0	0.003708454810495687	0.12251635892452115	0.14765144152899445	0.008790411402655374	0	0	0.0082740524781342445	0.27335017816650237	0.32942986718497347	0.019612568837056563	0	0	0.001119533527696811	0.036986070618723367	0.044574020084224737	0.0026537091026884144	0	0	0	0	0	0	0
1796	7.7206389233419914	0	0	0	0	0	0	0	0	0	0	0	0	0	0	0	0.000222222222222215	0.00088888888888890335	0.000222222222222215	0	0	0	0.047111111111109577	0.18844444444444752	0.047111111111109577	0	0	0	0.10511111111110769	0.42044444444445123	0.10511111111110769	0	0	0	0.01422222222222176	0.056888888888889814	0.01422222222222176	0	0	0	0	0	0	0
2833	7.8006389233419906	0	0	0	0	0	0	0	0	0	0	0	0	2.7777777777776874e-05	0.00011111111111111292	2.7777777777776874e-05	0	0	0	0.036861111111109908	0.14744444444444682	0.036861111111109908	0	0	0	0.10952777777777421	0.43811111111111822	0.10952777777777421	0	0	0	0.020249999999999341	0.081000000000001321	0.020249999999999341	0	0	0	0	0	0	0	0	0	1
2845	7.8006389233419906	0	0	0	0	0	0	0	0	0	0	0	0	5.1830255911883093e-06	8.705863297700144e-05	7.2238419177194076e-05	2.1865889212828339e-06	0	0	0.0068778749595068862	0.11552680596048091	0.095860382248136533	0.0029016034985423207	0	0	0.020436669906055506	0.3432721898283167	0.28483608681567624	0.0086217201166182145	0	0	0.0037784256559762778	0.063465743440234049	0.052661807580174476	0.001594023323615186	0	0	0	0	0	0	0	0	1
2684	7.8006389233419906	0	0	0	0	0	0	0	0	0	0	0	0	8.0984774862275908e-08	4.1140265630061935e-05	0.00010795270489147978	1.7492711370262671e-05	0	0	0.00010746679624224011	0.054593132491092183	0.14325323939099366	0.023212827988338566	0	0	0.00031932296728195389	0.16221606737933419	0.42565751538710483	0.068973760932945716	0	0	5.9037900874599132e-05	0.029991253644315149	0.07869752186588877	0.012752186588921488	0	0	0	0	0	0	0	0	1
2698	7.8006389233419906	0	0	0	0	0	0	0	0	0	0	0	0	0	1.0123096857791294e-05	9.9449303530935239e-05	5.644638807904137e-05	6.4787819889877531e-07	0	0	0.013433349530289046	0.13196922578555106	0.07490435698088789	0.00085973436993867487	0	0	0.039915370910271072	0.39212860382247766	0.22256810819566014	0.0025545837382578715	0	0	0.0073797376093298539	0.072498542274051794	0.041149416909621157	0.00047230320699720722	0	0	0	0	0	0	0	1
2697	7.8006389233419906	0	0	0	0	0	0	0	0	0	0	0	0	0	6.4787819889877531e-07	5.644638807904137e-05	9.9449303530935239e-05	1.0123096857791294e-05	0	0	0.00085973436993867487	0.07490435698088789	0.13196922578555106	0.013433349530289046	0	0	0.0025545837382578715	0.22256810819566014	0.39212860382247766	0.039915370910271072	0	0	0.00047230320699720722	0.041149416909621157	0.072498542274051794	0.0073797376093298539	0	0	0	0	0	0	0	1
2671	7.8006389233419906	0	0	0	0	0	0	0	0	0	0	0	0	0	0	1.7492711370262671e-05	0.00010795270489147978	4.1140265630061935e-05	8.0984774862275908e-08	0	0	0.023212827988338566	0.14325323939099366	0.054593132491092183	0.00010746679624224011	0	0	0.068973760932945716	0.42565751538710483	0.16221606737933419	0.00031932296728195389	0	0	0.012752186588921488	0.07869752186588877	0.029991253644315149	5.9037900874599132e-05	0	0	0	0	0	0	1
2495	7.8006389233419906	0	0	0	0	0	0	0	0	0	0	0	0	0	0	2.1865889212828339e-06	7.2238419177194076e-05	8.705863297700144e-05	5.1830255911883093e-06	0	0	0.0029016034985423207	0.095860382248136533	0.11552680596048091	0.0068778749595068862	0	0	0.0086217201166182145	0.28483608681567624	0.3432721898283167	0.020436669906055506	0	0	0.001594023323615186	0.052661807580174476	0.063465743440234049	0.0037784256559762778	0	0	0	0	0	0	1
2535	7.8006389233419906	0	0	0	0	0	0	0	0	0	0	0	0	0	0	0	2.7777777777776874e-05	0.00011111111111111292	2.7777777777776874e-05	0	0	0	0.036861111111109908	0.14744444444444682	0.036861111111109908	0	0	0	0.10952777777777421	0.43811111111111822	0.10952777777777421	0	0	0	0.020249999999999341	0.081000000000001321	0.020249999999999341	0	0	0	0	0	0	1
2095	7.8006389233419906	0	0	0	0	0	0	0	0	0	0	0	0	2.7777777777776874e-05	0.00011111111111111292	2.7777777777776874e-05	0	0	0	0.036861111111109908	0.14744444444444682	0.036861111111109908	0	0	0	0.10952777777777421	0.43811111111111822	0.10952777777777421	0	0	0	0.020249999999999341	0.081000000000001321	0.020249999999999341	0	0	0	0	0	0	0	0	0	0
2037	7.8006389233419906	0	0	0	0	0	0	0	0	0	0	0	0	5.1830255911883093e-06	8.705863297700144e-05	7.2238419177194076e-05	2.1865889212828339e-06	0	0	0.0068778749595068862	0.11552680596048091	0.095860382248136533	0.0029016034985423207	0	0	0.020436669906055506	0.3432721898283167	0.28483608681567624	0.0086217201166182145	0	0	0.0037784256559762778	0.063465743440234049	0.052661807580174476	0.001594023323615186	0	0	0	0	0	0	0	0	0
2027	7.8006389233419906	0	0	0	0	0	0	0	0	0	0	0	0	8.0984774862275908e-08	4.1140265630061935e-05	0.00010795270489147978	1.7492711370262671e-05	0	0	0.00010746679624224011	0.054593132491092183	0.14325323939099366	0.023212827988338566	0	0	0.00031932296728195389	0.16221606737933419	0.42565751538710483	0.068973760932945716	0	0	5.9037900874599132e-05	0.029991253644315149	0.07869752186588877	0.012752186588921488	0	0	0	0	0	0	0	0	0
2018	7.8006389233419906	0	0	0	0	0	0	0	0	0	0	0	0	0	1.0123096857791294e-05	9.9449303530935239e-05	5.644638807904137e-05	6.4787819889877531e-07	0	0	0.013433349530289046	0.13196922578555106	0.07490435698088789	0.00085973436993867487	0	0	0.039915370910271072	0.39212860382247766	0.22256810819566014	0.0025545837382578715	0	0	0.0073797376093298539	0.072498542274051794	0.041149416909621157	0.00047230320699720722	0	0	0	0	0	0	0	0
1999	7.8006389233419906	0	0	0	0	0	0	0	0	0	0	0	0	0	6.4787819889877531e-07	5.644638807904137e-05	9.9449303530935239e-05	1.0123096857791294e-05	0	0	0.00085973436993867487	0.07490435698088789	0.13196922578555106	0.013433349530289046	0	0	0.0025545837382578715	0.22256810819566014	0.39212860382247766	0.039915370910271072	0	0	0.00047230320699720722	0.041149416909621157	0.072498542274051794	0.0073797376093298539	0	0	0	0	0	0	0	0
1993	7.8006389233419906	0	0	0	0	0	0	0	0	0	0	0	0	0	0	1.7492711370262671e-05	0.00010795270489147978	4.1140265630061935e-05	8.0984774862275908e-08	0	0	0.023212827988338566	0.14325323939099366	0.054593132491092183	0.00010746679624224011	0	0	0.068973760932945716	0.42565751538710483	0.16221606737933419	0.00031932296728195389	0	0	0.012752186588921488	0.07869752186588877	0.029991253644315149	5.9037900874599132e-05	0	0	0	0	0	0	0
1849	7.8006389233419906	0	0	0	0	0	0	0	0	0	0	0	0	0	0	2.1865889212828339e-06	7.2238419177194076e-05	8.705863297700144e-05	5.1830255911883093e-06	0	0	0.0029016034985423207	0.095860382248136533	0.11552680596048091	0.0068778749595068862	0	0	0.0086217201166182145	0.28483608681567624	0.3432721898283167	0.020436669906055506	0	0	0.001594023323615186	0.052661807580174476	0.063465743440234049	0.0037784256559762778	0	0	0	0	0	0	0
1895	7.8006389233419906	0	0	0	0	0	0	0	0	0	0	0	0	0	0	0	2.7777777777776874e-05	0.00011111111111111292	2.7777777777776874e-05	0	0	0	0.036861111111109908	0.14744444444444682	0.036861111111109908	0	0	0	0.10952777777777421	0.43811111111111822	0.10952777777777421	0	0	0	0.020249999999999341	0.081000000000001321	0.020249999999999341	0	0	0	0	0	0	0
3005	7.8806389233419916	0	0	0	0	0	0	0	0	0	0	0	0	0	0	0	0	0	0	0.027777777777776874	0.11111111111111291	0.027777777777776874	0	0	0	0.1111111111111075	0.44444444444445164	0.1111111111111075	0	0	0	0.027777777777776874	0.11111111111111291	0.027777777777776874	0	0	0	0	0	0	0	0	0	1
3042	7.8806389233419916	0	0	0	0	0	0	0	0	0	0	0	0	0	0	0	0	0	0	0.0051830255911883092	0.087058632977001449	0.072238419177194063	0.002186588921282834	0	0	0.020732102364753237	0.3482345319080058	0.28895367670877625	0.0087463556851313361	0	0	0.0051830255911883092	0.087058632977001449	0.072238419177194063	0.002186588921282834	0	0	0	0	0	0	0	0	1
2961	7.8806389233419916	0	0	0	0	0	0	0	0	0	0	0	0	0	0	0	0	0	0	8.0984774862275901e-05	0.041140265630061928	0.10795270489147979	0.017492711370262672	0	0	0.0003239390994491036	0.16456106252024771	0.43181081956591916	0.069970845481050689	0	0	8.0984774862275901e-05	0.041140265630061928	0.10795270489147979	0.017492711370262672	0	0	0	0	0	0	0	0	1
2943	7.8806389233419916	0	0	0	0	0	0	0	0	0	0	0	0	0	0	0	0	0	0	0	0.010123096857791294	0.099449303530935243	0.056446388079041371	0.00064787819889877533	0	0	0.040492387431165178	0.39779721412374097	0.22578555231616548	0.0025915127955951013	0	0	0.010123096857791294	0.099449303530935243	0.056446388079041371	0.00064787819889877533	0	0	0	0	0	0	0	1
2938	7.8806389233419916	0	0	0	0	0	0	0	0	0	0	0	0	0	0	0	0	0	0	0	0.00064787819889877533	0.056446388079041371	0.099449303530935243	0.010123096857791294	0	0	0.0025915127955951013	0.22578555231616548	0.39779721412374097	0.040492387431165178	0	0	0.00064787819889877533	0.056446388079041371	0.099449303530935243	0.010123096857791294	0	0	0	0	0	0	0	1
2783	7.8806389233419916	0	0	0	0	0	0	0	0	0	0	0	0	0	0	0	0	0	0	0	0	0.017492711370262672	0.10795270489147979	0.041140265630061928	8.0984774862275901e-05	0	0	0.069970845481050689	0.43181081956591916	0.16456106252024771	0.0003239390994491036	0	0	0.017492711370262672	0.10795270489147979	0.041140265630061928	8.0984774862275901e-05	0	0	0	0	0	0	1
2828	7.8806389233419916	0	0	0	0	0	0	0	0	0	0	0	0	0	0	0	0	0	0	0	0	0.002186588921282834	0.072238419177194063	0.087058632977001449	0.0051830255911883092	0	0	0.0087463556851313361	0.28895367670877625	0.3482345319080058	0.020732102364753237	0	0	0.002186588921282834	0.072238419177194063	0.087058632977001449	0.0051830255911883092	0	0	0	0	0	0	1
2655	7.8806389233419916	0	0	0	0	0	0	0	0	0	0	0	0	0	0	0	0	0	0	0	0	0	0.027777777777776874	0.11111111111111291	0.027777777777776874	0	0	0	0.1111111111111075	0.44444444444445164	0.1111111111111075	0	0	0	0.027777777777776874	0.11111111111111291	0.027777777777776874	0	0	0	0	0	0	1
2295	7.8806389233419916	0	0	0	0	0	0	0	0	0	0	0	0	0	0	0	0	0	0	0.027777777777776874	0.11111111111111291	0.027777777777776874	0	0	0	0.1111111111111075	0.44444444444445164	0.1111111111111075	0	0	0	0.027777777777776874	0.11111111111111291	0.027777777777776874	0	0	0	0	0	0	0	0	0	0
2205	7.8806389233419916	0	0	0	0	0	0	0	0	0	0	0	0	0	0	0	0	0	0	0.0051830255911883092	0.087058632977001449	0.072238419177194063	0.002186588921282834	0	0	0.020732102364753237	0.3482345319080058	0.28895367670877625	0.0087463556851313361	0	0	0.0051830255911883092	0.087058632977001449	0.072238419177194063	0.002186588921282834	0	0	0	0	0	0	0	0	0
2169	7.8806389233419916	0	0	0	0	0	0	0	0	0	0	0	0	0	0	0	0	0	0	8.0984774862275901e-05	0.041140265630061928	0.10795270489147979	0.017492711370262672	0	0	0.0003239390994491036	0.16456106252024771	0.43181081956591916	0.069970845481050689	0	0	8.0984774862275901e-05	0.041140265630061928	0.10795270489147979	0.017492711370262672	0	0	0	0	0	0	0	0	0
2212	7.8806389233419916	0	0	0	0	0	0	0	0	0	0	0	0	0	0	0	0	0	0	0	0.010123096857791294	0.099449303530935243	0.056446388079041371	0.00064787819889877533	0	0	0.040492387431165178	0.39779721412374097	0.22578555231616548	0.0025915127955951013	0	0	0.010123096857791294	0.099449303530935243	0.056446388079041371	0.00064787819889877533	0	0	0	0	0	0	0	0
2102	7.8806389233419916	0	0	0	0	0	0	0	0	0	0	0	0	0	0	0	0	0	0	0	0.00064787819889877533	0.056446388079041371	0.099449303530935243	0.010123096857791294	0	0	0.0025915127955951013	0.22578555231616548	0.39779721412374097	0.040492387431165178	0	0	0.00064787819889877533	0.056446388079041371	0.099449303530935243	0.010123096857791294	0	0	0	0	0	0	0	0
2103	7.8806389233419916	0	0	0	0	0	0	0	0	0	0	0	0	0	0	0	0	0	0	0	0	0.017492711370262672	0.10795270489147979	0.041140265630061928	8.0984774862275901e-05	0	0	0.069970845481050689	0.43181081956591916	0.16456106252024771	0.0003239390994491036	0	0	0.017492711370262672	0.10795270489147979	0.041140265630061928	8.0984774862275901e-05	0	0	0	0	0	0	0
2077	7.8806389233419916	0	0	0	0	0	0	0	0	0	0	0	0	0	0	0	0	0	0	0	0	0.002186588921282834	0.072238419177194063	0.087058632977001449	0.0051830255911883092	0	0	0.0087463556851313361	0.28895367670877625	0.3482345319080058	0.020732102364753237	0	0	0.002186588921282834	0.072238419177194063	0.087058632977001449	0.0051830255911883092	0	0	0	0	0	0	0
1988	7.8806389233419916	0	0	0	0	0	0	0	0	0	0	0	0	0	0	0	0	0	0	0	0	0	0.027777777777776874	0.11111111111111291	0.027777777777776874	0	0	0	0.1111111111111075	0.44444444444445164	0.1111111111111075	0	0	0	0.027777777777776874	0.11111111111111291	0.027777777777776874	0	0	0	0	0	0	0
3182	7.9606389233419916	0	0	0	0	0	0	0	0	0	0	0	0	0	0	0	0	0	0	0.020249999999999341	0.081000000000001321	0.020249999999999341	0	0	0	0.10952777777777421	0.43811111111111822	0.10952777777777421	0	0	0	0.036861111111109908	0.14744444444444682	0.036861111111109908	0	0	0	2.7777777777776874e-05	0.00011111111111111292	2.7777777777776874e-05	0	0	0	1
3288	7.9606389233419916	0	0	0	0	0	0	0	0	0	0	0	0	0	0	0	0	0	0	0.0037784256559762778	0.063465743440234049	0.052661807580174476	0.001594023323615186	0	0	0.020436669906055506	0.3432721898283167	0.28483608681567624	0.0086217201166182145	0	0	0.0068778749595068862	0.11552680596048091	0.095860382248136533	0.0029016034985423207	0	0	5.1830255911883093e-06	8.705863297700144e-05	7.2238419177194076e-05	2.1865889212828339e-06	0	0	1
3259	7.9606389233419916	0	0	0	0	0	0	0	0	0	0	0	0	0	0	0	0	0	0	5.9037900874599132e-05	0.029991253644315149	0.07869752186588877	0.012752186588921488	0	0	0.00031932296728195389	0.16221606737933419	0.42565751538710483	0.068973760932945716	0	0	0.00010746679624224011	0.054593132491092183	0.14325323939099366	0.023212827988338566	0	0	8.0984774862275908e-08	4.1140265630061935e-05	0.00010795270489147978	1.7492711370262671e-05	0	0	1
3106	7.9606389233419916	0	0	0	0	0	0	0	0	0	0	0	0	0	0	0	0	0	0	0	0.0073797376093298539	0.072498542274051794	0.041149416909621157	0.00047230320699720722	0	0	0.039915370910271072	0.39212860382247766	0.22256810819566014	0.0025545837382578715	0	0	0.013433349530289046	0.13196922578555106	0.07490435698088789	0.00085973436993867487	0	0	1.0123096857791294e-05	9.9449303530935239e-05	5.644638807904137e-05	6.4787819889877531e-07	0	1
3044	7.9606389233419916	0	0	0	0	0	0	0	0	0	0	0	0	0	0	0	0	0	0	0	0.00047230320699720722	0.041149416909621157	0.072498542274051794	0.0073797376093298539	0	0	0.0025545837382578715	0.22256810819566014	0.39212860382247766	0.039915370910271072	0	0	0.00085973436993867487	0.07490435698088789	0.13196922578555106	0.013433349530289046	0	0	6.4787819889877531e-07	5.644638807904137e-05	9.9449303530935239e-05	1.0123096857791294e-05	0	1
3060	7.9606389233419916	0	0	0	0	0	0	0	0	0	0	0	0	0	0	0	0	0	0	0	0	0.012752186588921488	0.07869752186588877	0.029991253644315149	5.9037900874599132e-05	0	0	0.068973760932945716	0.42565751538710483	0.16221606737933419	0.00031932296728195389	0	0	0.023212827988338566	0.14325323939099366	0.054593132491092183	0.00010746679624224011	0	0	1.7492711370262671e-05	0.00010795270489147978	4.1140265630061935e-05	8.0984774862275908e-08	1
3077	7.9606389233419916	0	0	0	0	0	0	0	0	0	0	0	0	0	0	0	0	0	0	0	0	0.001594023323615186	0.052661807580174476	0.063465743440234049	0.0037784256559762778	0	0	0.0086217201166182145	0.28483608681567624	0.3432721898283167	0.020436669906055506	0	0	0.0029016034985423207	0.095860382248136533	0.11552680596048091	0.0068778749595068862	0	0	2.1865889212828339e-06	7.2238419177194076e-05	8.705863297700144e-05	5.1830255911883093e-06	1
3050	7.9606389233419916	0	0	0	0	0	0	0	0	0	0	0	0	0	0	0	0	0	0	0	0	0	0.020249999999999341	0.081000000000001321	0.020249999999999341	0	0	0	0.10952777777777421	0.43811111111111822	0.10952777777777421	0	0	0	0.036861111111109908	0.14744444444444682	0.036861111111109908	0	0	0	2.7777777777776874e-05	0.00011111111111111292	2.7777777777776874e-05	1
2428	7.9606389233419916	0	0	0	0	0	0	0	0	0	0	0	0	0	0	0	0	0	0	0.020249999999999341	0.081000000000001321	0.020249999999999341	0	0	0	0.10952777777777421	0.43811111111111822	0.10952777777777421	0	0	0	0.036861111111109908	0.14744444444444682	0.036861111111109908	0	0	0	2.7777777777776874e-05	0.00011111111111111292	2.7777777777776874e-05	0	0	0	0
2345	7.9606389233419916	0	0	0	0	0	0	0	0	0	0	0	0	0	0	0	0	0	0	0.0037784256559762778	0.063465743440234049	0.052661807580174476	0.001594023323615186	0	0	0.020436669906055506	0.3432721898283167	0.28483608681567624	0.0086217201166182145	0	0	0.0068778749595068862	0.11552680596048091	0.095860382248136533	0.0029016034985423207	0	0	5.1830255911883093e-06	8.705863297700144e-05	7.2238419177194076e-05	2.1865889212828339e-06	0	0	0
2348	7.9606389233419916	0	0	0	0	0	0	0	0	0	0	0	0	0	0	0	0	0	0	5.9037900874599132e-05	0.029991253644315149	0.07869752186588877	0.012752186588921488	0	0	0.00031932296728195389	0.16221606737933419	0.42565751538710483	0.068973760932945716	0	0	0.00010746679624224011	0.054593132491092183	0.14325323939099366	0.023212827988338566	0	0	8.0984774862275908e-08	4.1140265630061935e-05	0.00010795270489147978	1.7492711370262671e-05	0	0	0
2350	7.9606389233419916	0	0	0	0	0	0	0	0	0	0	0	0	0	0	0	0	0	0	0	0.0073797376093298539	0.072498542274051794	0.041149416909621157	0.00047230320699720722	0	0	0.039915370910271072	0.39212860382247766	0.22256810819566014	0.0025545837382578715	0	0	0.013433349530289046	0.13196922578555106	0.07490435698088789	0.00085973436993867487	0	0	1.0123096857791294e-05	9.9449303530935239e-05	5.644638807904137e-05	6.4787819889877531e-07	0	0
2313	7.9606389233419916	0	0	0	0	0	0	0	0	0	0	0	0	0	0	0	0	0	0	0	0.00047230320699720722	0.041149416909621157	0.072498542274051794	0.0073797376093298539	0	0	0.0025545837382578715	0.22256810819566014	0.39212860382247766	0.039915370910271072	0	0	0.00085973436993867487	0.07490435698088789	0.13196922578555106	0.013433349530289046	0	0	6.4787819889877531e-07	5.644638807904137e-05	9.9449303530935239e-05	1.0123096857791294e-05	0	0
2286	7.9606389233419916	0	0	0	0	0	0	0	0	0	0	0	0	0	0	0	0	0	0	0	0	0.012752186588921488	0.07869752186588877	0.029991253644315149	5.9037900874599132e-05	0	0	0.068973760932945716	0.42565751538710483	0.16221606737933419	0.00031932296728195389	0	0	0.023212827988338566	0.14325323939099366	0.054593132491092183	0.00010746679624224011	0	0	1.7492711370262671e-05	0.00010795270489147978	4.1140265630061935e-05	8.0984774862275908e-08	0
2250	7.9606389233419916	0	0	0	0	0	0	0	0	0	0	0	0	0	0	0	0	0	0	0	0	0.001594023323615186	0.052661807580174476	0.063465743440234049	0.0037784256559762778	0	0	0.0086217201166182145	0.28483608681567624	0.3432721898283167	0.020436669906055506	0	0	0.0029016034985423207	0.095860382248136533	0.11552680596048091	0.0068778749595068862	0	0	2.1865889212828339e-06	7.2238419177194076e-05	8.705863297700144e-05	5.1830255911883093e-06	0
2165	7.9606389233419916	0	0	0	0	0	0	0	0	0	0	0	0	0	0	0	0	0	0	0	0	0	0.020249999999999341	0.081000000000001321	0.020249999999999341	0	0	0	0.10952777777777421	0.43811111111111822	0.10952777777777421	0	0	0	0.036861111111109908	0.14744444444444682	0.036861111111109908	0	0	0	2.7777777777776874e-05	0.00011111111111111292	2.7777777777776874e-05	0
3566	8.0406389233419908	0	0	0	0	0	0	0	0	0	0	0	0	0	0	0	0	0	0	0.01422222222222176	0.056888888888889814	0.01422222222222176	0	0	0	0.10511111111110769	0.42044444444445123	0.10511111111110769	0	0	0	0.047111111111109577	0.18844444444444752	0.047111111111109577	0	0	0	0.000222222222222215	0.00088888888888890335	0.000222222222222215	0	0	0	1
3439	8.0406389233419908	0	0	0	0	0	0	0	0	0	0	0	0	0	0	0	0	0	0	0.0026537091026884144	0.044574020084224737	0.036986070618723367	0.001119533527696811	0	0	0.019612568837056563	0.32942986718497347	0.27335017816650237	0.0082740524781342445	0	0	0.008790411402655374	0.14765144152899445	0.12251635892452115	0.003708454810495687	0	0	4.1464204729506475e-05	0.00069646906381601152	0.00057790735341755261	1.7492711370262671e-05	0	0	1
3486	8.0406389233419908	0	0	0	0	0	0	0	0	0	0	0	0	0	0	0	0	0	0	4.1464204729485265e-05	0.021063816002591711	0.055271784904437647	0.0089562682215744878	0	0	0.00030644638807885197	0.15567476514415435	0.40849303530935949	0.066192419825073956	0	0	0.00013735017816641994	0.06977389050858504	0.18308778749594973	0.029667638483965496	0	0	6.4787819889820727e-07	0.00032912212504049548	0.00086362163913183824	0.00013994169096210137	0	0	1
3363	8.0406389233419908	0	0	0	0	0	0	0	0	0	0	0	0	0	0	0	0	0	0	0	0.0051830255911891427	0.050918043407838842	0.028900550696469181	0.00033171363783617296	0	0	0.038305798509882256	0.37631616456105893	0.21359313249109252	0.0024515711046329655	0	0	0.017168772270814037	0.16866601878846618	0.095733074182054165	0.0010988014253323231	0	0	8.0984774862330355e-05	0.00079559442824748191	0.00045157110463233096	5.1830255911902025e-06	0	1
3403	8.0406389233419908	0	0	0	0	0	0	0	0	0	0	0	0	0	0	0	0	0	0	0	0.00033171363783617296	0.028900550696469181	0.050918043407838842	0.0051830255911891427	0	0	0.0024515711046329655	0.21359313249109252	0.37631616456105893	0.038305798509882256	0	0	0.0010988014253323231	0.095733074182054165	0.16866601878846618	0.017168772270814037	0	0	5.1830255911902025e-06	0.00045157110463233096	0.00079559442824748191	8.0984774862330355e-05	0	1
3295	8.0406389233419908	0	0	0	0	0	0	0	0	0	0	0	0	0	0	0	0	0	0	0	0	0.0089562682215744878	0.055271784904437647	0.021063816002591711	4.1464204729485265e-05	0	0	0.066192419825073956	0.40849303530935949	0.15567476514415435	0.00030644638807885197	0	0	0.029667638483965496	0.18308778749594973	0.06977389050858504	0.00013735017816641994	0	0	0.00013994169096210137	0.00086362163913183824	0.00032912212504049548	6.4787819889820727e-07	1
3207	8.0406389233419908	0	0	0	0	0	0	0	0	0	0	0	0	0	0	0	0	0	0	0	0	0.001119533527696811	0.036986070618723367	0.044574020084224737	0.0026537091026884144	0	0	0.0082740524781342445	0.27335017816650237	0.32942986718497347	0.019612568837056563	0	0	0.003708454810495687	0.12251635892452115	0.14765144152899445	0.008790411402655374	0	0	1.7492711370262671e-05	0.00057790735341755261	0.00069646906381601152	4.1464204729506475e-05	1
3126	8.0406389233419908	0	0	0	0	0	0	0	0	0	0	0	0	0	0	0	0	0	0	0	0	0	0.01422222222222176	0.056888888888889814	0.01422222222222176	0	0	0	0.10511111111110769	0.42044444444445123	0.10511111111110769	0	0	0	0.047111111111109577	0.18844444444444752	0.047111111111109577	0	0	0	0.000222222222222215	0.00088888888888890335	0.000222222222222215	1
2674	8.0406389233419908	0	0	0	0	0	0	0	0	0	0	0	0	0	0	0	0	0	0	0.01422222222222176	0.056888888888889814	0.01422222222222176	0	0	0	0.10511111111110769	0.42044444444445123	0.10511111111110769	0	0	0	0.047111111111109577	0.18844444444444752	0.047111111111109577	0	0	0	0.000222222222222215	0.00088888888888890335	0.000222222222222215	0	0	0	0
2596	8.0406389233419908	0	0	0	0	0	0	0	0	0	0	0	0	0	0	0	0	0	0	0.0026537091026884144	0.044574020084224737	0.036986070618723367	0.001119533527696811	0	0	0.019612568837056563	0.32942986718497347	0.27335017816650237	0.0082740524781342445	0	0	0.008790411402655374	0.14765144152899445	0.12251635892452115	0.003708454810495687	0	0	4.1464204729506475e-05	0.00069646906381601152	0.00057790735341755261	1.7492711370262671e-05	0	0	0
2521	8.0406389233419908	0	0	0	0	0	0	0	0	0	0	0	0	0	0	0	0	0	0	4.1464204729485265e-05	0.021063816002591711	0.055271784904437647	0.0089562682215744878	0	0	0.00030644638807885197	0.15567476514415435	0.40849303530935949	0.066192419825073956	0	0	0.00013735017816641994	0.06977389050858504	0.18308778749594973	0.029667638483965496	0	0	6.4787819889820727e-07	0.00032912212504049548	0.00086362163913183824	0.00013994169096210137	0	0	0
2570	8.0406389233419908	0	0	0	0	0	0	0	0	0	0	0	0	0	0	0	0	0	0	0	0.0051830255911891427	0.050918043407838842	0.028900550696469181	0.00033171363783617296	0	0	0.038305798509882256	0.37631616456105893	0.21359313249109252	0.0024515711046329655	0	0	0.017168772270814037	0.16866601878846618	0.095733074182054165	0.0010988014253323231	0	0	8.0984774862330355e-05	0.00079559442824748191	0.00045157110463233096	5.1830255911902025e-06	0	0
2475	8.0406389233419908	0	0	0	0	0	0	0	0	0	0	0	0	0	0	0	0	0	0	0	0.00033171363783617296	0.028900550696469181	0.050918043407838842	0.0051830255911891427	0	0	0.0024515711046329655	0.21359313249109252	0.37631616456105893	0.038305798509882256	0	0	0.0010988014253323231	0.095733074182054165	0.16866601878846618	0.017168772270814037	0	0	5.1830255911902025e-06	0.00045157110463233096	0.00079559442824748191	8.0984774862330355e-05	0	0
2418	8.0406389233419908	0	0	0	0	0	0	0	0	0	0	0	0	0	0	0	0	0	0	0	0	0.0089562682215744878	0.055271784904437647	0.021063816002591711	4.1464204729485265e-05	0	0	0.066192419825073956	0.40849303530935949	0.15567476514415435	0.00030644638807885197	0	0	0.029667638483965496	0.18308778749594973	0.06977389050858504	0.00013735017816641994	0	0	0.00013994169096210137	0.00086362163913183824	0.00032912212504049548	6.4787819889820727e-07	0
2448	8.0406389233419908	0	0	0	0	0	0	0	0	0	0	0	0	0	0	0	0	0	0	0	0	0.001119533527696811	0.036986070618723367	0.044574020084224737	0.0026537091026884144	0	0	0.0082740524781342445	0.27335017816650237	0.32942986718497347	0.019612568837056563	0	0	0.003708454810495687	0.12251635892452115	0.14765144152899445	0.008790411402655374	0	0	1.7492711370262671e-05	0.00057790735341755261	0.00069646906381601152	4.1464204729506475e-05	0
2358	8.0406389233419908	0	0	0	0	0	0	0	0	0	0	0	0	0	0	0	0	0	0	0	0	0	0.01422222222222176	0.056888888888889814	0.01422222222222176	0	0	0	0.10511111111110769	0.42044444444445123	0.10511111111110769	0	0	0	0.047111111111109577	0.18844444444444752	0.047111111111109577	0	0	0	0.000222222222222215	0.00088888888888890335	0.000222222222222215	0
3876	8.1206389233419909	0	0	0	0	0	0	0	0	0	0	0	0	0	0	0	0	0	0	0.0095277777777774686	0.038111111111111734	0.0095277777777774686	0	0	0	0.098361111111107916	0.39344444444445087	0.098361111111107916	0	0	0	0.058027777777775909	0.23211111111111496	0.058027777777775909	0	0	0	0.00074999999999997584	0.0030000000000000499	0.00074999999999997584	0	0	0	1
3755	8.1206389233419909	0	0	0	0	0	0	0	0	0	0	0	0	0	0	0	0	0	0	0.0017777777777775903	0.029861111111111498	0.024777777777777569	0.00075000000000001216	0	0	0.018353093618397806	0.30827461937156214	0.25579624230644421	0.007742711370262517	0	0	0.010827340459992382	0.1818654842889561	0.15090605766115847	0.004567784256559842	0	0	0.0001399416909620844	0.00235058309037904	0.0019504373177842405	5.9037900874636544e-05	0	0	1
3872	8.1206389233419909	0	0	0	0	0	0	0	0	0	0	0	0	0	0	0	0	0	0	2.7777777777760639e-05	0.014111111111111244	0.037027777777777569	0.0060000000000000973	0	0	0.00028676708778731903	0.14567768059604932	0.38226052802072996	0.061941690962100136	0	0	0.00016917719468729443	0.085942014901199404	0.22551320051830137	0.036542274052478736	0	0	2.1865889212814503e-06	0.0011107871720116725	0.0029147230320699553	0.00047230320699709235	0	0	1
3660	8.1206389233419909	0	0	0	0	0	0	0	0	0	0	0	0	0	0	0	0	0	0	0	0.0034722222222224142	0.034111111111110794	0.01936111111111119	0.00022222222222227997	0	0	0.035845885973438976	0.35214998380304174	0.19987666018788552	0.0022941367023005636	0	0	0.02114714933592602	0.20774959507612381	0.11791650469711747	0.0013534175574995422	0	0	0.00027332361516036504	0.0026851311953352526	0.0015240524781341175	1.7492711370266941e-05	0	1
3696	8.1206389233419909	0	0	0	0	0	0	0	0	0	0	0	0	0	0	0	0	0	0	0	0.00022222222222227997	0.01936111111111119	0.034111111111110794	0.0034722222222224142	0	0	0.0022941367023005636	0.19987666018788552	0.35214998380304174	0.035845885973438976	0	0	0.0013534175574995422	0.11791650469711747	0.20774959507612381	0.02114714933592602	0	0	1.7492711370266941e-05	0.0015240524781341175	0.0026851311953352526	0.00027332361516036504	0	1
3656	8.1206389233419909	0	0	0	0	0	0	0	0	0	0	0	0	0	0	0	0	0	0	0	0	0.0060000000000000973	0.037027777777777569	0.014111111111111244	2.7777777777760639e-05	0	0	0.061941690962100136	0.38226052802072996	0.14567768059604932	0.00028676708778731903	0	0	0.036542274052478736	0.22551320051830137	0.085942014901199404	0.00016917719468729443	0	0	0.00047230320699709235	0.0029147230320699553	0.0011107871720116725	2.1865889212814503e-06	1
3637	8.1206389233419909	0	0	0	0	0	0	0	0	0	0	0	0	0	0	0	0	0	0	0	0	0.00075000000000001216	0.024777777777777569	0.029861111111111498	0.0017777777777775903	0	0	0.007742711370262517	0.25579624230644421	0.30827461937156214	0.018353093618397806	0	0	0.004567784256559842	0.15090605766115847	0.1818654842889561	0.010827340459992382	0	0	5.9037900874636544e-05	0.0019504373177842405	0.00235058309037904	0.0001399416909620844	1
3444	8.1206389233419909	0	0	0	0	0	0	0	0	0	0	0	0	0	0	0	0	0	0	0	0	0	0.0095277777777774686	0.038111111111111734	0.0095277777777774686	0	0	0	0.098361111111107916	0.39344444444445087	0.098361111111107916	0	0	0	0.058027777777775909	0.23211111111111496	0.058027777777775909	0	0	0	0.00074999999999997584	0.0030000000000000499	0.00074999999999997584	1
2832	8.1206389233419909	0	0	0	0	0	0	0	0	0	0	0	0	0	0	0	0	0	0	0.0095277777777774686	0.038111111111111734	0.0095277777777774686	0	0	0	0.098361111111107916	0.39344444444445087	0.098361111111107916	0	0	0	0.058027777777775909	0.23211111111111496	0.058027777777775909	0	0	0	0.00074999999999997584	0.0030000000000000499	0.00074999999999997584	0	0	0	0
2816	8.1206389233419909	0	0	0	0	0	0	0	0	0	0	0	0	0	0	0	0	0	0	0.0017777777777775903	0.029861111111111498	0.024777777777777569	0.00075000000000001216	0	0	0.018353093618397806	0.30827461937156214	0.25579624230644421	0.007742711370262517	0	0	0.010827340459992382	0.1818654842889561	0.15090605766115847	0.004567784256559842	0	0	0.0001399416909620844	0.00235058309037904	0.0019504373177842405	5.9037900874636544e-05	0	0	0
2706	8.1206389233419909	0	0	0	0	0	0	0	0	0	0	0	0	0	0	0	0	0	0	2.7777777777760639e-05	0.014111111111111244	0.037027777777777569	0.0060000000000000973	0	0	0.00028676708778731903	0.14567768059604932	0.38226052802072996	0.061941690962100136	0	0	0.00016917719468729443	0.085942014901199404	0.22551320051830137	0.036542274052478736	0	0	2.1865889212814503e-06	0.0011107871720116725	0.0029147230320699553	0.00047230320699709235	0	0	0
2728	8.1206389233419909	0	0	0	0	0	0	0	0	0	0	0	0	0	0	0	0	0	0	0	0.0034722222222224142	0.034111111111110794	0.01936111111111119	0.00022222222222227997	0	0	0.035845885973438976	0.35214998380304174	0.19987666018788552	0.0022941367023005636	0	0	0.02114714933592602	0.20774959507612381	0.11791650469711747	0.0013534175574995422	0	0	0.00027332361516036504	0.0026851311953352526	0.0015240524781341175	1.7492711370266941e-05	0	0
2821	8.1206389233419909	0	0	0	0	0	0	0	0	0	0	0	0	0	0	0	0	0	0	0	0.00022222222222227997	0.01936111111111119	0.034111111111110794	0.0034722222222224142	0	0	0.0022941367023005636	0.19987666018788552	0.35214998380304174	0.035845885973438976	0	0	0.0013534175574995422	0.11791650469711747	0.20774959507612381	0.02114714933592602	0	0	1.7492711370266941e-05	0.0015240524781341175	0.0026851311953352526	0.00027332361516036504	0	0
2687	8.1206389233419909	0	0	0	0	0	0	0	0	0	0	0	0	0	0	0	0	0	0	0	0	0.0060000000000000973	0.037027777777777569	0.014111111111111244	2.7777777777760639e-05	0	0	0.061941690962100136	0.38226052802072996	0.14567768059604932	0.00028676708778731903	0	0	0.036542274052478736	0.22551320051830137	0.085942014901199404	0.00016917719468729443	0	0	0.00047230320699709235	0.0029147230320699553	0.0011107871720116725	2.1865889212814503e-06	0
2608	8.1206389233419909	0	0	0	0	0	0	0	0	0	0	0	0	0	0	0	0	0	0	0	0	0.00075000000000001216	0.024777777777777569	0.029861111111111498	0.0017777777777775903	0	0	0.007742711370262517	0.25579624230644421	0.30827461937156214	0.018353093618397806	0	0	0.004567784256559842	0.15090605766115847	0.1818654842889561	0.010827340459992382	0	0	5.9037900874636544e-05	0.0019504373177842405	0.00235058309037904	0.0001399416909620844	0
2582	8.1206389233419909	0	0	0	0	0	0	0	0	0	0	0	0	0	0	0	0	0	0	0	0	0	0.0095277777777774686	0.038111111111111734	0.0095277777777774686	0	0	0	0.098361111111107916	0.39344444444445087	0.098361111111107916	0	0	0	0.058027777777775909	0.23211111111111496	0.058027777777775909	0	0	0	0.00074999999999997584	0.0030000000000000499	0.00074999999999997584	0
4156	8.200638923341991	0	0	0	0	0	0	0	0	0	0	0	0	0	0	0	0	0	0	0.0059999999999998067	0.024000000000000399	0.0059999999999998067	0	0	0	0.089777777777774875	0.35911111111111699	0.089777777777774875	0	0	0	0.069111111111108875	0.27644444444444899	0.069111111111108875	0	0	0	0.00177777777777772	0.0071111111111112268	0.00177777777777772	0	0	0	1
4066	8.200638923341991	0	0	0	0	0	0	0	0	0	0	0	0	0	0	0	0	0	0	0.0011195335276966752	0.01880466472303232	0.015603498542273924	0.00047230320699709235	0	0	0.016751538710720621	0.2813735017816687	0.23347457078069128	0.0070670553935861212	0	0	0.012895367670876517	0.21660187884677964	0.17972918691285888	0.005440233236151692	0	0	0.0003317136378360518	0.0055717525105280922	0.0046232588273404209	0.00013994169096210137	0	0	1
4204	8.200638923341991	0	0	0	0	0	0	0	0	0	0	0	0	0	0	0	0	0	0	1.7492711370251602e-05	0.00888629737609338	0.023317784256559643	0.0037784256559767388	0	0	0.00026174279235487575	0.13296533851636019	0.34890314220926272	0.05653644314868897	0	0	0.0002014901198573425	0.10235698088759411	0.26858632977000174	0.043521865889213536	0	0	5.1830255911856581e-06	0.0026329770003239638	0.0069089731130547059	0.001119533527696811	0	0	1
3938	8.200638923341991	0	0	0	0	0	0	0	0	0	0	0	0	0	0	0	0	0	0	0	0.0021865889212829203	0.021481049562682021	0.01219241982507294	0.00013994169096213552	0	0	0.032717849044381471	0.32142014901198274	0.18243472627146173	0.0020939423388408422	0	0	0.025186264982184747	0.24742986718496693	0.14043861354065496	0.0016119209588601534	0	0	0.00064787819889864284	0.0063647554259798553	0.0036125688370586477	4.146420472952162e-05	0	1
3949	8.200638923341991	0	0	0	0	0	0	0	0	0	0	0	0	0	0	0	0	0	0	0	0.00013994169096213552	0.01219241982507294	0.021481049562682021	0.0021865889212829203	0	0	0.0020939423388408422	0.18243472627146173	0.32142014901198274	0.032717849044381471	0	0	0.0016119209588601534	0.14043861354065496	0.24742986718496693	0.025186264982184747	0	0	4.146420472952162e-05	0.0036125688370586477	0.0063647554259798553	0.00064787819889864284	0	1
3832	8.200638923341991	0	0	0	0	0	0	0	0	0	0	0	0	0	0	0	0	0	0	0	0	0.0037784256559767388	0.023317784256559643	0.00888629737609338	1.7492711370251602e-05	0	0	0.05653644314868897	0.34890314220926272	0.13296533851636019	0.00026174279235487575	0	0	0.043521865889213536	0.26858632977000174	0.10235698088759411	0.0002014901198573425	0	0	0.001119533527696811	0.0069089731130547059	0.0026329770003239638	5.1830255911856581e-06	1
3872	8.200638923341991	0	0	0	0	0	0	0	0	0	0	0	0	0	0	0	0	0	0	0	0	0.00047230320699709235	0.015603498542273924	0.01880466472303232	0.0011195335276966752	0	0	0.0070670553935861212	0.23347457078069128	0.2813735017816687	0.016751538710720621	0	0	0.005440233236151692	0.17972918691285888	0.21660187884677964	0.012895367670876517	0	0	0.00013994169096210137	0.0046232588273404209	0.0055717525105280922	0.0003317136378360518	1
3782	8.200638923341991	0	0	0	0	0	0	0	0	0	0	0	0	0	0	0	0	0	0	0	0	0	0.0059999999999998067	0.024000000000000399	0.0059999999999998067	0	0	0	0.089777777777774875	0.35911111111111699	0.089777777777774875	0	0	0	0.069111111111108875	0.27644444444444899	0.069111111111108875	0	0	0	0.00177777777777772	0.0071111111111112268	0.00177777777777772	1
3177	8.200638923341991	0	0	0	0	0	0	0	0	0	0	0	0	0	0	0	0	0	0	0.0059999999999998067	0.024000000000000399	0.0059999999999998067	0	0	0	0.089777777777774875	0.35911111111111699	0.089777777777774875	0	0	0	0.069111111111108875	0.27644444444444899	0.069111111111108875	0	0	0	0.00177777777777772	0.0071111111111112268	0.00177777777777772	0	0	0	0
3060	8.200638923341991	0	0	0	0	0	0	0	0	0	0	0	0	0	0	0	0	0	0	0.0011195335276966752	0.01880466472303232	0.015603498542273924	0.00047230320699709235	0	0	0.016751538710720621	0.2813735017816687	0.23347457078069128	0.0070670553935861212	0	0	0.012895367670876517	0.21660187884677964	0.17972918691285888	0.005440233236151692	0	0	0.0003317136378360518	0.0055717525105280922	0.0046232588273404209	0.00013994169096210137	0	0	0
2940	8.200638923341991	0	0	0	0	0	0	0	0	0	0	0	0	0	0	0	0	0	0	1.7492711370251602e-05	0.00888629737609338	0.023317784256559643	0.0037784256559767388	0	0	0.00026174279235487575	0.13296533851636019	0.34890314220926272	0.05653644314868897	0	0	0.0002014901198573425	0.10235698088759411	0.26858632977000174	0.043521865889213536	0	0	5.1830255911856581e-06	0.0026329770003239638	0.0069089731130547059	0.001119533527696811	0	0	0
3008	8.200638923341991	0	0	0	0	0	0	0	0	0	0	0	0	0	0	0	0	0	0	0	0.0021865889212829203	0.021481049562682021	0.01219241982507294	0.00013994169096213552	0	0	0.032717849044381471	0.32142014901198274	0.18243472627146173	0.0020939423388408422	0	0	0.025186264982184747	0.24742986718496693	0.14043861354065496	0.0016119209588601534	0	0	0.00064787819889864284	0.0063647554259798553	0.0036125688370586477	4.146420472952162e-05	0	0
2858	8.200638923341991	0	0	0	0	0	0	0	0	0	0	0	0	0	0	0	0	0	0	0	0.00013994169096213552	0.01219241982507294	0.021481049562682021	0.0021865889212829203	0	0	0.0020939423388408422	0.18243472627146173	0.32142014901198274	0.032717849044381471	0	0	0.0016119209588601534	0.14043861354065496	0.24742986718496693	0.025186264982184747	0	0	4.146420472952162e-05	0.0036125688370586477	0.0063647554259798553	0.00064787819889864284	0	0
2938	8.200638923341991	0	0	0	0	0	0	0	0	0	0	0	0	0	0	0	0	0	0	0	0	0.0037784256559767388	0.023317784256559643	0.00888629737609338	1.7492711370251602e-05	0	0	0.05653644314868897	0.34890314220926272	0.13296533851636019	0.00026174279235487575	0	0	0.043521865889213536	0.26858632977000174	0.10235698088759411	0.0002014901198573425	0	0	0.001119533527696811	0.0069089731130547059	0.0026329770003239638	5.1830255911856581e-06	0
2846	8.200638923341991	0	0	0	0	0	0	0	0	0	0	0	0	0	0	0	0	0	0	0	0	0.00047230320699709235	0.015603498542273924	0.01880466472303232	0.0011195335276966752	0	0	0.0070670553935861212	0.23347457078069128	0.2813735017816687	0.016751538710720621	0	0	0.005440233236151692	0.17972918691285888	0.21660187884677964	0.012895367670876517	0	0	0.00013994169096210137	0.0046232588273404209	0.0055717525105280922	0.0003317136378360518	0
2713	8.200638923341991	0	0	0	0	0	0	0	0	0	0	0	0	0	0	0	0	0	0	0	0	0	0.0059999999999998067	0.024000000000000399	0.0059999999999998067	0	0	0	0.089777777777774875	0.35911111111111699	0.089777777777774875	0	0	0	0.069111111111108875	0.27644444444444899	0.069111111111108875	0	0	0	0.00177777777777772	0.0071111111111112268	0.00177777777777772	0
4593	8.280638923341991	0	0	0	0	0	0	0	0	0	0	0	0	0	0	0	0	0	0	0.0034722222222221093	0.013888888888889114	0.0034722222222221093	0	0	0	0.07986111111110851	0.31944444444444964	0.07986111111110851	0	0	0	0.07986111111110851	0.31944444444444964	0.07986111111110851	0	0	0	0.0034722222222221093	0.013888888888889114	0.0034722222222221093	0	0	0	1
4421	8.280638923341991	0	0	0	0	0	0	0	0	0	0	0	0	0	0	0	0	0	0	0.00064787819889853865	0.010882329122125181	0.0090298023971492579	0.00027332361516035425	0	0	0.014901198574666392	0.25029356980887918	0.20768545513443296	0.0062864431486881487	0	0	0.014901198574666392	0.25029356980887918	0.20768545513443296	0.0062864431486881487	0	0	0.00064787819889853865	0.010882329122125181	0.0090298023971492579	0.00027332361516035425	0	0	1
4439	8.280638923341991	0	0	0	0	0	0	0	0	0	0	0	0	0	0	0	0	0	0	1.0123096857784488e-05	0.0051425332037577411	0.013494088111434974	0.002186588921282834	0	0	0.00023283122772904324	0.11827826368642806	0.31036402656300438	0.050291545189505189	0	0	0.00023283122772904324	0.11827826368642806	0.31036402656300438	0.050291545189505189	0	0	1.0123096857784488e-05	0.0051425332037577411	0.013494088111434974	0.002186588921282834	0	0	1
4250	8.280638923341991	0	0	0	0	0	0	0	0	0	0	0	0	0	0	0	0	0	0	0	0.0012653871072239118	0.012431162941366905	0.0070557985098801713	8.0984774862346916e-05	0	0	0.029103903466149973	0.28591674765143887	0.16228336572724394	0.0018626498218339792	0	0	0.029103903466149973	0.28591674765143887	0.16228336572724394	0.0018626498218339792	0	0	0.0012653871072239118	0.012431162941366905	0.0070557985098801713	8.0984774862346916e-05	0	1
4375	8.280638923341991	0	0	0	0	0	0	0	0	0	0	0	0	0	0	0	0	0	0	0	8.0984774862346916e-05	0.0070557985098801713	0.012431162941366905	0.0012653871072239118	0	0	0.0018626498218339792	0.16228336572724394	0.28591674765143887	0.029103903466149973	0	0	0.0018626498218339792	0.16228336572724394	0.28591674765143887	0.029103903466149973	0	0	8.0984774862346916e-05	0.0070557985098801713	0.012431162941366905	0.0012653871072239118	0	1
4334	8.280638923341991	0	0	0	0	0	0	0	0	0	0	0	0	0	0	0	0	0	0	0	0	0.002186588921282834	0.013494088111434974	0.0051425332037577411	1.0123096857784488e-05	0	0	0.050291545189505189	0.31036402656300438	0.11827826368642806	0.00023283122772904324	0	0	0.050291545189505189	0.31036402656300438	0.11827826368642806	0.00023283122772904324	0	0	0.002186588921282834	0.013494088111434974	0.0051425332037577411	1.0123096857784488e-05	1
4276	8.280638923341991	0	0	0	0	0	0	0	0	0	0	0	0	0	0	0	0	0	0	0	0	0.00027332361516035425	0.0090298023971492579	0.010882329122125181	0.00064787819889853865	0	0	0.0062864431486881487	0.20768545513443296	0.25029356980887918	0.014901198574666392	0	0	0.0062864431486881487	0.20768545513443296	0.25029356980887918	0.014901198574666392	0	0	0.00027332361516035425	0.0090298023971492579	0.010882329122125181	0.00064787819889853865	1
4149	8.280638923341991	0	0	0	0	0	0	0	0	0	0	0	0	0	0	0	0	0	0	0	0	0	0.0034722222222221093	0.013888888888889114	0.0034722222222221093	0	0	0	0.07986111111110851	0.31944444444444964	0.07986111111110851	0	0	0	0.07986111111110851	0.31944444444444964	0.07986111111110851	0	0	0	0.0034722222222221093	0.013888888888889114	0.0034722222222221093	1
3394	8.280638923341991	0	0	0	0	0	0	0	0	0	0	0	0	0	0	0	0	0	0	0.0034722222222221093	0.013888888888889114	0.0034722222222221093	0	0	0	0.07986111111110851	0.31944444444444964	0.07986111111110851	0	0	0	0.07986111111110851	0.31944444444444964	0.07986111111110851	0	0	0	0.0034722222222221093	0.013888888888889114	0.0034722222222221093	0	0	0	0
3284	8.280638923341991	0	0	0	0	0	0	0	0	0	0	0	0	0	0	0	0	0	0	0.00064787819889853865	0.010882329122125181	0.0090298023971492579	0.00027332361516035425	0	0	0.014901198574666392	0.25029356980887918	0.20768545513443296	0.0062864431486881487	0	0	0.014901198574666392	0.25029356980887918	0.20768545513443296	0.0062864431486881487	0	0	0.00064787819889853865	0.010882329122125181	0.0090298023971492579	0.00027332361516035425	0	0	0
3211	8.280638923341991	0	0	0	0	0	0	0	0	0	0	0	0	0	0	0	0	0	0	1.0123096857784488e-05	0.0051425332037577411	0.013494088111434974	0.002186588921282834	0	0	0.00023283122772904324	0.11827826368642806	0.31036402656300438	0.050291545189505189	0	0	0.00023283122772904324	0.11827826368642806	0.31036402656300438	0.050291545189505189	0	0	1.0123096857784488e-05	0.0051425332037577411	0.013494088111434974	0.002186588921282834	0	0	0
3304	8.280638923341991	0	0	0	0	0	0	0	0	0	0	0	0	0	0	0	0	0	0	0	0.0012653871072239118	0.012431162941366905	0.0070557985098801713	8.0984774862346916e-05	0	0	0.029103903466149973	0.28591674765143887	0.16228336572724394	0.0018626498218339792	0	0	0.029103903466149973	0.28591674765143887	0.16228336572724394	0.0018626498218339792	0	0	0.0012653871072239118	0.012431162941366905	0.0070557985098801713	8.0984774862346916e-05	0	0
3172	8.280638923341991	0	0	0	0	0	0	0	0	0	0	0	0	0	0	0	0	0	0	0	8.0984774862346916e-05	0.0070557985098801713	0.012431162941366905	0.0012653871072239118	0	0	0.0018626498218339792	0.16228336572724394	0.28591674765143887	0.029103903466149973	0	0	0.0018626498218339792	0.16228336572724394	0.28591674765143887	0.029103903466149973	0	0	8.0984774862346916e-05	0.0070557985098801713	0.012431162941366905	0.0012653871072239118	0	0
3042	8.280638923341991	0	0	0	0	0	0	0	0	0	0	0	0	0	0	0	0	0	0	0	0	0.002186588921282834	0.013494088111434974	0.0051425332037577411	1.0123096857784488e-05	0	0	0.050291545189505189	0.31036402656300438	0.11827826368642806	0.00023283122772904324	0	0	0.050291545189505189	0.31036402656300438	0.11827826368642806	0.00023283122772904324	0	0	0.002186588921282834	0.013494088111434974	0.0051425332037577411	1.0123096857784488e-05	0
3081	8.280638923341991	0	0	0	0	0	0	0	0	0	0	0	0	0	0	0	0	0	0	0	0	0.00027332361516035425	0.0090298023971492579	0.010882329122125181	0.00064787819889853865	0	0	0.0062864431486881487	0.20768545513443296	0.25029356980887918	0.014901198574666392	0	0	0.0062864431486881487	0.20768545513443296	0.25029356980887918	0.014901198574666392	0	0	0.00027332361516035425	0.0090298023971492579	0.010882329122125181	0.00064787819889853865	0
2989	8.280638923341991	0	0	0	0	0	0	0	0	0	0	0	0	0	0	0	0	0	0	0	0	0	0.0034722222222221093	0.013888888888889114	0.0034722222222221093	0	0	0	0.07986111111110851	0.31944444444444964	0.07986111111110851	0	0	0	0.07986111111110851	0.31944444444444964	0.07986111111110851	0	0	0	0.0034722222222221093	0.013888888888889114	0.0034722222222221093	0
4958	8.3606389233419911	0	0	0	0	0	0	0	0	0	0	0	0	0	0	0	0	0	0	0.00177777777777772	0.0071111111111112268	0.00177777777777772	0	0	0	0.069111111111108875	0.27644444444444899	0.069111111111108875	0	0	0	0.089777777777774875	0.35911111111111699	0.089777777777774875	0	0	0	0.0059999999999998067	0.024000000000000399	0.0059999999999998067	0	0	0	1
4977	8.3606389233419911	0	0	0	0	0	0	0	0	0	0	0	0	0	0	0	0	0	0	0.0003317136378360518	0.0055717525105280922	0.0046232588273404209	0.00013994169096210137	0	0	0.012895367670876517	0.21660187884677964	0.17972918691285888	0.005440233236151692	0	0	0.016751538710720621	0.2813735017816687	0.23347457078069128	0.0070670553935861212	0	0	0.0011195335276966752	0.01880466472303232	0.015603498542273924	0.00047230320699709235	0	0	1
4714	8.3606389233419911	0	0	0	0	0	0	0	0	0	0	0	0	0	0	0	0	0	0	5.1830255911856581e-06	0.0026329770003239638	0.0069089731130547059	0.001119533527696811	0	0	0.0002014901198573425	0.10235698088759411	0.26858632977000174	0.043521865889213536	0	0	0.00026174279235487575	0.13296533851636019	0.34890314220926272	0.05653644314868897	0	0	1.7492711370251602e-05	0.00888629737609338	0.023317784256559643	0.0037784256559767388	0	0	1
4664	8.3606389233419911	0	0	0	0	0	0	0	0	0	0	0	0	0	0	0	0	0	0	0	0.00064787819889864284	0.0063647554259798553	0.0036125688370586477	4.146420472952162e-05	0	0	0.025186264982184747	0.24742986718496693	0.14043861354065496	0.0016119209588601534	0	0	0.032717849044381471	0.32142014901198274	0.18243472627146173	0.0020939423388408422	0	0	0.0021865889212829203	0.021481049562682021	0.01219241982507294	0.00013994169096213552	0	1
4590	8.3606389233419911	0	0	0	0	0	0	0	0	0	0	0	0	0	0	0	0	0	0	0	4.146420472952162e-05	0.0036125688370586477	0.0063647554259798553	0.00064787819889864284	0	0	0.0016119209588601534	0.14043861354065496	0.24742986718496693	0.025186264982184747	0	0	0.0020939423388408422	0.18243472627146173	0.32142014901198274	0.032717849044381471	0	0	0.00013994169096213552	0.01219241982507294	0.021481049562682021	0.0021865889212829203	0	1
4651	8.3606389233419911	0	0	0	0	0	0	0	0	0	0	0	0	0	0	0	0	0	0	0	0	0.001119533527696811	0.0069089731130547059	0.0026329770003239638	5.1830255911856581e-06	0	0	0.043521865889213536	0.26858632977000174	0.10235698088759411	0.0002014901198573425	0	0	0.05653644314868897	0.34890314220926272	0.13296533851636019	0.00026174279235487575	0	0	0.0037784256559767388	0.023317784256559643	0.00888629737609338	1.7492711370251602e-05	1
4445	8.3606389233419911	0	0	0	0	0	0	0	0	0	0	0	0	0	0	0	0	0	0	0	0	0.00013994169096210137	0.0046232588273404209	0.0055717525105280922	0.0003317136378360518	0	0	0.005440233236151692	0.17972918691285888	0.21660187884677964	0.012895367670876517	0	0	0.0070670553935861212	0.23347457078069128	0.2813735017816687	0.016751538710720621	0	0	0.00047230320699709235	0.015603498542273924	0.01880466472303232	0.0011195335276966752	1
4352	8.3606389233419911	0	0	0	0	0	0	0	0	0	0	0	0	0	0	0	0	0	0	0	0	0	0.00177777777777772	0.0071111111111112268	0.00177777777777772	0	0	0	0.069111111111108875	0.27644444444444899	0.069111111111108875	0	0	0	0.089777777777774875	0.35911111111111699	0.089777777777774875	0	0	0	0.0059999999999998067	0.024000000000000399	0.0059999999999998067	1
3567	8.3606389233419911	0	0	0	0	0	0	0	0	0	0	0	0	0	0	0	0	0	0	0.00177777777777772	0.0071111111111112268	0.00177777777777772	0	0	0	0.069111111111108875	0.27644444444444899	0.069111111111108875	0	0	0	0.089777777777774875	0.35911111111111699	0.089777777777774875	0	0	0	0.0059999999999998067	0.024000000000000399	0.0059999999999998067	0	0	0	0
3646	8.3606389233419911	0	0	0	0	0	0	0	0	0	0	0	0	0	0	0	0	0	0	0.0003317136378360518	0.0055717525105280922	0.0046232588273404209	0.00013994169096210137	0	0	0.012895367670876517	0.21660187884677964	0.17972918691285888	0.005440233236151692	0	0	0.016751538710720621	0.2813735017816687	0.23347457078069128	0.0070670553935861212	0	0	0.0011195335276966752	0.01880466472303232	0.015603498542273924	0.00047230320699709235	0	0	0
3509	8.3606389233419911	0	0	0	0	0	0	0	0	0	0	0	0	0	0	0	0	0	0	5.1830255911856581e-06	0.0026329770003239638	0.0069089731130547059	0.001119533527696811	0	0	0.0002014901198573425	0.10235698088759411	0.26858632977000174	0.043521865889213536	0	0	0.00026174279235487575	0.13296533851636019	0.34890314220926272	0.05653644314868897	0	0	1.7492711370251602e-05	0.00888629737609338	0.023317784256559643	0.0037784256559767388	0	0	0
3492	8.3606389233419911	0	0	0	0	0	0	0	0	0	0	0	0	0	0	0	0	0	0	0	0.00064787819889864284	0.0063647554259798553	0.0036125688370586477	4.146420472952162e-05	0	0	0.025186264982184747	0.24742986718496693	0.14043861354065496	0.0016119209588601534	0	0	0.032717849044381471	0.32142014901198274	0.18243472627146173	0.0020939423388408422	0	0	0.0021865889212829203	0.021481049562682021	0.01219241982507294	0.00013994169096213552	0	0
3319	8.3606389233419911	0	0	0	0	0	0	0	0	0	0	0	0	0	0	0	0	0	0	0	4.146420472952162e-05	0.0036125688370586477	0.0063647554259798553	0.00064787819889864284	0	0	0.0016119209588601534	0.14043861354065496	0.24742986718496693	0.025186264982184747	0	0	0.0020939423388408422	0.18243472627146173	0.32142014901198274	0.032717849044381471	0	0	0.00013994169096213552	0.01219241982507294	0.021481049562682021	0.0021865889212829203	0	0
3401	8.3606389233419911	0	0	0	0	0	0	0	0	0	0	0	0	0	0	0	0	0	0	0	0	0.001119533527696811	0.0069089731130547059	0.0026329770003239638	5.1830255911856581e-06	0	0	0.043521865889213536	0.26858632977000174	0.10235698088759411	0.0002014901198573425	0	0	0.05653644314868897	0.34890314220926272	0.13296533851636019	0.00026174279235487575	0	0	0.0037784256559767388	0.023317784256559643	0.00888629737609338	1.7492711370251602e-05	0
3243	8.3606389233419911	0	0	0	0	0	0	0	0	0	0	0	0	0	0	0	0	0	0	0	0	0.00013994169096210137	0.0046232588273404209	0.0055717525105280922	0.0003317136378360518	0	0	0.005440233236151692	0.17972918691285888	0.21660187884677964	0.012895367670876517	0	0	0.0070670553935861212	0.23347457078069128	0.2813735017816687	0.016751538710720621	0	0	0.00047230320699709235	0.015603498542273924	0.01880466472303232	0.0011195335276966752	0
3250	8.3606389233419911	0	0	0	0	0	0	0	0	0	0	0	0	0	0	0	0	0	0	0	0	0	0.00177777777777772	0.0071111111111112268	0.00177777777777772	0	0	0	0.069111111111108875	0.27644444444444899	0.069111111111108875	0	0	0	0.089777777777774875	0.35911111111111699	0.089777777777774875	0	0	0	0.0059999999999998067	0.024000000000000399	0.0059999999999998067	0
5347	8.4406389233419912	0	0	0	0	0	0	0	0	0	0	0	0	0	0	0	0	0	0	0.00074999999999997584	0.0030000000000000499	0.00074999999999997584	0	0	0	0.058027777777775909	0.23211111111111496	0.058027777777775909	0	0	0	0.098361111111107916	0.39344444444445087	0.098361111111107916	0	0	0	0.0095277777777774686	0.038111111111111734	0.0095277777777774686	0	0	0	1
5136	8.4406389233419912	0	0	0	0	0	0	0	0	0	0	0	0	0	0	0	0	0	0	0.0001399416909620844	0.00235058309037904	0.0019504373177842405	5.9037900874636544e-05	0	0	0.010827340459992382	0.1818654842889561	0.15090605766115847	0.004567784256559842	0	0	0.018353093618397806	0.30827461937156214	0.25579624230644421	0.007742711370262517	0	0	0.0017777777777775903	0.029861111111111498	0.024777777777777569	0.00075000000000001216	0	0	1
5096	8.4406389233419912	0	0	0	0	0	0	0	0	0	0	0	0	0	0	0	0	0	0	2.1865889212814503e-06	0.0011107871720116725	0.0029147230320699553	0.00047230320699709235	0	0	0.00016917719468729443	0.085942014901199404	0.22551320051830137	0.036542274052478736	0	0	0.00028676708778731903	0.14567768059604932	0.38226052802072996	0.061941690962100136	0	0	2.7777777777760639e-05	0.014111111111111244	0.037027777777777569	0.0060000000000000973	0	0	1
5085	8.4406389233419912	0	0	0	0	0	0	0	0	0	0	0	0	0	0	0	0	0	0	0	0.00027332361516036504	0.0026851311953352526	0.0015240524781341175	1.7492711370266941e-05	0	0	0.02114714933592602	0.20774959507612381	0.11791650469711747	0.0013534175574995422	0	0	0.035845885973438976	0.35214998380304174	0.19987666018788552	0.0022941367023005636	0	0	0.0034722222222224142	0.034111111111110794	0.01936111111111119	0.00022222222222227997	0	1
5019	8.4406389233419912	0	0	0	0	0	0	0	0	0	0	0	0	0	0	0	0	0	0	0	1.7492711370266941e-05	0.0015240524781341175	0.0026851311953352526	0.00027332361516036504	0	0	0.0013534175574995422	0.11791650469711747	0.20774959507612381	0.02114714933592602	0	0	0.0022941367023005636	0.19987666018788552	0.35214998380304174	0.035845885973438976	0	0	0.00022222222222227997	0.01936111111111119	0.034111111111110794	0.0034722222222224142	0	1
4848	8.4406389233419912	0	0	0	0	0	0	0	0	0	0	0	0	0	0	0	0	0	0	0	0	0.00047230320699709235	0.0029147230320699553	0.0011107871720116725	2.1865889212814503e-06	0	0	0.036542274052478736	0.22551320051830137	0.085942014901199404	0.00016917719468729443	0	0	0.061941690962100136	0.38226052802072996	0.14567768059604932	0.00028676708778731903	0	0	0.0060000000000000973	0.037027777777777569	0.014111111111111244	2.7777777777760639e-05	1
4866	8.4406389233419912	0	0	0	0	0	0	0	0	0	0	0	0	0	0	0	0	0	0	0	0	5.9037900874636544e-05	0.0019504373177842405	0.00235058309037904	0.0001399416909620844	0	0	0.004567784256559842	0.15090605766115847	0.1818654842889561	0.010827340459992382	0	0	0.007742711370262517	0.25579624230644421	0.30827461937156214	0.018353093618397806	0	0	0.00075000000000001216	0.024777777777777569	0.029861111111111498	0.0017777777777775903	1
4713	8.4406389233419912	0	0	0	0	0	0	0	0	0	0	0	0	0	0	0	0	0	0	0	0	0	0.00074999999999997584	0.0030000000000000499	0.00074999999999997584	0	0	0	0.058027777777775909	0.23211111111111496	0.058027777777775909	0	0	0	0.098361111111107916	0.39344444444445087	0.098361111111107916	0	0	0	0.0095277777777774686	0.038111111111111734	0.0095277777777774686	1
3920	8.4406389233419912	0	0	0	0	0	0	0	0	0	0	0	0	0	0	0	0	0	0	0.00074999999999997584	0.0030000000000000499	0.00074999999999997584	0	0	0	0.058027777777775909	0.23211111111111496	0.058027777777775909	0	0	0	0.098361111111107916	0.39344444444445087	0.098361111111107916	0	0	0	0.0095277777777774686	0.038111111111111734	0.0095277777777774686	0	0	0	0
3842	8.4406389233419912	0	0	0	0	0	0	0	0	0	0	0	0	0	0	0	0	0	0	0.0001399416909620844	0.00235058309037904	0.0019504373177842405	5.9037900874636544e-05	0	0	0.010827340459992382	0.1818654842889561	0.15090605766115847	0.004567784256559842	0	0	0.018353093618397806	0.30827461937156214	0.25579624230644421	0.007742711370262517	0	0	0.0017777777777775903	0.029861111111111498	0.024777777777777569	0.00075000000000001216	0	0	0
3822	8.4406389233419912	0	0	0	0	0	0	0	0	0	0	0	0	0	0	0	0	0	0	2.1865889212814503e-06	0.0011107871720116725	0.0029147230320699553	0.00047230320699709235	0	0	0.00016917719468729443	0.085942014901199404	0.22551320051830137	0.036542274052478736	0	0	0.00028676708778731903	0.14567768059604932	0.38226052802072996	0.061941690962100136	0	0	2.7777777777760639e-05	0.014111111111111244	0.037027777777777569	0.0060000000000000973	0	0	0
3796	8.4406389233419912	0	0	0	0	0	0	0	0	0	0	0	0	0	0	0	0	0	0	0	0.00027332361516036504	0.0026851311953352526	0.0015240524781341175	1.7492711370266941e-05	0	0	0.02114714933592602	0.20774959507612381	0.11791650469711747	0.0013534175574995422	0	0	0.035845885973438976	0.35214998380304174	0.19987666018788552	0.0022941367023005636	0	0	0.0034722222222224142	0.034111111111110794	0.01936111111111119	0.00022222222222227997	0	0
3693	8.4406389233419912	0	0	0	0	0	0	0	0	0	0	0	0	0	0	0	0	0	0	0	1.7492711370266941e-05	0.0015240524781341175	0.0026851311953352526	0.00027332361516036504	0	0	0.0013534175574995422	0.11791650469711747	0.20774959507612381	0.02114714933592602	0	0	0.0022941367023005636	0.19987666018788552	0.35214998380304174	0.035845885973438976	0	0	0.00022222222222227997	0.01936111111111119	0.034111111111110794	0.0034722222222224142	0	0
3694	8.4406389233419912	0	0	0	0	0	0	0	0	0	0	0	0	0	0	0	0	0	0	0	0	0.00047230320699709235	0.0029147230320699553	0.0011107871720116725	2.1865889212814503e-06	0	0	0.036542274052478736	0.22551320051830137	0.085942014901199404	0.00016917719468729443	0	0	0.061941690962100136	0.38226052802072996	0.14567768059604932	0.00028676708778731903	0	0	0.0060000000000000973	0.037027777777777569	0.014111111111111244	2.7777777777760639e-05	0
3575	8.4406389233419912	0	0	0	0	0	0	0	0	0	0	0	0	0	0	0	0	0	0	0	0	5.9037900874636544e-05	0.0019504373177842405	0.00235058309037904	0.0001399416909620844	0	0	0.004567784256559842	0.15090605766115847	0.1818654842889561	0.010827340459992382	0	0	0.007742711370262517	0.25579624230644421	0.30827461937156214	0.018353093618397806	0	0	0.00075000000000001216	0.024777777777777569	0.029861111111111498	0.0017777777777775903	0
3492	8.4406389233419912	0	0	0	0	0	0	0	0	0	0	0	0	0	0	0	0	0	0	0	0	0	0.00074999999999997584	0.0030000000000000499	0.00074999999999997584	0	0	0	0.058027777777775909	0.23211111111111496	0.058027777777775909	0	0	0	0.098361111111107916	0.39344444444445087	0.098361111111107916	0	0	0	0.0095277777777774686	0.038111111111111734	0.0095277777777774686	0
5697	8.5206389233419912	0	0	0	0	0	0	0	0	0	0	0	0	0	0	0	0	0	0	0.000222222222222215	0.00088888888888890335	0.000222222222222215	0	0	0	0.047111111111109577	0.18844444444444752	0.047111111111109577	0	0	0	0.10511111111110769	0.42044444444445123	0.10511111111110769	0	0	0	0.01422222222222176	0.056888888888889814	0.01422222222222176	0	0	0	1
5612	8.5206389233419912	0	0	0	0	0	0	0	0	0	0	0	0	0	0	0	0	0	0	4.1464204729506475e-05	0.00069646906381601152	0.00057790735341755261	1.7492711370262671e-05	0	0	0.008790411402655374	0.14765144152899445	0.12251635892452115	0.003708454810495687	0	0	0.019612568837056563	0.32942986718497347	0.27335017816650237	0.0082740524781342445	0	0	0.0026537091026884144	0.044574020084224737	0.036986070618723367	0.001119533527696811	0	0	1
5640	8.5206389233419912	0	0	0	0	0	0	0	0	0	0	0	0	0	0	0	0	0	0	6.4787819889820727e-07	0.00032912212504049548	0.00086362163913183824	0.00013994169096210137	0	0	0.00013735017816641994	0.06977389050858504	0.18308778749594973	0.029667638483965496	0	0	0.00030644638807885197	0.15567476514415435	0.40849303530935949	0.066192419825073956	0	0	4.1464204729485265e-05	0.021063816002591711	0.055271784904437647	0.0089562682215744878	0	0	1
5673	8.5206389233419912	0	0	0	0	0	0	0	0	0	0	0	0	0	0	0	0	0	0	0	8.0984774862330355e-05	0.00079559442824748191	0.00045157110463233096	5.1830255911902025e-06	0	0	0.017168772270814037	0.16866601878846618	0.095733074182054165	0.0010988014253323231	0	0	0.038305798509882256	0.37631616456105893	0.21359313249109252	0.0024515711046329655	0	0	0.0051830255911891427	0.050918043407838842	0.028900550696469181	0.00033171363783617296	0	1
5367	8.5206389233419912	0	0	0	0	0	0	0	0	0	0	0	0	0	0	0	0	0	0	0	5.1830255911902025e-06	0.00045157110463233096	0.00079559442824748191	8.0984774862330355e-05	0	0	0.0010988014253323231	0.095733074182054165	0.16866601878846618	0.017168772270814037	0	0	0.0024515711046329655	0.21359313249109252	0.37631616456105893	0.038305798509882256	0	0	0.00033171363783617296	0.028900550696469181	0.050918043407838842	0.0051830255911891427	0	1
5281	8.5206389233419912	0	0	0	0	0	0	0	0	0	0	0	0	0	0	0	0	0	0	0	0	0.00013994169096210137	0.00086362163913183824	0.00032912212504049548	6.4787819889820727e-07	0	0	0.029667638483965496	0.18308778749594973	0.06977389050858504	0.00013735017816641994	0	0	0.066192419825073956	0.40849303530935949	0.15567476514415435	0.00030644638807885197	0	0	0.0089562682215744878	0.055271784904437647	0.021063816002591711	4.1464204729485265e-05	1
5231	8.5206389233419912	0	0	0	0	0	0	0	0	0	0	0	0	0	0	0	0	0	0	0	0	1.7492711370262671e-05	0.00057790735341755261	0.00069646906381601152	4.1464204729506475e-05	0	0	0.003708454810495687	0.12251635892452115	0.14765144152899445	0.008790411402655374	0	0	0.0082740524781342445	0.27335017816650237	0.32942986718497347	0.019612568837056563	0	0	0.001119533527696811	0.036986070618723367	0.044574020084224737	0.0026537091026884144	1
5194	8.5206389233419912	0	0	0	0	0	0	0	0	0	0	0	0	0	0	0	0	0	0	0	0	0	0.000222222222222215	0.00088888888888890335	0.000222222222222215	0	0	0	0.047111111111109577	0.18844444444444752	0.047111111111109577	0	0	0	0.10511111111110769	0.42044444444445123	0.10511111111110769	0	0	0	0.01422222222222176	0.056888888888889814	0.01422222222222176	1
4245	8.5206389233419912	0	0	0	0	0	0	0	0	0	0	0	0	0	0	0	0	0	0	0.000222222222222215	0.00088888888888890335	0.000222222222222215	0	0	0	0.047111111111109577	0.18844444444444752	0.047111111111109577	0	0	0	0.10511111111110769	0.42044444444445123	0.10511111111110769	0	0	0	0.01422222222222176	0.056888888888889814	0.01422222222222176	0	0	0	0
4088	8.5206389233419912	0	0	0	0	0	0	0	0	0	0	0	0	0	0	0	0	0	0	4.1464204729506475e-05	0.00069646906381601152	0.00057790735341755261	1.7492711370262671e-05	0	0	0.008790411402655374	0.14765144152899445	0.12251635892452115	0.003708454810495687	0	0	0.019612568837056563	0.32942986718497347	0.27335017816650237	0.0082740524781342445	0	0	0.0026537091026884144	0.044574020084224737	0.036986070618723367	0.001119533527696811	0	0	0
4178	8.5206389233419912	0	0	0	0	0	0	0	0	0	0	0	0	0	0	0	0	0	0	6.4787819889820727e-07	0.00032912212504049548	0.00086362163913183824	0.00013994169096210137	0	0	0.00013735017816641994	0.06977389050858504	0.18308778749594973	0.029667638483965496	0	0	0.00030644638807885197	0.15567476514415435	0.40849303530935949	0.066192419825073956	0	0	4.1464204729485265e-05	0.021063816002591711	0.055271784904437647	0.0089562682215744878	0	0	0
4107	8.5206389233419912	0	0	0	0	0	0	0	0	0	0	0	0	0	0	0	0	0	0	0	8.0984774862330355e-05	0.00079559442824748191	0.00045157110463233096	5.1830255911902025e-06	0	0	0.017168772270814037	0.16866601878846618	0.095733074182054165	0.0010988014253323231	0	0	0.038305798509882256	0.37631616456105893	0.21359313249109252	0.0024515711046329655	0	0	0.0051830255911891427	0.050918043407838842	0.028900550696469181	0.00033171363783617296	0	0
3996	8.5206389233419912	0	0	0	0	0	0	0	0	0	0	0	0	0	0	0	0	0	0	0	5.1830255911902025e-06	0.00045157110463233096	0.00079559442824748191	8.0984774862330355e-05	0	0	0.0010988014253323231	0.095733074182054165	0.16866601878846618	0.017168772270814037	0	0	0.0024515711046329655	0.21359313249109252	0.37631616456105893	0.038305798509882256	0	0	0.00033171363783617296	0.028900550696469181	0.050918043407838842	0.0051830255911891427	0	0
3866	8.5206389233419912	0	0	0	0	0	0	0	0	0	0	0	0	0	0	0	0	0	0	0	0	0.00013994169096210137	0.00086362163913183824	0.00032912212504049548	6.4787819889820727e-07	0	0	0.029667638483965496	0.18308778749594973	0.06977389050858504	0.00013735017816641994	0	0	0.066192419825073956	0.40849303530935949	0.15567476514415435	0.00030644638807885197	0	0	0.0089562682215744878	0.055271784904437647	0.021063816002591711	4.1464204729485265e-05	0
3898	8.5206389233419912	0	0	0	0	0	0	0	0	0	0	0	0	0	0	0	0	0	0	0	0	1.7492711370262671e-05	0.00057790735341755261	0.00069646906381601152	4.1464204729506475e-05	0	0	0.003708454810495687	0.12251635892452115	0.14765144152899445	0.008790411402655374	0	0	0.0082740524781342445	0.27335017816650237	0.32942986718497347	0.019612568837056563	0	0	0.001119533527696811	0.036986070618723367	0.044574020084224737	0.0026537091026884144	0
3801	8.5206389233419912	0	0	0	0	0	0	0	0	0	0	0	0	0	0	0	0	0	0	0	0	0	0.000222222222222215	0.00088888888888890335	0.000222222222222215	0	0	0	0.047111111111109577	0.18844444444444752	0.047111111111109577	0	0	0	0.10511111111110769	0.42044444444445123	0.10511111111110769	0	0	0	0.01422222222222176	0.056888888888889814	0.01422222222222176	0
6147	8.6006389233419913	0	0	0	0	0	0	0	0	0	0	0	0	0	0	0	0	0	0	2.7777777777776874e-05	0.00011111111111111292	2.7777777777776874e-05	0	0	0	0.036861111111109908	0.14744444444444682	0.036861111111109908	0	0	0	0.10952777777777421	0.43811111111111822	0.10952777777777421	0	0	0	0.020249999999999341	0.081000000000001321	0.020249999999999341	0	0	0	1
6261	8.6006389233419913	0	0	0	0	0	0	0	0	0	0	0	0	0	0	0	0	0	0	5.1830255911883093e-06	8.705863297700144e-05	7.2238419177194076e-05	2.1865889212828339e-06	0	0	0.0068778749595068862	0.11552680596048091	0.095860382248136533	0.0029016034985423207	0	0	0.020436669906055506	0.3432721898283167	0.28483608681567624	0.0086217201166182145	0	0	0.0037784256559762778	0.063465743440234049	0.052661807580174476	0.001594023323615186	0	0	1
6201	8.6006389233419913	0	0	0	0	0	0	0	0	0	0	0	0	0	0	0	0	0	0	8.0984774862275908e-08	4.1140265630061935e-05	0.00010795270489147978	1.7492711370262671e-05	0	0	0.00010746679624224011	0.054593132491092183	0.14325323939099366	0.023212827988338566	0	0	0.00031932296728195389	0.16221606737933419	0.42565751538710483	0.068973760932945716	0	0	5.9037900874599132e-05	0.029991253644315149	0.07869752186588877	0.012752186588921488	0	0	1
5993	8.6006389233419913	0	0	0	0	0	0	0	0	0	0	0	0	0	0	0	0	0	0	0	1.0123096857791294e-05	9.9449303530935239e-05	5.644638807904137e-05	6.4787819889877531e-07	0	0	0.013433349530289046	0.13196922578555106	0.07490435698088789	0.00085973436993867487	0	0	0.039915370910271072	0.39212860382247766	0.22256810819566014	0.0025545837382578715	0	0	0.0073797376093298539	0.072498542274051794	0.041149416909621157	0.00047230320699720722	0	1
5892	8.6006389233419913	0	0	0	0	0	0	0	0	0	0	0	0	0	0	0	0	0	0	0	6.4787819889877531e-07	5.644638807904137e-05	9.9449303530935239e-05	1.0123096857791294e-05	0	0	0.00085973436993867487	0.07490435698088789	0.13196922578555106	0.013433349530289046	0	0	0.0025545837382578715	0.22256810819566014	0.39212860382247766	0.039915370910271072	0	0	0.00047230320699720722	0.041149416909621157	0.072498542274051794	0.0073797376093298539	0	1
5746	8.6006389233419913	0	0	0	0	0	0	0	0	0	0	0	0	0	0	0	0	0	0	0	0	1.7492711370262671e-05	0.00010795270489147978	4.1140265630061935e-05	8.0984774862275908e-08	0	0	0.023212827988338566	0.14325323939099366	0.054593132491092183	0.00010746679624224011	0	0	0.068973760932945716	0.42565751538710483	0.16221606737933419	0.00031932296728195389	0	0	0.012752186588921488	0.07869752186588877	0.029991253644315149	5.9037900874599132e-05	1
5743	8.6006389233419913	0	0	0	0	0	0	0	0	0	0	0	0	0	0	0	0	0	0	0	0	2.1865889212828339e-06	7.2238419177194076e-05	8.705863297700144e-05	5.1830255911883093e-06	0	0	0.0029016034985423207	0.095860382248136533	0.11552680596048091	0.0068778749595068862	0	0	0.0086217201166182145	0.28483608681567624	0.3432721898283167	0.020436669906055506	0	0	0.001594023323615186	0.052661807580174476	0.063465743440234049	0.0037784256559762778	1
5497	8.6006389233419913	0	0	0	0	0	0	0	0	0	0	0	0	0	0	0	0	0	0	0	0	0	2.7777777777776874e-05	0.00011111111111111292	2.7777777777776874e-05	0	0	0	0.036861111111109908	0.14744444444444682	0.036861111111109908	0	0	0	0.10952777777777421	0.43811111111111822	0.10952777777777421	0	0	0	0.020249999999999341	0.081000000000001321	0.020249999999999341	1
4647	8.6006389233419913	0	0	0	0	0	0	0	0	0	0	0	0	0	0	0	0	0	0	2.7777777777776874e-05	0.00011111111111111292	2.7777777777776874e-05	0	0	0	0.036861111111109908	0.14744444444444682	0.036861111111109908	0	0	0	0.10952777777777421	0.43811111111111822	0.10952777777777421	0	0	0	0.020249999999999341	0.081000000000001321	0.020249999999999341	0	0	0	0
4594	8.6006389233419913	0	0	0	0	0	0	0	0	0	0	0	0	0	0	0	0	0	0	5.1830255911883093e-06	8.705863297700144e-05	7.2238419177194076e-05	2.1865889212828339e-06	0	0	0.0068778749595068862	0.11552680596048091	0.095860382248136533	0.0029016034985423207	0	0	0.020436669906055506	0.3432721898283167	0.28483608681567624	0.0086217201166182145	0	0	0.0037784256559762778	0.063465743440234049	0.052661807580174476	0.001594023323615186	0	0	0
4482	8.6006389233419913	0	0	0	0	0	0	0	0	0	0	0	0	0	0	0	0	0	0	8.0984774862275908e-08	4.1140265630061935e-05	0.00010795270489147978	1.7492711370262671e-05	0	0	0.00010746679624224011	0.054593132491092183	0.14325323939099366	0.023212827988338566	0	0	0.00031932296728195389	0.16221606737933419	0.42565751538710483	0.068973760932945716	0	0	5.9037900874599132e-05	0.029991253644315149	0.07869752186588877	0.012752186588921488	0	0	0
4485	8.6006389233419913	0	0	0	0	0	0	0	0	0	0	0	0	0	0	0	0	0	0	0	1.0123096857791294e-05	9.9449303530935239e-05	5.644638807904137e-05	6.4787819889877531e-07	0	0	0.013433349530289046	0.13196922578555106	0.07490435698088789	0.00085973436993867487	0	0	0.039915370910271072	0.39212860382247766	0.22256810819566014	0.0025545837382578715	0	0	0.0073797376093298539	0.072498542274051794	0.041149416909621157	0.00047230320699720722	0	0
4317	8.6006389233419913	0	0	0	0	0	0	0	0	0	0	0	0	0	0	0	0	0	0	0	6.4787819889877531e-07	5.644638807904137e-05	9.9449303530935239e-05	1.0123096857791294e-05	0	0	0.00085973436993867487	0.07490435698088789	0.13196922578555106	0.013433349530289046	0	0	0.0025545837382578715	0.22256810819566014	0.39212860382247766	0.039915370910271072	0	0	0.00047230320699720722	0.041149416909621157	0.072498542274051794	0.0073797376093298539	0	0
4244	8.6006389233419913	0	0	0	0	0	0	0	0	0	0	0	0	0	0	0	0	0	0	0	0	1.7492711370262671e-05	0.00010795270489147978	4.1140265630061935e-05	8.0984774862275908e-08	0	0	0.023212827988338566	0.14325323939099366	0.054593132491092183	0.00010746679624224011	0	0	0.068973760932945716	0.42565751538710483	0.16221606737933419	0.00031932296728195389	0	0	0.012752186588921488	0.07869752186588877	0.029991253644315149	5.9037900874599132e-05	0
4165	8.6006389233419913	0	0	0	0	0	0	0	0	0	0	0	0	0	0	0	0	0	0	0	0	2.1865889212828339e-06	7.2238419177194076e-05	8.705863297700144e-05	5.1830255911883093e-06	0	0	0.0029016034985423207	0.095860382248136533	0.11552680596048091	0.0068778749595068862	0	0	0.0086217201166182145	0.28483608681567624	0.3432721898283167	0.020436669906055506	0	0	0.001594023323615186	0.052661807580174476	0.063465743440234049	0.0037784256559762778	0
4141	8.6006389233419913	0	0	0	0	0	0	0	0	0	0	0	0	0	0	0	0	0	0	0	0	0	2.7777777777776874e-05	0.00011111111111111292	2.7777777777776874e-05	0	0	0	0.036861111111109908	0.14744444444444682	0.036861111111109908	0	0	0	0.10952777777777421	0.43811111111111822	0.10952777777777421	0	0	0	0.020249999999999341	0.081000000000001321	0.020249999999999341	0
6682	8.6806389233419914	0	0	0	0	0	0	0	0	0	0	0	0	0	0	0	0	0	0	0	0	0	0	0	0	0.027777777777776874	0.11111111111111291	0.027777777777776874	0	0	0	0.1111111111111075	0.44444444444445164	0.1111111111111075	0	0	0	0.027777777777776874	0.11111111111111291	0.027777777777776874	0	0	0	1
6707	8.6806389233419914	0	0	0	0	0	0	0	0	0	0	0	0	0	0	0	0	0	0	0	0	0	0	0	0	0.0051830255911883092	0.087058632977001449	0.072238419177194063	0.002186588921282834	0	0	0.020732102364753237	0.3482345319080058	0.28895367670877625	0.0087463556851313361	0	0	0.0051830255911883092	0.087058632977001449	0.072238419177194063	0.002186588921282834	0	0	1
6390	8.6806389233419914	0	0	0	0	0	0	0	0	0	0	0	0	0	0	0	0	0	0	0	0	0	0	0	0	8.0984774862275901e-05	0.041140265630061928	0.10795270489147979	0.017492711370262672	0	0	0.0003239390994491036	0.16456106252024771	0.43181081956591916	0.069970845481050689	0	0	8.0984774862275901e-05	0.041140265630061928	0.10795270489147979	0.017492711370262672	0	0	1
6546	8.6806389233419914	0	0	0	0	0	0	0	0	0	0	0	0	0	0	0	0	0	0	0	0	0	0	0	0	0	0.010123096857791294	0.099449303530935243	0.056446388079041371	0.00064787819889877533	0	0	0.040492387431165178	0.39779721412374097	0.22578555231616548	0.0025915127955951013	0	0	0.010123096857791294	0.099449303530935243	0.056446388079041371	0.00064787819889877533	0	1
6384	8.6806389233419914	0	0	0	0	0	0	0	0	0	0	0	0	0	0	0	0	0	0	0	0	0	0	0	0	0	0.00064787819889877533	0.056446388079041371	0.099449303530935243	0.010123096857791294	0	0	0.0025915127955951013	0.22578555231616548	0.39779721412374097	0.040492387431165178	0	0	0.00064787819889877533	0.056446388079041371	0.099449303530935243	0.010123096857791294	0	1
6295	8.6806389233419914	0	0	0	0	0	0	0	0	0	0	0	0	0	0	0	0	0	0	0	0	0	0	0	0	0	0	0.017492711370262672	0.10795270489147979	0.041140265630061928	8.0984774862275901e-05	0	0	0.069970845481050689	0.43181081956591916	0.16456106252024771	0.0003239390994491036	0	0	0.017492711370262672	0.10795270489147979	0.041140265630061928	8.0984774862275901e-05	1
6119	8.6806389233419914	0	0	0	0	0	0	0	0	0	0	0	0	0	0	0	0	0	0	0	0	0	0	0	0	0	0	0.002186588921282834	0.072238419177194063	0.087058632977001449	0.0051830255911883092	0	0	0.0087463556851313361	0.28895367670877625	0.3482345319080058	0.020732102364753237	0	0	0.002186588921282834	0.072238419177194063	0.087058632977001449	0.0051830255911883092	1
5981	8.6806389233419914	0	0	0	0	0	0	0	0	0	0	0	0	0	0	0	0	0	0	0	0	0	0	0	0	0	0	0	0.027777777777776874	0.11111111111111291	0.027777777777776874	0	0	0	0.1111111111111075	0.44444444444445164	0.1111111111111075	0	0	0	0.027777777777776874	0.11111111111111291	0.027777777777776874	1
4827	8.6806389233419914	0	0	0	0	0	0	0	0	0	0	0	0	0	0	0	0	0	0	0	0	0	0	0	0	0.027777777777776874	0.11111111111111291	0.027777777777776874	0	0	0	0.1111111111111075	0.44444444444445164	0.1111111111111075	0	0	0	0.027777777777776874	0.11111111111111291	0.027777777777776874	0	0	0	0
4934	8.6806389233419914	0	0	0	0	0	0	0	0	0	0	0	0	0	0	0	0	0	0	0	0	0	0	0	0	0.0051830255911883092	0.087058632977001449	0.072238419177194063	0.002186588921282834	0	0	0.020732102364753237	0.3482345319080058	0.28895367670877625	0.0087463556851313361	0	0	0.0051830255911883092	0.087058632977001449	0.072238419177194063	0.002186588921282834	0	0	0
4947	8.6806389233419914	0	0	0	0	0	0	0	0	0	0	0	0	0	0	0	0	0	0	0	0	0	0	0	0	8.0984774862275901e-05	0.041140265630061928	0.10795270489147979	0.017492711370262672	0	0	0.0003239390994491036	0.16456106252024771	0.43181081956591916	0.069970845481050689	0	0	8.0984774862275901e-05	0.041140265630061928	0.10795270489147979	0.017492711370262672	0	0	0
4621	8.6806389233419914	0	0	0	0	0	0	0	0	0	0	0	0	0	0	0	0	0	0	0	0	0	0	0	0	0	0.010123096857791294	0.099449303530935243	0.056446388079041371	0.00064787819889877533	0	0	0.040492387431165178	0.39779721412374097	0.22578555231616548	0.0025915127955951013	0	0	0.010123096857791294	0.099449303530935243	0.056446388079041371	0.00064787819889877533	0	0
4687	8.6806389233419914	0	0	0	0	0	0	0	0	0	0	0	0	0	0	0	0	0	0	0	0	0	0	0	0	0	0.00064787819889877533	0.056446388079041371	0.099449303530935243	0.010123096857791294	0	0	0.0025915127955951013	0.22578555231616548	0.39779721412374097	0.040492387431165178	0	0	0.00064787819889877533	0.056446388079041371	0.099449303530935243	0.010123096857791294	0	0
4726	8.6806389233419914	0	0	0	0	0	0	0	0	0	0	0	0	0	0	0	0	0	0	0	0	0	0	0	0	0	0	0.017492711370262672	0.10795270489147979	0.041140265630061928	8.0984774862275901e-05	0	0	0.069970845481050689	0.43181081956591916	0.16456106252024771	0.0003239390994491036	0	0	0.017492711370262672	0.10795270489147979	0.041140265630061928	8.0984774862275901e-05	0
4614	8.6806389233419914	0	0	0	0	0	0	0	0	0	0	0	0	0	0	0	0	0	0	0	0	0	0	0	0	0	0	0.002186588921282834	0.072238419177194063	0.087058632977001449	0.0051830255911883092	0	0	0.0087463556851313361	0.28895367670877625	0.3482345319080058	0.020732102364753237	0	0	0.002186588921282834	0.072238419177194063	0.087058632977001449	0.0051830255911883092	0
4348	8.6806389233419914	0	0	0	0	0	0	0	0	0	0	0	0	0	0	0	0	0	0	0	0	0	0	0	0	0	0	0	0.027777777777776874	0.11111111111111291	0.027777777777776874	0	0	0	0.1111111111111075	0.44444444444445164	0.1111111111111075	0	0	0	0.027777777777776874	0.11111111111111291	0.027777777777776874	0
